ISO-10303-21;
HEADER;
/* Generated by software containing ST-Developer
 * from STEP Tools, Inc. (www.steptools.com) 
 */

FILE_DESCRIPTION(
/* description */ (''),
/* implementation_level */ '2;1');

FILE_NAME(
/* name */ 'Day 14 - Flathead Screwdriver.step',
/* time_stamp */ '2026-03-25T15:53:39-04:00',
/* author */ (''),
/* organization */ (''),
/* preprocessor_version */ 'ST-DEVELOPER v20.1',
/* originating_system */ 'Autodesk Translation Framework v14.24.0.0',
/* authorisation */ '');

FILE_SCHEMA (('AUTOMOTIVE_DESIGN { 1 0 10303 214 3 1 1 }'));
ENDSEC;

DATA;
#10=MECHANICAL_DESIGN_GEOMETRIC_PRESENTATION_REPRESENTATION('',(#32,#33,
#34,#35),#4239);
#11=CONTEXT_DEPENDENT_OVER_RIDING_STYLED_ITEM('',(#4280),#4256,#35,(#17));
#12=MAPPED_ITEM('',#13,#1607);
#13=REPRESENTATION_MAP(#1607,#4255);
#14=ITEM_DEFINED_TRANSFORMATION($,$,#1423,#1604);
#15=ITEM_DEFINED_TRANSFORMATION($,$,#1588,#1605);
#16=ITEM_DEFINED_TRANSFORMATION($,$,#1594,#1606);
#17=(
REPRESENTATION_RELATIONSHIP($,$,#4256,#4255)
REPRESENTATION_RELATIONSHIP_WITH_TRANSFORMATION(#14)
SHAPE_REPRESENTATION_RELATIONSHIP()
);
#18=(
REPRESENTATION_RELATIONSHIP($,$,#4257,#4255)
REPRESENTATION_RELATIONSHIP_WITH_TRANSFORMATION(#15)
SHAPE_REPRESENTATION_RELATIONSHIP()
);
#19=(
REPRESENTATION_RELATIONSHIP($,$,#4258,#4255)
REPRESENTATION_RELATIONSHIP_WITH_TRANSFORMATION(#16)
SHAPE_REPRESENTATION_RELATIONSHIP()
);
#20=CONTEXT_DEPENDENT_SHAPE_REPRESENTATION(#17,#4252);
#21=CONTEXT_DEPENDENT_SHAPE_REPRESENTATION(#18,#4253);
#22=CONTEXT_DEPENDENT_SHAPE_REPRESENTATION(#19,#4254);
#23=NEXT_ASSEMBLY_USAGE_OCCURRENCE('Handle:1','Handle:1','Handle:1',#4260,
#4261,'Handle:1');
#24=NEXT_ASSEMBLY_USAGE_OCCURRENCE('Shank:1','Shank:1','Shank:1',#4260,
#4262,'Shank:1');
#25=NEXT_ASSEMBLY_USAGE_OCCURRENCE('Tip:1','Tip:1','Tip:1',#4260,#4263,
'Tip:1');
#26=SHAPE_REPRESENTATION_RELATIONSHIP('SRR','None',#4256,#29);
#27=SHAPE_REPRESENTATION_RELATIONSHIP('SRR','None',#4257,#30);
#28=SHAPE_REPRESENTATION_RELATIONSHIP('SRR','None',#4258,#31);
#29=ADVANCED_BREP_SHAPE_REPRESENTATION('',(#36),#4236);
#30=ADVANCED_BREP_SHAPE_REPRESENTATION('',(#37),#4237);
#31=ADVANCED_BREP_SHAPE_REPRESENTATION('',(#38),#4238);
#32=STYLED_ITEM('',(#4280),#36);
#33=STYLED_ITEM('',(#4281),#37);
#34=STYLED_ITEM('',(#4281),#38);
#35=STYLED_ITEM('',(#4282),#12);
#36=MANIFOLD_SOLID_BREP('Body1',#1385);
#37=MANIFOLD_SOLID_BREP('Body1',#1386);
#38=MANIFOLD_SOLID_BREP('Body1',#1387);
#39=FACE_BOUND('',#355,.T.);
#40=(
BOUNDED_CURVE()
B_SPLINE_CURVE(2,(#4094,#4095,#4096),.UNSPECIFIED.,.F.,.F.)
B_SPLINE_CURVE_WITH_KNOTS((3,3),(-1.5707963267949,-0.890043535370828),
 .UNSPECIFIED.)
CURVE()
GEOMETRIC_REPRESENTATION_ITEM()
RATIONAL_B_SPLINE_CURVE((1.,0.873065735579306,0.856153188624763))
REPRESENTATION_ITEM('')
);
#41=(
BOUNDED_SURFACE()
B_SPLINE_SURFACE(2,2,((#4065,#4066,#4067,#4068,#4069,#4070,#4071,#4072,
#4073),(#4074,#4075,#4076,#4077,#4078,#4079,#4080,#4081,#4082),(#4083,#4084,
#4085,#4086,#4087,#4088,#4089,#4090,#4091)),.UNSPECIFIED.,.F.,.T.,.F.)
B_SPLINE_SURFACE_WITH_KNOTS((3,3),(3,2,2,2,3),(-4.44089209850063E-16,1.5707963267949),
(-3.14159265358979,-1.5707963267949,0.,1.5707963267949,3.14159265358979),
 .UNSPECIFIED.)
GEOMETRIC_REPRESENTATION_ITEM()
RATIONAL_B_SPLINE_SURFACE(((1.,0.707106781186548,1.,0.707106781186548,1.,
0.707106781186548,1.,0.707106781186548,1.),(0.707106781186547,0.5,0.707106781186547,
0.5,0.707106781186547,0.5,0.707106781186547,0.5,0.707106781186547),(1.,
0.707106781186548,1.,0.707106781186548,1.,0.707106781186548,1.,0.707106781186548,
1.)))
REPRESENTATION_ITEM('')
SURFACE()
);
#42=PLANE('',#1458);
#43=PLANE('',#1473);
#44=PLANE('',#1488);
#45=PLANE('',#1503);
#46=PLANE('',#1518);
#47=PLANE('',#1533);
#48=PLANE('',#1548);
#49=PLANE('',#1563);
#50=PLANE('',#1565);
#51=PLANE('',#1574);
#52=PLANE('',#1585);
#53=PLANE('',#1592);
#54=PLANE('',#1593);
#55=PLANE('',#1602);
#56=PLANE('',#1603);
#57=TOROIDAL_SURFACE('',#1432,13.,1.);
#58=TOROIDAL_SURFACE('',#1435,2.,1.);
#59=TOROIDAL_SURFACE('',#1467,13.,1.);
#60=TOROIDAL_SURFACE('',#1469,2.,1.);
#61=TOROIDAL_SURFACE('',#1482,13.,1.);
#62=TOROIDAL_SURFACE('',#1484,2.,1.);
#63=TOROIDAL_SURFACE('',#1497,13.,1.);
#64=TOROIDAL_SURFACE('',#1499,2.,1.);
#65=TOROIDAL_SURFACE('',#1512,13.,1.);
#66=TOROIDAL_SURFACE('',#1514,2.,1.);
#67=TOROIDAL_SURFACE('',#1527,13.,1.);
#68=TOROIDAL_SURFACE('',#1529,2.,1.);
#69=TOROIDAL_SURFACE('',#1542,13.,1.);
#70=TOROIDAL_SURFACE('',#1544,2.,1.);
#71=TOROIDAL_SURFACE('',#1557,13.,1.);
#72=TOROIDAL_SURFACE('',#1559,2.,1.);
#73=TOROIDAL_SURFACE('',#1566,12.5,1.5);
#74=TOROIDAL_SURFACE('',#1576,9.,5.);
#75=TOROIDAL_SURFACE('',#1579,9.,5.);
#76=TOROIDAL_SURFACE('',#1586,22.9442719099992,12.);
#77=LINE('',#2181,#116);
#78=LINE('',#2182,#117);
#79=LINE('',#2271,#118);
#80=LINE('',#2272,#119);
#81=LINE('',#2285,#120);
#82=LINE('',#2299,#121);
#83=LINE('',#2303,#122);
#84=LINE('',#2327,#123);
#85=LINE('',#2331,#124);
#86=LINE('',#2353,#125);
#87=LINE('',#2357,#126);
#88=LINE('',#2381,#127);
#89=LINE('',#2385,#128);
#90=LINE('',#2407,#129);
#91=LINE('',#2412,#130);
#92=LINE('',#2434,#131);
#93=LINE('',#2438,#132);
#94=LINE('',#2462,#133);
#95=LINE('',#2466,#134);
#96=LINE('',#2602,#135);
#97=LINE('',#2690,#136);
#98=LINE('',#2835,#137);
#99=LINE('',#2923,#138);
#100=LINE('',#3054,#139);
#101=LINE('',#3146,#140);
#102=LINE('',#3291,#141);
#103=LINE('',#3379,#142);
#104=LINE('',#3517,#143);
#105=LINE('',#3605,#144);
#106=LINE('',#3750,#145);
#107=LINE('',#3838,#146);
#108=LINE('',#3969,#147);
#109=LINE('',#4057,#148);
#110=LINE('',#4108,#149);
#111=LINE('',#4127,#150);
#112=LINE('',#4137,#151);
#113=LINE('',#4162,#152);
#114=LINE('',#4183,#153);
#115=LINE('',#4223,#154);
#116=VECTOR('',#1624,10.);
#117=VECTOR('',#1625,10.);
#118=VECTOR('',#1630,10.);
#119=VECTOR('',#1631,10.);
#120=VECTOR('',#1650,14.);
#121=VECTOR('',#1653,10.);
#122=VECTOR('',#1656,10.);
#123=VECTOR('',#1659,10.);
#124=VECTOR('',#1662,10.);
#125=VECTOR('',#1665,10.);
#126=VECTOR('',#1668,10.);
#127=VECTOR('',#1671,10.);
#128=VECTOR('',#1674,10.);
#129=VECTOR('',#1677,10.);
#130=VECTOR('',#1682,10.);
#131=VECTOR('',#1685,10.);
#132=VECTOR('',#1688,10.);
#133=VECTOR('',#1691,10.);
#134=VECTOR('',#1694,10.);
#135=VECTOR('',#1713,10.);
#136=VECTOR('',#1718,10.);
#137=VECTOR('',#1745,10.);
#138=VECTOR('',#1750,10.);
#139=VECTOR('',#1777,10.);
#140=VECTOR('',#1782,10.);
#141=VECTOR('',#1809,10.);
#142=VECTOR('',#1814,10.);
#143=VECTOR('',#1841,10.);
#144=VECTOR('',#1846,10.);
#145=VECTOR('',#1873,10.);
#146=VECTOR('',#1878,10.);
#147=VECTOR('',#1905,10.);
#148=VECTOR('',#1910,10.);
#149=VECTOR('',#1941,14.);
#150=VECTOR('',#1966,3.5);
#151=VECTOR('',#1981,3.5);
#152=VECTOR('',#1992,10.);
#153=VECTOR('',#1997,3.5);
#154=VECTOR('',#2006,10.);
#155=CYLINDRICAL_SURFACE('',#1428,2.);
#156=CYLINDRICAL_SURFACE('',#1431,2.);
#157=CYLINDRICAL_SURFACE('',#1438,14.);
#158=CYLINDRICAL_SURFACE('',#1457,3.);
#159=CYLINDRICAL_SURFACE('',#1463,2.);
#160=CYLINDRICAL_SURFACE('',#1466,2.);
#161=CYLINDRICAL_SURFACE('',#1472,3.);
#162=CYLINDRICAL_SURFACE('',#1478,2.);
#163=CYLINDRICAL_SURFACE('',#1481,2.);
#164=CYLINDRICAL_SURFACE('',#1487,3.);
#165=CYLINDRICAL_SURFACE('',#1493,2.);
#166=CYLINDRICAL_SURFACE('',#1496,2.);
#167=CYLINDRICAL_SURFACE('',#1502,3.);
#168=CYLINDRICAL_SURFACE('',#1508,2.);
#169=CYLINDRICAL_SURFACE('',#1511,2.);
#170=CYLINDRICAL_SURFACE('',#1517,3.);
#171=CYLINDRICAL_SURFACE('',#1523,2.);
#172=CYLINDRICAL_SURFACE('',#1526,2.);
#173=CYLINDRICAL_SURFACE('',#1532,3.);
#174=CYLINDRICAL_SURFACE('',#1538,2.);
#175=CYLINDRICAL_SURFACE('',#1541,2.);
#176=CYLINDRICAL_SURFACE('',#1547,3.);
#177=CYLINDRICAL_SURFACE('',#1553,2.);
#178=CYLINDRICAL_SURFACE('',#1556,2.);
#179=CYLINDRICAL_SURFACE('',#1562,3.);
#180=CYLINDRICAL_SURFACE('',#1571,14.);
#181=CYLINDRICAL_SURFACE('',#1583,3.5);
#182=CYLINDRICAL_SURFACE('',#1589,3.5);
#183=CYLINDRICAL_SURFACE('',#1595,16.0000000000045);
#184=CYLINDRICAL_SURFACE('',#1596,3.5);
#185=CYLINDRICAL_SURFACE('',#1601,16.0000000000045);
#186=FACE_OUTER_BOUND('',#277,.T.);
#187=FACE_OUTER_BOUND('',#278,.T.);
#188=FACE_OUTER_BOUND('',#279,.T.);
#189=FACE_OUTER_BOUND('',#280,.T.);
#190=FACE_OUTER_BOUND('',#281,.T.);
#191=FACE_OUTER_BOUND('',#282,.T.);
#192=FACE_OUTER_BOUND('',#283,.T.);
#193=FACE_OUTER_BOUND('',#284,.T.);
#194=FACE_OUTER_BOUND('',#285,.T.);
#195=FACE_OUTER_BOUND('',#286,.T.);
#196=FACE_OUTER_BOUND('',#287,.T.);
#197=FACE_OUTER_BOUND('',#288,.T.);
#198=FACE_OUTER_BOUND('',#289,.T.);
#199=FACE_OUTER_BOUND('',#290,.T.);
#200=FACE_OUTER_BOUND('',#291,.T.);
#201=FACE_OUTER_BOUND('',#292,.T.);
#202=FACE_OUTER_BOUND('',#293,.T.);
#203=FACE_OUTER_BOUND('',#294,.T.);
#204=FACE_OUTER_BOUND('',#295,.T.);
#205=FACE_OUTER_BOUND('',#296,.T.);
#206=FACE_OUTER_BOUND('',#297,.T.);
#207=FACE_OUTER_BOUND('',#298,.T.);
#208=FACE_OUTER_BOUND('',#299,.T.);
#209=FACE_OUTER_BOUND('',#300,.T.);
#210=FACE_OUTER_BOUND('',#301,.T.);
#211=FACE_OUTER_BOUND('',#302,.T.);
#212=FACE_OUTER_BOUND('',#303,.T.);
#213=FACE_OUTER_BOUND('',#304,.T.);
#214=FACE_OUTER_BOUND('',#305,.T.);
#215=FACE_OUTER_BOUND('',#306,.T.);
#216=FACE_OUTER_BOUND('',#307,.T.);
#217=FACE_OUTER_BOUND('',#308,.T.);
#218=FACE_OUTER_BOUND('',#309,.T.);
#219=FACE_OUTER_BOUND('',#310,.T.);
#220=FACE_OUTER_BOUND('',#311,.T.);
#221=FACE_OUTER_BOUND('',#312,.T.);
#222=FACE_OUTER_BOUND('',#313,.T.);
#223=FACE_OUTER_BOUND('',#314,.T.);
#224=FACE_OUTER_BOUND('',#315,.T.);
#225=FACE_OUTER_BOUND('',#316,.T.);
#226=FACE_OUTER_BOUND('',#317,.T.);
#227=FACE_OUTER_BOUND('',#318,.T.);
#228=FACE_OUTER_BOUND('',#319,.T.);
#229=FACE_OUTER_BOUND('',#320,.T.);
#230=FACE_OUTER_BOUND('',#321,.T.);
#231=FACE_OUTER_BOUND('',#322,.T.);
#232=FACE_OUTER_BOUND('',#323,.T.);
#233=FACE_OUTER_BOUND('',#324,.T.);
#234=FACE_OUTER_BOUND('',#325,.T.);
#235=FACE_OUTER_BOUND('',#326,.T.);
#236=FACE_OUTER_BOUND('',#327,.T.);
#237=FACE_OUTER_BOUND('',#328,.T.);
#238=FACE_OUTER_BOUND('',#329,.T.);
#239=FACE_OUTER_BOUND('',#330,.T.);
#240=FACE_OUTER_BOUND('',#331,.T.);
#241=FACE_OUTER_BOUND('',#332,.T.);
#242=FACE_OUTER_BOUND('',#333,.T.);
#243=FACE_OUTER_BOUND('',#334,.T.);
#244=FACE_OUTER_BOUND('',#335,.T.);
#245=FACE_OUTER_BOUND('',#336,.T.);
#246=FACE_OUTER_BOUND('',#337,.T.);
#247=FACE_OUTER_BOUND('',#338,.T.);
#248=FACE_OUTER_BOUND('',#339,.T.);
#249=FACE_OUTER_BOUND('',#340,.T.);
#250=FACE_OUTER_BOUND('',#341,.T.);
#251=FACE_OUTER_BOUND('',#342,.T.);
#252=FACE_OUTER_BOUND('',#343,.T.);
#253=FACE_OUTER_BOUND('',#344,.T.);
#254=FACE_OUTER_BOUND('',#345,.T.);
#255=FACE_OUTER_BOUND('',#346,.T.);
#256=FACE_OUTER_BOUND('',#347,.T.);
#257=FACE_OUTER_BOUND('',#348,.T.);
#258=FACE_OUTER_BOUND('',#349,.T.);
#259=FACE_OUTER_BOUND('',#350,.T.);
#260=FACE_OUTER_BOUND('',#351,.T.);
#261=FACE_OUTER_BOUND('',#352,.T.);
#262=FACE_OUTER_BOUND('',#353,.T.);
#263=FACE_OUTER_BOUND('',#354,.T.);
#264=FACE_OUTER_BOUND('',#356,.T.);
#265=FACE_OUTER_BOUND('',#357,.T.);
#266=FACE_OUTER_BOUND('',#358,.T.);
#267=FACE_OUTER_BOUND('',#359,.T.);
#268=FACE_OUTER_BOUND('',#360,.T.);
#269=FACE_OUTER_BOUND('',#361,.T.);
#270=FACE_OUTER_BOUND('',#362,.T.);
#271=FACE_OUTER_BOUND('',#363,.T.);
#272=FACE_OUTER_BOUND('',#364,.T.);
#273=FACE_OUTER_BOUND('',#365,.T.);
#274=FACE_OUTER_BOUND('',#366,.T.);
#275=FACE_OUTER_BOUND('',#367,.T.);
#276=FACE_OUTER_BOUND('',#368,.T.);
#277=EDGE_LOOP('',(#860,#861,#862,#863));
#278=EDGE_LOOP('',(#864,#865,#866,#867));
#279=EDGE_LOOP('',(#868,#869,#870,#871));
#280=EDGE_LOOP('',(#872,#873,#874,#875));
#281=EDGE_LOOP('',(#876,#877,#878,#879));
#282=EDGE_LOOP('',(#880,#881,#882,#883));
#283=EDGE_LOOP('',(#884,#885,#886,#887));
#284=EDGE_LOOP('',(#888,#889,#890,#891,#892,#893,#894,#895,#896,#897,#898,
#899,#900,#901,#902,#903,#904,#905,#906,#907,#908,#909,#910,#911,#912,#913,
#914,#915,#916,#917,#918,#919,#920,#921,#922,#923,#924,#925,#926,#927,#928,
#929,#930,#931,#932,#933,#934,#935,#936,#937,#938,#939,#940));
#285=EDGE_LOOP('',(#941,#942,#943,#944));
#286=EDGE_LOOP('',(#945,#946));
#287=EDGE_LOOP('',(#947,#948,#949,#950));
#288=EDGE_LOOP('',(#951,#952,#953,#954));
#289=EDGE_LOOP('',(#955,#956,#957,#958));
#290=EDGE_LOOP('',(#959,#960,#961,#962));
#291=EDGE_LOOP('',(#963,#964,#965,#966));
#292=EDGE_LOOP('',(#967,#968,#969,#970));
#293=EDGE_LOOP('',(#971,#972,#973,#974));
#294=EDGE_LOOP('',(#975,#976,#977,#978));
#295=EDGE_LOOP('',(#979,#980));
#296=EDGE_LOOP('',(#981,#982,#983,#984));
#297=EDGE_LOOP('',(#985,#986,#987,#988));
#298=EDGE_LOOP('',(#989,#990,#991,#992));
#299=EDGE_LOOP('',(#993,#994,#995,#996));
#300=EDGE_LOOP('',(#997,#998,#999,#1000));
#301=EDGE_LOOP('',(#1001,#1002,#1003,#1004));
#302=EDGE_LOOP('',(#1005,#1006,#1007,#1008));
#303=EDGE_LOOP('',(#1009,#1010,#1011,#1012));
#304=EDGE_LOOP('',(#1013,#1014));
#305=EDGE_LOOP('',(#1015,#1016,#1017,#1018));
#306=EDGE_LOOP('',(#1019,#1020,#1021,#1022));
#307=EDGE_LOOP('',(#1023,#1024,#1025,#1026));
#308=EDGE_LOOP('',(#1027,#1028,#1029,#1030,#1031));
#309=EDGE_LOOP('',(#1032,#1033,#1034,#1035));
#310=EDGE_LOOP('',(#1036,#1037,#1038,#1039));
#311=EDGE_LOOP('',(#1040,#1041,#1042,#1043));
#312=EDGE_LOOP('',(#1044,#1045,#1046,#1047));
#313=EDGE_LOOP('',(#1048,#1049));
#314=EDGE_LOOP('',(#1050,#1051,#1052,#1053));
#315=EDGE_LOOP('',(#1054,#1055,#1056,#1057));
#316=EDGE_LOOP('',(#1058,#1059,#1060,#1061));
#317=EDGE_LOOP('',(#1062,#1063,#1064,#1065));
#318=EDGE_LOOP('',(#1066,#1067,#1068,#1069));
#319=EDGE_LOOP('',(#1070,#1071,#1072,#1073));
#320=EDGE_LOOP('',(#1074,#1075,#1076,#1077));
#321=EDGE_LOOP('',(#1078,#1079,#1080,#1081));
#322=EDGE_LOOP('',(#1082,#1083));
#323=EDGE_LOOP('',(#1084,#1085,#1086,#1087));
#324=EDGE_LOOP('',(#1088,#1089,#1090,#1091));
#325=EDGE_LOOP('',(#1092,#1093,#1094,#1095));
#326=EDGE_LOOP('',(#1096,#1097,#1098,#1099));
#327=EDGE_LOOP('',(#1100,#1101,#1102,#1103));
#328=EDGE_LOOP('',(#1104,#1105,#1106,#1107,#1108));
#329=EDGE_LOOP('',(#1109,#1110,#1111,#1112));
#330=EDGE_LOOP('',(#1113,#1114,#1115,#1116));
#331=EDGE_LOOP('',(#1117,#1118));
#332=EDGE_LOOP('',(#1119,#1120,#1121,#1122));
#333=EDGE_LOOP('',(#1123,#1124,#1125,#1126));
#334=EDGE_LOOP('',(#1127,#1128,#1129,#1130));
#335=EDGE_LOOP('',(#1131,#1132,#1133,#1134));
#336=EDGE_LOOP('',(#1135,#1136,#1137,#1138));
#337=EDGE_LOOP('',(#1139,#1140,#1141,#1142));
#338=EDGE_LOOP('',(#1143,#1144,#1145,#1146));
#339=EDGE_LOOP('',(#1147,#1148,#1149,#1150));
#340=EDGE_LOOP('',(#1151,#1152));
#341=EDGE_LOOP('',(#1153,#1154,#1155,#1156));
#342=EDGE_LOOP('',(#1157,#1158,#1159,#1160));
#343=EDGE_LOOP('',(#1161,#1162,#1163,#1164));
#344=EDGE_LOOP('',(#1165,#1166,#1167,#1168));
#345=EDGE_LOOP('',(#1169,#1170,#1171,#1172));
#346=EDGE_LOOP('',(#1173,#1174,#1175,#1176));
#347=EDGE_LOOP('',(#1177,#1178,#1179,#1180));
#348=EDGE_LOOP('',(#1181,#1182,#1183,#1184));
#349=EDGE_LOOP('',(#1185,#1186));
#350=EDGE_LOOP('',(#1187,#1188,#1189,#1190,#1191,#1192,#1193,#1194,#1195,
#1196,#1197,#1198,#1199,#1200,#1201,#1202,#1203,#1204,#1205,#1206));
#351=EDGE_LOOP('',(#1207));
#352=EDGE_LOOP('',(#1208,#1209,#1210,#1211,#1212));
#353=EDGE_LOOP('',(#1213,#1214,#1215,#1216,#1217,#1218));
#354=EDGE_LOOP('',(#1219));
#355=EDGE_LOOP('',(#1220));
#356=EDGE_LOOP('',(#1221,#1222,#1223,#1224,#1225));
#357=EDGE_LOOP('',(#1226,#1227,#1228,#1229,#1230,#1231));
#358=EDGE_LOOP('',(#1232,#1233,#1234,#1235));
#359=EDGE_LOOP('',(#1236));
#360=EDGE_LOOP('',(#1237,#1238,#1239,#1240,#1241));
#361=EDGE_LOOP('',(#1242,#1243,#1244,#1245));
#362=EDGE_LOOP('',(#1246));
#363=EDGE_LOOP('',(#1247));
#364=EDGE_LOOP('',(#1248,#1249,#1250));
#365=EDGE_LOOP('',(#1251,#1252,#1253,#1254,#1255,#1256,#1257,#1258,#1259,
#1260));
#366=EDGE_LOOP('',(#1261,#1262,#1263));
#367=EDGE_LOOP('',(#1264,#1265,#1266,#1267,#1268));
#368=EDGE_LOOP('',(#1269));
#369=CIRCLE('',#1424,2.);
#370=CIRCLE('',#1425,1.);
#371=CIRCLE('',#1426,2.);
#372=CIRCLE('',#1427,0.999999999999996);
#373=CIRCLE('',#1429,2.);
#374=CIRCLE('',#1430,2.);
#375=CIRCLE('',#1433,14.);
#376=CIRCLE('',#1434,13.);
#377=CIRCLE('',#1436,3.);
#378=CIRCLE('',#1437,2.);
#379=CIRCLE('',#1439,14.);
#380=CIRCLE('',#1440,14.);
#381=CIRCLE('',#1441,14.);
#382=CIRCLE('',#1442,14.);
#383=CIRCLE('',#1443,14.);
#384=CIRCLE('',#1444,14.);
#385=CIRCLE('',#1445,14.);
#386=CIRCLE('',#1446,14.);
#387=CIRCLE('',#1447,14.);
#388=CIRCLE('',#1448,14.);
#389=CIRCLE('',#1449,14.);
#390=CIRCLE('',#1450,14.);
#391=CIRCLE('',#1451,14.);
#392=CIRCLE('',#1452,14.);
#393=CIRCLE('',#1453,14.);
#394=CIRCLE('',#1454,14.);
#395=CIRCLE('',#1455,14.);
#396=CIRCLE('',#1456,14.);
#397=CIRCLE('',#1459,2.);
#398=CIRCLE('',#1460,1.);
#399=CIRCLE('',#1461,2.);
#400=CIRCLE('',#1462,0.999999999999996);
#401=CIRCLE('',#1464,2.);
#402=CIRCLE('',#1465,2.);
#403=CIRCLE('',#1468,13.);
#404=CIRCLE('',#1470,3.);
#405=CIRCLE('',#1471,2.);
#406=CIRCLE('',#1474,2.);
#407=CIRCLE('',#1475,1.);
#408=CIRCLE('',#1476,2.);
#409=CIRCLE('',#1477,0.999999999999996);
#410=CIRCLE('',#1479,2.);
#411=CIRCLE('',#1480,2.);
#412=CIRCLE('',#1483,13.);
#413=CIRCLE('',#1485,3.);
#414=CIRCLE('',#1486,2.);
#415=CIRCLE('',#1489,2.);
#416=CIRCLE('',#1490,1.);
#417=CIRCLE('',#1491,2.);
#418=CIRCLE('',#1492,0.999999999999996);
#419=CIRCLE('',#1494,2.);
#420=CIRCLE('',#1495,2.);
#421=CIRCLE('',#1498,13.);
#422=CIRCLE('',#1500,3.);
#423=CIRCLE('',#1501,2.);
#424=CIRCLE('',#1504,2.);
#425=CIRCLE('',#1505,1.);
#426=CIRCLE('',#1506,2.);
#427=CIRCLE('',#1507,0.999999999999996);
#428=CIRCLE('',#1509,2.);
#429=CIRCLE('',#1510,2.);
#430=CIRCLE('',#1513,13.);
#431=CIRCLE('',#1515,3.);
#432=CIRCLE('',#1516,2.);
#433=CIRCLE('',#1519,2.);
#434=CIRCLE('',#1520,1.);
#435=CIRCLE('',#1521,2.);
#436=CIRCLE('',#1522,0.999999999999996);
#437=CIRCLE('',#1524,2.);
#438=CIRCLE('',#1525,2.);
#439=CIRCLE('',#1528,13.);
#440=CIRCLE('',#1530,3.);
#441=CIRCLE('',#1531,2.);
#442=CIRCLE('',#1534,2.);
#443=CIRCLE('',#1535,1.);
#444=CIRCLE('',#1536,2.);
#445=CIRCLE('',#1537,0.999999999999996);
#446=CIRCLE('',#1539,2.);
#447=CIRCLE('',#1540,2.);
#448=CIRCLE('',#1543,13.);
#449=CIRCLE('',#1545,3.);
#450=CIRCLE('',#1546,2.);
#451=CIRCLE('',#1549,2.);
#452=CIRCLE('',#1550,1.);
#453=CIRCLE('',#1551,2.);
#454=CIRCLE('',#1552,0.999999999999996);
#455=CIRCLE('',#1554,2.);
#456=CIRCLE('',#1555,2.);
#457=CIRCLE('',#1558,13.);
#458=CIRCLE('',#1560,3.);
#459=CIRCLE('',#1561,2.);
#460=CIRCLE('',#1564,4.);
#461=CIRCLE('',#1567,12.5);
#462=CIRCLE('',#1568,1.5);
#463=CIRCLE('',#1569,14.);
#464=CIRCLE('',#1570,14.);
#465=CIRCLE('',#1572,14.);
#466=CIRCLE('',#1573,14.);
#467=CIRCLE('',#1575,3.5);
#468=CIRCLE('',#1577,5.);
#469=CIRCLE('',#1578,13.1012564441174);
#470=CIRCLE('',#1580,5.);
#471=CIRCLE('',#1581,13.1012564441174);
#472=CIRCLE('',#1582,13.1012564441174);
#473=CIRCLE('',#1584,3.5);
#474=CIRCLE('',#1587,12.);
#475=CIRCLE('',#1590,3.5);
#476=CIRCLE('',#1591,3.5);
#477=CIRCLE('',#1597,3.5);
#478=CIRCLE('',#1598,3.5);
#479=CIRCLE('',#1599,3.5);
#480=CIRCLE('',#1600,3.5);
#481=B_SPLINE_CURVE_WITH_KNOTS('',3,(#2077,#2078,#2079,#2080,#2081,#2082,
#2083,#2084,#2085),.UNSPECIFIED.,.F.,.F.,(4,1,1,1,1,1,4),(-1.,-0.857142857142857,
-0.821428571428571,-0.571428571428571,-0.285714285714286,-0.142857142857143,
0.),.UNSPECIFIED.);
#482=B_SPLINE_CURVE_WITH_KNOTS('',3,(#2089,#2090,#2091,#2092,#2093,#2094,
#2095,#2096,#2097),.UNSPECIFIED.,.F.,.F.,(4,1,1,1,1,1,4),(0.,0.142857142857143,
0.285714285714286,0.571428571428571,0.821428571428571,0.857142857142857,
1.),.UNSPECIFIED.);
#483=B_SPLINE_CURVE_WITH_KNOTS('',3,(#2155,#2156,#2157,#2158,#2159,#2160,
#2161,#2162,#2163),.UNSPECIFIED.,.F.,.F.,(4,1,1,1,1,1,4),(-4.87666125874205E-16,
0.142857142857142,0.285714285714285,0.428571428571428,0.714285714285714,
0.857142857142857,1.),.UNSPECIFIED.);
#484=B_SPLINE_CURVE_WITH_KNOTS('',3,(#2167,#2168,#2169,#2170,#2171,#2172,
#2173,#2174,#2175),.UNSPECIFIED.,.F.,.F.,(4,1,1,1,1,1,4),(-1.,-0.857142857142857,
-0.714285714285714,-0.428571428571428,-0.285714285714285,-0.142857142857142,
4.87666125874205E-16),.UNSPECIFIED.);
#485=B_SPLINE_CURVE_WITH_KNOTS('',3,(#2246,#2247,#2248,#2249,#2250,#2251,
#2252,#2253,#2254,#2255,#2256,#2257),.UNSPECIFIED.,.F.,.F.,(4,1,1,1,1,1,
1,1,1,4),(-1.76380982238516,-1.51183699061585,-1.25986415884654,-1.00789132707723,
-0.881904911192578,-0.755918495307924,-0.62993207942327,-0.503945663538616,
-0.251972831769308,0.),.UNSPECIFIED.);
#486=B_SPLINE_CURVE_WITH_KNOTS('',3,(#2258,#2259,#2260,#2261,#2262,#2263,
#2264,#2265,#2266,#2267,#2268,#2269),.UNSPECIFIED.,.F.,.F.,(4,1,1,1,1,1,
1,1,1,4),(0.,0.251972831769308,0.503945663538616,0.62993207942327,0.755918495307924,
0.881904911192578,1.00789132707723,1.25986415884654,1.51183699061585,1.76380982238516),
 .UNSPECIFIED.);
#487=B_SPLINE_CURVE_WITH_KNOTS('',3,(#2289,#2290,#2291,#2292,#2293,#2294,
#2295,#2296,#2297),.UNSPECIFIED.,.F.,.F.,(4,1,1,1,1,1,4),(-1.,-0.857142857142857,
-0.714285714285714,-0.428571428571429,-0.178571428571429,-0.142857142857143,
0.),.UNSPECIFIED.);
#488=B_SPLINE_CURVE_WITH_KNOTS('',3,(#2305,#2306,#2307,#2308,#2309,#2310,
#2311,#2312,#2313),.UNSPECIFIED.,.F.,.F.,(4,1,1,1,1,1,4),(-1.,-0.857142857142857,
-0.821428571428571,-0.571428571428571,-0.285714285714286,-0.142857142857143,
0.),.UNSPECIFIED.);
#489=B_SPLINE_CURVE_WITH_KNOTS('',3,(#2317,#2318,#2319,#2320,#2321,#2322,
#2323,#2324,#2325),.UNSPECIFIED.,.F.,.F.,(4,1,1,1,1,1,4),(-1.,-0.857142857142857,
-0.714285714285714,-0.428571428571429,-0.178571428571429,-0.142857142857143,
-1.322473144386E-16),.UNSPECIFIED.);
#490=B_SPLINE_CURVE_WITH_KNOTS('',3,(#2333,#2334,#2335,#2336,#2337,#2338,
#2339,#2340),.UNSPECIFIED.,.F.,.F.,(4,1,1,1,1,4),(-1.,-0.857142857142857,
-0.714285714285714,-0.428571428571429,-0.142857142857143,0.),
 .UNSPECIFIED.);
#491=B_SPLINE_CURVE_WITH_KNOTS('',3,(#2344,#2345,#2346,#2347,#2348,#2349,
#2350,#2351),.UNSPECIFIED.,.F.,.F.,(4,1,1,1,1,4),(-1.,-0.857142857142857,
-0.571428571428571,-0.285714285714286,-0.142857142857143,1.52690252418545E-16),
 .UNSPECIFIED.);
#492=B_SPLINE_CURVE_WITH_KNOTS('',3,(#2359,#2360,#2361,#2362,#2363,#2364,
#2365,#2366,#2367),.UNSPECIFIED.,.F.,.F.,(4,1,1,1,1,1,4),(-1.,-0.857142857142857,
-0.821428571428571,-0.571428571428571,-0.285714285714286,-0.142857142857143,
0.),.UNSPECIFIED.);
#493=B_SPLINE_CURVE_WITH_KNOTS('',3,(#2371,#2372,#2373,#2374,#2375,#2376,
#2377,#2378,#2379),.UNSPECIFIED.,.F.,.F.,(4,1,1,1,1,1,4),(-1.,-0.857142857142857,
-0.714285714285714,-0.428571428571429,-0.178571428571429,-0.142857142857143,
0.),.UNSPECIFIED.);
#494=B_SPLINE_CURVE_WITH_KNOTS('',3,(#2387,#2388,#2389,#2390,#2391,#2392,
#2393,#2394),.UNSPECIFIED.,.F.,.F.,(4,1,1,1,1,4),(-1.,-0.857142857142857,
-0.714285714285714,-0.428571428571429,-0.142857142857143,0.),
 .UNSPECIFIED.);
#495=B_SPLINE_CURVE_WITH_KNOTS('',3,(#2398,#2399,#2400,#2401,#2402,#2403,
#2404,#2405),.UNSPECIFIED.,.F.,.F.,(4,1,1,1,1,4),(-1.,-0.857142857142857,
-0.571428571428571,-0.285714285714285,-0.142857142857143,3.07938418074884E-16),
 .UNSPECIFIED.);
#496=B_SPLINE_CURVE_WITH_KNOTS('',3,(#2414,#2415,#2416,#2417,#2418,#2419,
#2420,#2421),.UNSPECIFIED.,.F.,.F.,(4,1,1,1,1,4),(-1.,-0.857142857142857,
-0.714285714285714,-0.428571428571429,-0.142857142857143,0.),
 .UNSPECIFIED.);
#497=B_SPLINE_CURVE_WITH_KNOTS('',3,(#2425,#2426,#2427,#2428,#2429,#2430,
#2431,#2432),.UNSPECIFIED.,.F.,.F.,(4,1,1,1,1,4),(-1.,-0.857142857142857,
-0.571428571428571,-0.285714285714285,-0.142857142857142,3.84283544284156E-16),
 .UNSPECIFIED.);
#498=B_SPLINE_CURVE_WITH_KNOTS('',3,(#2440,#2441,#2442,#2443,#2444,#2445,
#2446,#2447,#2448),.UNSPECIFIED.,.F.,.F.,(4,1,1,1,1,1,4),(-1.,-0.857142857142857,
-0.821428571428571,-0.571428571428571,-0.285714285714286,-0.142857142857143,
0.),.UNSPECIFIED.);
#499=B_SPLINE_CURVE_WITH_KNOTS('',3,(#2452,#2453,#2454,#2455,#2456,#2457,
#2458,#2459,#2460),.UNSPECIFIED.,.F.,.F.,(4,1,1,1,1,1,4),(-1.,-0.857142857142857,
-0.714285714285714,-0.428571428571428,-0.285714285714285,-0.142857142857142,
4.87666125874205E-16),.UNSPECIFIED.);
#500=B_SPLINE_CURVE_WITH_KNOTS('',3,(#2468,#2469,#2470,#2471,#2472,#2473,
#2474,#2475),.UNSPECIFIED.,.F.,.F.,(4,1,1,1,1,4),(-1.,-0.857142857142857,
-0.714285714285714,-0.428571428571428,-0.142857142857143,0.),
 .UNSPECIFIED.);
#501=B_SPLINE_CURVE_WITH_KNOTS('',3,(#2530,#2531,#2532,#2533,#2534,#2535,
#2536,#2537),.UNSPECIFIED.,.F.,.F.,(4,1,1,1,1,4),(0.,0.142857142857143,
0.428571428571429,0.714285714285714,0.857142857142857,1.),.UNSPECIFIED.);
#502=B_SPLINE_CURVE_WITH_KNOTS('',3,(#2589,#2590,#2591,#2592,#2593,#2594,
#2595,#2596),.UNSPECIFIED.,.F.,.F.,(4,1,1,1,1,4),(-3.07938418074884E-16,
0.142857142857143,0.285714285714285,0.571428571428571,0.857142857142857,
1.),.UNSPECIFIED.);
#503=B_SPLINE_CURVE_WITH_KNOTS('',3,(#2665,#2666,#2667,#2668,#2669,#2670,
#2671,#2672,#2673,#2674,#2675,#2676),.UNSPECIFIED.,.F.,.F.,(4,1,1,1,1,1,
1,1,1,4),(-1.76380652990419,-1.5118341684893,-1.25986180707442,-1.00788944565954,
-0.881903264952094,-0.755917084244652,-0.62993090353721,-0.503944722829768,
-0.251972361414884,0.),.UNSPECIFIED.);
#504=B_SPLINE_CURVE_WITH_KNOTS('',3,(#2677,#2678,#2679,#2680,#2681,#2682,
#2683,#2684,#2685,#2686,#2687,#2688),.UNSPECIFIED.,.F.,.F.,(4,1,1,1,1,1,
1,1,1,4),(0.,0.251972361414884,0.503944722829768,0.62993090353721,0.755917084244652,
0.881903264952094,1.00788944565954,1.25986180707442,1.5118341684893,1.76380652990419),
 .UNSPECIFIED.);
#505=B_SPLINE_CURVE_WITH_KNOTS('',3,(#2755,#2756,#2757,#2758,#2759,#2760,
#2761,#2762,#2763),.UNSPECIFIED.,.F.,.F.,(4,1,1,1,1,1,4),(0.,0.142857142857143,
0.285714285714286,0.571428571428571,0.821428571428571,0.857142857142857,
1.),.UNSPECIFIED.);
#506=B_SPLINE_CURVE_WITH_KNOTS('',3,(#2821,#2822,#2823,#2824,#2825,#2826,
#2827,#2828,#2829),.UNSPECIFIED.,.F.,.F.,(4,1,1,1,1,1,4),(0.,0.142857142857143,
0.178571428571429,0.428571428571429,0.714285714285714,0.857142857142857,
1.),.UNSPECIFIED.);
#507=B_SPLINE_CURVE_WITH_KNOTS('',3,(#2898,#2899,#2900,#2901,#2902,#2903,
#2904,#2905,#2906,#2907,#2908,#2909),.UNSPECIFIED.,.F.,.F.,(4,1,1,1,1,1,
1,1,1,4),(-1.76380982238516,-1.51183699061585,-1.25986415884654,-1.00789132707723,
-0.881904911192578,-0.755918495307924,-0.62993207942327,-0.503945663538616,
-0.251972831769308,0.),.UNSPECIFIED.);
#508=B_SPLINE_CURVE_WITH_KNOTS('',3,(#2910,#2911,#2912,#2913,#2914,#2915,
#2916,#2917,#2918,#2919,#2920,#2921),.UNSPECIFIED.,.F.,.F.,(4,1,1,1,1,1,
1,1,1,4),(0.,0.251972831769308,0.503945663538616,0.62993207942327,0.755918495307924,
0.881904911192578,1.00789132707723,1.25986415884654,1.51183699061585,1.76380982238516),
 .UNSPECIFIED.);
#509=B_SPLINE_CURVE_WITH_KNOTS('',3,(#2982,#2983,#2984,#2985,#2986,#2987,
#2988,#2989),.UNSPECIFIED.,.F.,.F.,(4,1,1,1,1,4),(0.,0.142857142857143,
0.428571428571429,0.714285714285714,0.857142857142857,1.),.UNSPECIFIED.);
#510=B_SPLINE_CURVE_WITH_KNOTS('',3,(#3041,#3042,#3043,#3044,#3045,#3046,
#3047,#3048),.UNSPECIFIED.,.F.,.F.,(4,1,1,1,1,4),(-1.52690252418545E-16,
0.142857142857143,0.285714285714286,0.571428571428571,0.857142857142857,
1.),.UNSPECIFIED.);
#511=B_SPLINE_CURVE_WITH_KNOTS('',3,(#3118,#3119,#3120,#3121,#3122,#3123,
#3124),.UNSPECIFIED.,.F.,.F.,(4,1,1,1,4),(-1.76380652990419,-1.5118341684893,
-1.25986180707442,-1.00788944565954,-0.882007735248508),.UNSPECIFIED.);
#512=B_SPLINE_CURVE_WITH_KNOTS('',3,(#3125,#3126,#3127,#3128,#3129,#3130,
#3131,#3132),.UNSPECIFIED.,.F.,.F.,(4,1,1,1,1,4),(-0.881905569845615,-0.755917084244652,
-0.62993090353721,-0.503944722829768,-0.251972361414884,-1.59200594122255E-17),
 .UNSPECIFIED.);
#513=B_SPLINE_CURVE_WITH_KNOTS('',3,(#3133,#3134,#3135,#3136,#3137,#3138,
#3139,#3140,#3141,#3142,#3143,#3144),.UNSPECIFIED.,.F.,.F.,(4,1,1,1,1,1,
1,1,1,4),(1.59200594122255E-17,0.251972361414884,0.503944722829768,0.62993090353721,
0.755917084244652,0.881903264952094,1.00788944565954,1.25986180707442,1.5118341684893,
1.76380652990419),.UNSPECIFIED.);
#514=B_SPLINE_CURVE_WITH_KNOTS('',3,(#3211,#3212,#3213,#3214,#3215,#3216,
#3217,#3218,#3219),.UNSPECIFIED.,.F.,.F.,(4,1,1,1,1,1,4),(0.,0.142857142857143,
0.285714285714286,0.571428571428571,0.821428571428571,0.857142857142857,
1.),.UNSPECIFIED.);
#515=B_SPLINE_CURVE_WITH_KNOTS('',3,(#3277,#3278,#3279,#3280,#3281,#3282,
#3283,#3284,#3285),.UNSPECIFIED.,.F.,.F.,(4,1,1,1,1,1,4),(1.322473144386E-16,
0.142857142857143,0.178571428571429,0.428571428571429,0.714285714285714,
0.857142857142857,1.),.UNSPECIFIED.);
#516=B_SPLINE_CURVE_WITH_KNOTS('',3,(#3354,#3355,#3356,#3357,#3358,#3359,
#3360,#3361,#3362,#3363,#3364,#3365),.UNSPECIFIED.,.F.,.F.,(4,1,1,1,1,1,
1,1,1,4),(-1.76380982238516,-1.51183699061585,-1.25986415884654,-1.00789132707723,
-0.881904911192578,-0.755918495307924,-0.62993207942327,-0.503945663538616,
-0.251972831769308,0.),.UNSPECIFIED.);
#517=B_SPLINE_CURVE_WITH_KNOTS('',3,(#3366,#3367,#3368,#3369,#3370,#3371,
#3372,#3373,#3374,#3375,#3376,#3377),.UNSPECIFIED.,.F.,.F.,(4,1,1,1,1,1,
1,1,1,4),(0.,0.251972831769308,0.503945663538616,0.62993207942327,0.755918495307924,
0.881904911192578,1.00789132707723,1.25986415884654,1.51183699061585,1.76380982238516),
 .UNSPECIFIED.);
#518=B_SPLINE_CURVE_WITH_KNOTS('',3,(#3438,#3439,#3440,#3441,#3442,#3443,
#3444,#3445),.UNSPECIFIED.,.F.,.F.,(4,1,1,1,1,4),(0.,0.142857142857143,
0.428571428571428,0.714285714285714,0.857142857142857,1.),.UNSPECIFIED.);
#519=B_SPLINE_CURVE_WITH_KNOTS('',3,(#3503,#3504,#3505,#3506,#3507,#3508,
#3509,#3510,#3511),.UNSPECIFIED.,.F.,.F.,(4,1,1,1,1,1,4),(0.,0.142857142857143,
0.178571428571429,0.428571428571429,0.714285714285714,0.857142857142857,
1.),.UNSPECIFIED.);
#520=B_SPLINE_CURVE_WITH_KNOTS('',3,(#3580,#3581,#3582,#3583,#3584,#3585,
#3586,#3587,#3588,#3589,#3590,#3591),.UNSPECIFIED.,.F.,.F.,(4,1,1,1,1,1,
1,1,1,4),(-1.76380652990419,-1.5118341684893,-1.25986180707442,-1.13387562636698,
-1.00788944565954,-0.881903264952094,-0.755917084244652,-0.503944722829768,
-0.251972361414884,0.),.UNSPECIFIED.);
#521=B_SPLINE_CURVE_WITH_KNOTS('',3,(#3592,#3593,#3594,#3595,#3596,#3597,
#3598,#3599,#3600,#3601,#3602,#3603),.UNSPECIFIED.,.F.,.F.,(4,1,1,1,1,1,
1,1,1,4),(0.,0.251972361414884,0.503944722829768,0.755917084244652,0.881903264952094,
1.00788944565954,1.13387562636698,1.25986180707442,1.5118341684893,1.76380652990419),
 .UNSPECIFIED.);
#522=B_SPLINE_CURVE_WITH_KNOTS('',3,(#3670,#3671,#3672,#3673,#3674,#3675,
#3676,#3677,#3678),.UNSPECIFIED.,.F.,.F.,(4,1,1,1,1,1,4),(0.,0.142857142857143,
0.285714285714286,0.571428571428571,0.821428571428571,0.857142857142857,
1.),.UNSPECIFIED.);
#523=B_SPLINE_CURVE_WITH_KNOTS('',3,(#3736,#3737,#3738,#3739,#3740,#3741,
#3742,#3743,#3744),.UNSPECIFIED.,.F.,.F.,(4,1,1,1,1,1,4),(-4.87666125874205E-16,
0.142857142857142,0.285714285714285,0.428571428571428,0.714285714285714,
0.857142857142857,1.),.UNSPECIFIED.);
#524=B_SPLINE_CURVE_WITH_KNOTS('',3,(#3813,#3814,#3815,#3816,#3817,#3818,
#3819,#3820,#3821,#3822,#3823,#3824),.UNSPECIFIED.,.F.,.F.,(4,1,1,1,1,1,
1,1,1,4),(-1.76380982238516,-1.51183699061585,-1.25986415884654,-1.13387774296189,
-1.00789132707723,-0.881904911192578,-0.755918495307924,-0.503945663538616,
-0.251972831769308,0.),.UNSPECIFIED.);
#525=B_SPLINE_CURVE_WITH_KNOTS('',3,(#3825,#3826,#3827,#3828,#3829,#3830,
#3831,#3832,#3833,#3834,#3835,#3836),.UNSPECIFIED.,.F.,.F.,(4,1,1,1,1,1,
1,1,1,4),(0.,0.251972831769308,0.503945663538616,0.755918495307924,0.881904911192578,
1.00789132707723,1.13387774296189,1.25986415884654,1.51183699061585,1.76380982238516),
 .UNSPECIFIED.);
#526=B_SPLINE_CURVE_WITH_KNOTS('',3,(#3897,#3898,#3899,#3900,#3901,#3902,
#3903,#3904),.UNSPECIFIED.,.F.,.F.,(4,1,1,1,1,4),(0.,0.142857142857143,
0.428571428571429,0.714285714285714,0.857142857142857,1.),.UNSPECIFIED.);
#527=B_SPLINE_CURVE_WITH_KNOTS('',3,(#3956,#3957,#3958,#3959,#3960,#3961,
#3962,#3963),.UNSPECIFIED.,.F.,.F.,(4,1,1,1,1,4),(-3.84283544284156E-16,
0.142857142857142,0.285714285714285,0.571428571428571,0.857142857142857,
1.),.UNSPECIFIED.);
#528=B_SPLINE_CURVE_WITH_KNOTS('',3,(#4032,#4033,#4034,#4035,#4036,#4037,
#4038,#4039,#4040,#4041,#4042,#4043),.UNSPECIFIED.,.F.,.F.,(4,1,1,1,1,1,
1,1,1,4),(-1.76380652990419,-1.5118341684893,-1.25986180707442,-1.00788944565954,
-0.881903264952094,-0.755917084244652,-0.62993090353721,-0.503944722829768,
-0.251972361414884,0.),.UNSPECIFIED.);
#529=B_SPLINE_CURVE_WITH_KNOTS('',3,(#4044,#4045,#4046,#4047,#4048,#4049,
#4050,#4051,#4052,#4053,#4054,#4055),.UNSPECIFIED.,.F.,.F.,(4,1,1,1,1,1,
1,1,1,4),(0.,0.251972361414884,0.503944722829768,0.62993090353721,0.755917084244652,
0.881903264952094,1.00788944565954,1.25986180707442,1.5118341684893,1.76380652990419),
 .UNSPECIFIED.);
#530=B_SPLINE_CURVE_WITH_KNOTS('',3,(#4145,#4146,#4147,#4148,#4149,#4150,
#4151,#4152,#4153,#4154,#4155,#4156,#4157,#4158,#4159,#4160),
 .UNSPECIFIED.,.F.,.F.,(4,2,2,2,2,2,2,4),(-1.05251072003422,-0.798652232565176,
-0.511906587546017,-0.4021724713496,-0.292438355153184,-0.186150019382024,
-0.0930750096910122,0.),.UNSPECIFIED.);
#531=B_SPLINE_CURVE_WITH_KNOTS('',3,(#4163,#4164,#4165,#4166,#4167,#4168,
#4169,#4170,#4171,#4172,#4173,#4174,#4175,#4176,#4177,#4178),
 .UNSPECIFIED.,.F.,.F.,(4,2,2,2,2,2,2,4),(0.,0.0930750096910124,0.186150019382025,
0.292438355153184,0.402172471349601,0.511906587546017,0.798652232565176,
1.05251072003422),.UNSPECIFIED.);
#532=B_SPLINE_CURVE_WITH_KNOTS('',3,(#4188,#4189,#4190,#4191,#4192,#4193,
#4194,#4195,#4196,#4197,#4198,#4199,#4200,#4201,#4202,#4203),
 .UNSPECIFIED.,.F.,.F.,(4,2,2,2,2,2,2,4),(1.11828503513445,1.37214352260349,
1.65888916762265,1.76862328381907,1.87835740001549,1.98464573578664,2.07772074547766,
2.17079575516867),.UNSPECIFIED.);
#533=B_SPLINE_CURVE_WITH_KNOTS('',3,(#4205,#4206,#4207,#4208,#4209,#4210,
#4211,#4212,#4213,#4214,#4215,#4216,#4217,#4218,#4219,#4220),
 .UNSPECIFIED.,.F.,.F.,(4,2,2,2,2,2,2,4),(2.17079575516867,2.26387076485968,
2.35694577455069,2.46323411032185,2.57296822651827,2.68270234271469,2.96944798773385,
3.22330647520289),.UNSPECIFIED.);
#534=VERTEX_POINT('',#2075);
#535=VERTEX_POINT('',#2076);
#536=VERTEX_POINT('',#2086);
#537=VERTEX_POINT('',#2088);
#538=VERTEX_POINT('',#2153);
#539=VERTEX_POINT('',#2154);
#540=VERTEX_POINT('',#2164);
#541=VERTEX_POINT('',#2166);
#542=VERTEX_POINT('',#2178);
#543=VERTEX_POINT('',#2179);
#544=VERTEX_POINT('',#2243);
#545=VERTEX_POINT('',#2244);
#546=VERTEX_POINT('',#2280);
#547=VERTEX_POINT('',#2281);
#548=VERTEX_POINT('',#2284);
#549=VERTEX_POINT('',#2286);
#550=VERTEX_POINT('',#2288);
#551=VERTEX_POINT('',#2298);
#552=VERTEX_POINT('',#2300);
#553=VERTEX_POINT('',#2302);
#554=VERTEX_POINT('',#2304);
#555=VERTEX_POINT('',#2314);
#556=VERTEX_POINT('',#2316);
#557=VERTEX_POINT('',#2326);
#558=VERTEX_POINT('',#2328);
#559=VERTEX_POINT('',#2330);
#560=VERTEX_POINT('',#2332);
#561=VERTEX_POINT('',#2341);
#562=VERTEX_POINT('',#2343);
#563=VERTEX_POINT('',#2352);
#564=VERTEX_POINT('',#2354);
#565=VERTEX_POINT('',#2356);
#566=VERTEX_POINT('',#2358);
#567=VERTEX_POINT('',#2368);
#568=VERTEX_POINT('',#2370);
#569=VERTEX_POINT('',#2380);
#570=VERTEX_POINT('',#2382);
#571=VERTEX_POINT('',#2384);
#572=VERTEX_POINT('',#2386);
#573=VERTEX_POINT('',#2395);
#574=VERTEX_POINT('',#2397);
#575=VERTEX_POINT('',#2406);
#576=VERTEX_POINT('',#2409);
#577=VERTEX_POINT('',#2411);
#578=VERTEX_POINT('',#2413);
#579=VERTEX_POINT('',#2422);
#580=VERTEX_POINT('',#2424);
#581=VERTEX_POINT('',#2433);
#582=VERTEX_POINT('',#2435);
#583=VERTEX_POINT('',#2437);
#584=VERTEX_POINT('',#2439);
#585=VERTEX_POINT('',#2449);
#586=VERTEX_POINT('',#2451);
#587=VERTEX_POINT('',#2461);
#588=VERTEX_POINT('',#2463);
#589=VERTEX_POINT('',#2465);
#590=VERTEX_POINT('',#2467);
#591=VERTEX_POINT('',#2527);
#592=VERTEX_POINT('',#2529);
#593=VERTEX_POINT('',#2587);
#594=VERTEX_POINT('',#2588);
#595=VERTEX_POINT('',#2600);
#596=VERTEX_POINT('',#2663);
#597=VERTEX_POINT('',#2752);
#598=VERTEX_POINT('',#2754);
#599=VERTEX_POINT('',#2819);
#600=VERTEX_POINT('',#2820);
#601=VERTEX_POINT('',#2833);
#602=VERTEX_POINT('',#2896);
#603=VERTEX_POINT('',#2979);
#604=VERTEX_POINT('',#2981);
#605=VERTEX_POINT('',#3039);
#606=VERTEX_POINT('',#3040);
#607=VERTEX_POINT('',#3052);
#608=VERTEX_POINT('',#3115);
#609=VERTEX_POINT('',#3117);
#610=VERTEX_POINT('',#3208);
#611=VERTEX_POINT('',#3210);
#612=VERTEX_POINT('',#3275);
#613=VERTEX_POINT('',#3276);
#614=VERTEX_POINT('',#3289);
#615=VERTEX_POINT('',#3352);
#616=VERTEX_POINT('',#3435);
#617=VERTEX_POINT('',#3437);
#618=VERTEX_POINT('',#3501);
#619=VERTEX_POINT('',#3502);
#620=VERTEX_POINT('',#3515);
#621=VERTEX_POINT('',#3578);
#622=VERTEX_POINT('',#3667);
#623=VERTEX_POINT('',#3669);
#624=VERTEX_POINT('',#3734);
#625=VERTEX_POINT('',#3735);
#626=VERTEX_POINT('',#3748);
#627=VERTEX_POINT('',#3811);
#628=VERTEX_POINT('',#3894);
#629=VERTEX_POINT('',#3896);
#630=VERTEX_POINT('',#3954);
#631=VERTEX_POINT('',#3955);
#632=VERTEX_POINT('',#3967);
#633=VERTEX_POINT('',#4030);
#634=VERTEX_POINT('',#4092);
#635=VERTEX_POINT('',#4099);
#636=VERTEX_POINT('',#4101);
#637=VERTEX_POINT('',#4103);
#638=VERTEX_POINT('',#4107);
#639=VERTEX_POINT('',#4109);
#640=VERTEX_POINT('',#4113);
#641=VERTEX_POINT('',#4116);
#642=VERTEX_POINT('',#4120);
#643=VERTEX_POINT('',#4122);
#644=VERTEX_POINT('',#4126);
#645=VERTEX_POINT('',#4134);
#646=VERTEX_POINT('',#4136);
#647=VERTEX_POINT('',#4143);
#648=VERTEX_POINT('',#4144);
#649=VERTEX_POINT('',#4161);
#650=VERTEX_POINT('',#4180);
#651=VERTEX_POINT('',#4182);
#652=VERTEX_POINT('',#4185);
#653=VERTEX_POINT('',#4187);
#654=VERTEX_POINT('',#4204);
#655=EDGE_CURVE('',#534,#535,#481,.T.);
#656=EDGE_CURVE('',#536,#535,#369,.T.);
#657=EDGE_CURVE('',#537,#536,#482,.F.);
#658=EDGE_CURVE('',#534,#537,#370,.T.);
#659=EDGE_CURVE('',#538,#539,#483,.F.);
#660=EDGE_CURVE('',#540,#538,#371,.T.);
#661=EDGE_CURVE('',#540,#541,#484,.T.);
#662=EDGE_CURVE('',#539,#541,#372,.T.);
#663=EDGE_CURVE('',#542,#543,#373,.T.);
#664=EDGE_CURVE('',#543,#540,#77,.T.);
#665=EDGE_CURVE('',#538,#542,#78,.T.);
#666=EDGE_CURVE('',#544,#545,#374,.T.);
#667=EDGE_CURVE('',#545,#543,#485,.T.);
#668=EDGE_CURVE('',#542,#544,#486,.T.);
#669=EDGE_CURVE('',#535,#545,#79,.T.);
#670=EDGE_CURVE('',#544,#536,#80,.T.);
#671=EDGE_CURVE('',#541,#534,#375,.T.);
#672=EDGE_CURVE('',#537,#539,#376,.T.);
#673=EDGE_CURVE('',#536,#538,#377,.T.);
#674=EDGE_CURVE('',#539,#537,#378,.T.);
#675=EDGE_CURVE('',#546,#547,#379,.T.);
#676=EDGE_CURVE('',#547,#546,#380,.T.);
#677=EDGE_CURVE('',#547,#548,#81,.T.);
#678=EDGE_CURVE('',#549,#548,#381,.T.);
#679=EDGE_CURVE('',#550,#549,#487,.T.);
#680=EDGE_CURVE('',#551,#550,#82,.T.);
#681=EDGE_CURVE('',#552,#551,#382,.T.);
#682=EDGE_CURVE('',#553,#552,#83,.T.);
#683=EDGE_CURVE('',#554,#553,#488,.T.);
#684=EDGE_CURVE('',#555,#554,#383,.T.);
#685=EDGE_CURVE('',#556,#555,#489,.T.);
#686=EDGE_CURVE('',#557,#556,#84,.T.);
#687=EDGE_CURVE('',#558,#557,#384,.T.);
#688=EDGE_CURVE('',#559,#558,#85,.T.);
#689=EDGE_CURVE('',#560,#559,#490,.T.);
#690=EDGE_CURVE('',#561,#560,#385,.T.);
#691=EDGE_CURVE('',#562,#561,#491,.T.);
#692=EDGE_CURVE('',#563,#562,#86,.T.);
#693=EDGE_CURVE('',#564,#563,#386,.T.);
#694=EDGE_CURVE('',#565,#564,#87,.T.);
#695=EDGE_CURVE('',#566,#565,#492,.T.);
#696=EDGE_CURVE('',#567,#566,#387,.T.);
#697=EDGE_CURVE('',#568,#567,#493,.T.);
#698=EDGE_CURVE('',#569,#568,#88,.T.);
#699=EDGE_CURVE('',#570,#569,#388,.T.);
#700=EDGE_CURVE('',#571,#570,#89,.T.);
#701=EDGE_CURVE('',#572,#571,#494,.T.);
#702=EDGE_CURVE('',#573,#572,#389,.T.);
#703=EDGE_CURVE('',#574,#573,#495,.T.);
#704=EDGE_CURVE('',#575,#574,#90,.T.);
#705=EDGE_CURVE('',#545,#575,#390,.T.);
#706=EDGE_CURVE('',#576,#543,#391,.T.);
#707=EDGE_CURVE('',#577,#576,#91,.T.);
#708=EDGE_CURVE('',#578,#577,#496,.T.);
#709=EDGE_CURVE('',#579,#578,#392,.T.);
#710=EDGE_CURVE('',#580,#579,#497,.T.);
#711=EDGE_CURVE('',#581,#580,#92,.T.);
#712=EDGE_CURVE('',#582,#581,#393,.T.);
#713=EDGE_CURVE('',#583,#582,#93,.T.);
#714=EDGE_CURVE('',#584,#583,#498,.T.);
#715=EDGE_CURVE('',#585,#584,#394,.T.);
#716=EDGE_CURVE('',#586,#585,#499,.T.);
#717=EDGE_CURVE('',#587,#586,#94,.T.);
#718=EDGE_CURVE('',#588,#587,#395,.T.);
#719=EDGE_CURVE('',#589,#588,#95,.T.);
#720=EDGE_CURVE('',#590,#589,#500,.T.);
#721=EDGE_CURVE('',#548,#590,#396,.T.);
#722=EDGE_CURVE('',#591,#571,#397,.T.);
#723=EDGE_CURVE('',#592,#591,#501,.F.);
#724=EDGE_CURVE('',#572,#592,#398,.T.);
#725=EDGE_CURVE('',#593,#594,#502,.F.);
#726=EDGE_CURVE('',#574,#593,#399,.T.);
#727=EDGE_CURVE('',#594,#573,#400,.T.);
#728=EDGE_CURVE('',#595,#575,#401,.T.);
#729=EDGE_CURVE('',#593,#595,#96,.T.);
#730=EDGE_CURVE('',#596,#570,#402,.T.);
#731=EDGE_CURVE('',#570,#575,#503,.T.);
#732=EDGE_CURVE('',#595,#596,#504,.T.);
#733=EDGE_CURVE('',#596,#591,#97,.T.);
#734=EDGE_CURVE('',#592,#594,#403,.T.);
#735=EDGE_CURVE('',#591,#593,#404,.T.);
#736=EDGE_CURVE('',#594,#592,#405,.T.);
#737=EDGE_CURVE('',#597,#565,#406,.T.);
#738=EDGE_CURVE('',#598,#597,#505,.F.);
#739=EDGE_CURVE('',#566,#598,#407,.T.);
#740=EDGE_CURVE('',#599,#600,#506,.F.);
#741=EDGE_CURVE('',#568,#599,#408,.T.);
#742=EDGE_CURVE('',#600,#567,#409,.T.);
#743=EDGE_CURVE('',#601,#569,#410,.T.);
#744=EDGE_CURVE('',#599,#601,#98,.T.);
#745=EDGE_CURVE('',#602,#564,#411,.T.);
#746=EDGE_CURVE('',#564,#569,#507,.T.);
#747=EDGE_CURVE('',#601,#602,#508,.T.);
#748=EDGE_CURVE('',#602,#597,#99,.T.);
#749=EDGE_CURVE('',#598,#600,#412,.T.);
#750=EDGE_CURVE('',#597,#599,#413,.T.);
#751=EDGE_CURVE('',#600,#598,#414,.T.);
#752=EDGE_CURVE('',#603,#559,#415,.T.);
#753=EDGE_CURVE('',#604,#603,#509,.F.);
#754=EDGE_CURVE('',#560,#604,#416,.T.);
#755=EDGE_CURVE('',#605,#606,#510,.F.);
#756=EDGE_CURVE('',#562,#605,#417,.T.);
#757=EDGE_CURVE('',#606,#561,#418,.T.);
#758=EDGE_CURVE('',#607,#563,#419,.T.);
#759=EDGE_CURVE('',#605,#607,#100,.T.);
#760=EDGE_CURVE('',#608,#558,#420,.T.);
#761=EDGE_CURVE('',#558,#609,#511,.T.);
#762=EDGE_CURVE('',#609,#563,#512,.T.);
#763=EDGE_CURVE('',#607,#608,#513,.T.);
#764=EDGE_CURVE('',#608,#603,#101,.T.);
#765=EDGE_CURVE('',#604,#606,#421,.T.);
#766=EDGE_CURVE('',#603,#605,#422,.T.);
#767=EDGE_CURVE('',#606,#604,#423,.T.);
#768=EDGE_CURVE('',#610,#553,#424,.T.);
#769=EDGE_CURVE('',#611,#610,#514,.F.);
#770=EDGE_CURVE('',#554,#611,#425,.T.);
#771=EDGE_CURVE('',#612,#613,#515,.F.);
#772=EDGE_CURVE('',#556,#612,#426,.T.);
#773=EDGE_CURVE('',#613,#555,#427,.T.);
#774=EDGE_CURVE('',#614,#557,#428,.T.);
#775=EDGE_CURVE('',#612,#614,#102,.T.);
#776=EDGE_CURVE('',#615,#552,#429,.T.);
#777=EDGE_CURVE('',#552,#557,#516,.T.);
#778=EDGE_CURVE('',#614,#615,#517,.T.);
#779=EDGE_CURVE('',#615,#610,#103,.T.);
#780=EDGE_CURVE('',#611,#613,#430,.T.);
#781=EDGE_CURVE('',#610,#612,#431,.T.);
#782=EDGE_CURVE('',#613,#611,#432,.T.);
#783=EDGE_CURVE('',#616,#589,#433,.T.);
#784=EDGE_CURVE('',#617,#616,#518,.F.);
#785=EDGE_CURVE('',#590,#617,#434,.T.);
#786=EDGE_CURVE('',#618,#619,#519,.F.);
#787=EDGE_CURVE('',#550,#618,#435,.T.);
#788=EDGE_CURVE('',#619,#549,#436,.T.);
#789=EDGE_CURVE('',#620,#551,#437,.T.);
#790=EDGE_CURVE('',#618,#620,#104,.T.);
#791=EDGE_CURVE('',#621,#588,#438,.T.);
#792=EDGE_CURVE('',#588,#551,#520,.T.);
#793=EDGE_CURVE('',#620,#621,#521,.T.);
#794=EDGE_CURVE('',#621,#616,#105,.T.);
#795=EDGE_CURVE('',#617,#619,#439,.T.);
#796=EDGE_CURVE('',#616,#618,#440,.T.);
#797=EDGE_CURVE('',#619,#617,#441,.T.);
#798=EDGE_CURVE('',#622,#583,#442,.T.);
#799=EDGE_CURVE('',#623,#622,#522,.F.);
#800=EDGE_CURVE('',#584,#623,#443,.T.);
#801=EDGE_CURVE('',#624,#625,#523,.F.);
#802=EDGE_CURVE('',#586,#624,#444,.T.);
#803=EDGE_CURVE('',#625,#585,#445,.T.);
#804=EDGE_CURVE('',#626,#587,#446,.T.);
#805=EDGE_CURVE('',#624,#626,#106,.T.);
#806=EDGE_CURVE('',#627,#582,#447,.T.);
#807=EDGE_CURVE('',#582,#587,#524,.T.);
#808=EDGE_CURVE('',#626,#627,#525,.T.);
#809=EDGE_CURVE('',#627,#622,#107,.T.);
#810=EDGE_CURVE('',#623,#625,#448,.T.);
#811=EDGE_CURVE('',#622,#624,#449,.T.);
#812=EDGE_CURVE('',#625,#623,#450,.T.);
#813=EDGE_CURVE('',#628,#577,#451,.T.);
#814=EDGE_CURVE('',#629,#628,#526,.F.);
#815=EDGE_CURVE('',#578,#629,#452,.T.);
#816=EDGE_CURVE('',#630,#631,#527,.F.);
#817=EDGE_CURVE('',#580,#630,#453,.T.);
#818=EDGE_CURVE('',#631,#579,#454,.T.);
#819=EDGE_CURVE('',#632,#581,#455,.T.);
#820=EDGE_CURVE('',#630,#632,#108,.T.);
#821=EDGE_CURVE('',#633,#576,#456,.T.);
#822=EDGE_CURVE('',#576,#581,#528,.T.);
#823=EDGE_CURVE('',#632,#633,#529,.T.);
#824=EDGE_CURVE('',#633,#628,#109,.T.);
#825=EDGE_CURVE('',#629,#631,#457,.T.);
#826=EDGE_CURVE('',#628,#630,#458,.T.);
#827=EDGE_CURVE('',#631,#629,#459,.T.);
#828=EDGE_CURVE('',#634,#634,#460,.T.);
#829=EDGE_CURVE('',#634,#609,#40,.T.);
#830=EDGE_CURVE('',#635,#635,#461,.T.);
#831=EDGE_CURVE('',#635,#636,#462,.T.);
#832=EDGE_CURVE('',#636,#637,#463,.T.);
#833=EDGE_CURVE('',#637,#636,#464,.T.);
#834=EDGE_CURVE('',#637,#638,#110,.T.);
#835=EDGE_CURVE('',#639,#638,#465,.T.);
#836=EDGE_CURVE('',#638,#639,#466,.T.);
#837=EDGE_CURVE('',#640,#640,#467,.T.);
#838=EDGE_CURVE('',#546,#641,#468,.T.);
#839=EDGE_CURVE('',#641,#641,#469,.T.);
#840=EDGE_CURVE('',#639,#642,#470,.T.);
#841=EDGE_CURVE('',#642,#643,#471,.T.);
#842=EDGE_CURVE('',#643,#642,#472,.T.);
#843=EDGE_CURVE('',#640,#644,#111,.T.);
#844=EDGE_CURVE('',#644,#644,#473,.T.);
#845=EDGE_CURVE('',#641,#643,#474,.T.);
#846=EDGE_CURVE('',#645,#645,#475,.T.);
#847=EDGE_CURVE('',#645,#646,#112,.T.);
#848=EDGE_CURVE('',#646,#646,#476,.T.);
#849=EDGE_CURVE('',#647,#648,#530,.T.);
#850=EDGE_CURVE('',#649,#647,#113,.T.);
#851=EDGE_CURVE('',#648,#649,#531,.T.);
#852=EDGE_CURVE('',#650,#649,#477,.T.);
#853=EDGE_CURVE('',#650,#651,#114,.T.);
#854=EDGE_CURVE('',#651,#651,#478,.T.);
#855=EDGE_CURVE('',#652,#650,#479,.T.);
#856=EDGE_CURVE('',#652,#653,#532,.T.);
#857=EDGE_CURVE('',#653,#654,#533,.T.);
#858=EDGE_CURVE('',#647,#654,#480,.T.);
#859=EDGE_CURVE('',#654,#652,#115,.T.);
#860=ORIENTED_EDGE('',*,*,#655,.T.);
#861=ORIENTED_EDGE('',*,*,#656,.F.);
#862=ORIENTED_EDGE('',*,*,#657,.F.);
#863=ORIENTED_EDGE('',*,*,#658,.F.);
#864=ORIENTED_EDGE('',*,*,#659,.F.);
#865=ORIENTED_EDGE('',*,*,#660,.F.);
#866=ORIENTED_EDGE('',*,*,#661,.T.);
#867=ORIENTED_EDGE('',*,*,#662,.F.);
#868=ORIENTED_EDGE('',*,*,#663,.T.);
#869=ORIENTED_EDGE('',*,*,#664,.T.);
#870=ORIENTED_EDGE('',*,*,#660,.T.);
#871=ORIENTED_EDGE('',*,*,#665,.T.);
#872=ORIENTED_EDGE('',*,*,#666,.T.);
#873=ORIENTED_EDGE('',*,*,#667,.T.);
#874=ORIENTED_EDGE('',*,*,#663,.F.);
#875=ORIENTED_EDGE('',*,*,#668,.T.);
#876=ORIENTED_EDGE('',*,*,#656,.T.);
#877=ORIENTED_EDGE('',*,*,#669,.T.);
#878=ORIENTED_EDGE('',*,*,#666,.F.);
#879=ORIENTED_EDGE('',*,*,#670,.T.);
#880=ORIENTED_EDGE('',*,*,#662,.T.);
#881=ORIENTED_EDGE('',*,*,#671,.T.);
#882=ORIENTED_EDGE('',*,*,#658,.T.);
#883=ORIENTED_EDGE('',*,*,#672,.T.);
#884=ORIENTED_EDGE('',*,*,#657,.T.);
#885=ORIENTED_EDGE('',*,*,#673,.T.);
#886=ORIENTED_EDGE('',*,*,#659,.T.);
#887=ORIENTED_EDGE('',*,*,#674,.T.);
#888=ORIENTED_EDGE('',*,*,#675,.F.);
#889=ORIENTED_EDGE('',*,*,#676,.F.);
#890=ORIENTED_EDGE('',*,*,#677,.T.);
#891=ORIENTED_EDGE('',*,*,#678,.F.);
#892=ORIENTED_EDGE('',*,*,#679,.F.);
#893=ORIENTED_EDGE('',*,*,#680,.F.);
#894=ORIENTED_EDGE('',*,*,#681,.F.);
#895=ORIENTED_EDGE('',*,*,#682,.F.);
#896=ORIENTED_EDGE('',*,*,#683,.F.);
#897=ORIENTED_EDGE('',*,*,#684,.F.);
#898=ORIENTED_EDGE('',*,*,#685,.F.);
#899=ORIENTED_EDGE('',*,*,#686,.F.);
#900=ORIENTED_EDGE('',*,*,#687,.F.);
#901=ORIENTED_EDGE('',*,*,#688,.F.);
#902=ORIENTED_EDGE('',*,*,#689,.F.);
#903=ORIENTED_EDGE('',*,*,#690,.F.);
#904=ORIENTED_EDGE('',*,*,#691,.F.);
#905=ORIENTED_EDGE('',*,*,#692,.F.);
#906=ORIENTED_EDGE('',*,*,#693,.F.);
#907=ORIENTED_EDGE('',*,*,#694,.F.);
#908=ORIENTED_EDGE('',*,*,#695,.F.);
#909=ORIENTED_EDGE('',*,*,#696,.F.);
#910=ORIENTED_EDGE('',*,*,#697,.F.);
#911=ORIENTED_EDGE('',*,*,#698,.F.);
#912=ORIENTED_EDGE('',*,*,#699,.F.);
#913=ORIENTED_EDGE('',*,*,#700,.F.);
#914=ORIENTED_EDGE('',*,*,#701,.F.);
#915=ORIENTED_EDGE('',*,*,#702,.F.);
#916=ORIENTED_EDGE('',*,*,#703,.F.);
#917=ORIENTED_EDGE('',*,*,#704,.F.);
#918=ORIENTED_EDGE('',*,*,#705,.F.);
#919=ORIENTED_EDGE('',*,*,#669,.F.);
#920=ORIENTED_EDGE('',*,*,#655,.F.);
#921=ORIENTED_EDGE('',*,*,#671,.F.);
#922=ORIENTED_EDGE('',*,*,#661,.F.);
#923=ORIENTED_EDGE('',*,*,#664,.F.);
#924=ORIENTED_EDGE('',*,*,#706,.F.);
#925=ORIENTED_EDGE('',*,*,#707,.F.);
#926=ORIENTED_EDGE('',*,*,#708,.F.);
#927=ORIENTED_EDGE('',*,*,#709,.F.);
#928=ORIENTED_EDGE('',*,*,#710,.F.);
#929=ORIENTED_EDGE('',*,*,#711,.F.);
#930=ORIENTED_EDGE('',*,*,#712,.F.);
#931=ORIENTED_EDGE('',*,*,#713,.F.);
#932=ORIENTED_EDGE('',*,*,#714,.F.);
#933=ORIENTED_EDGE('',*,*,#715,.F.);
#934=ORIENTED_EDGE('',*,*,#716,.F.);
#935=ORIENTED_EDGE('',*,*,#717,.F.);
#936=ORIENTED_EDGE('',*,*,#718,.F.);
#937=ORIENTED_EDGE('',*,*,#719,.F.);
#938=ORIENTED_EDGE('',*,*,#720,.F.);
#939=ORIENTED_EDGE('',*,*,#721,.F.);
#940=ORIENTED_EDGE('',*,*,#677,.F.);
#941=ORIENTED_EDGE('',*,*,#665,.F.);
#942=ORIENTED_EDGE('',*,*,#673,.F.);
#943=ORIENTED_EDGE('',*,*,#670,.F.);
#944=ORIENTED_EDGE('',*,*,#668,.F.);
#945=ORIENTED_EDGE('',*,*,#672,.F.);
#946=ORIENTED_EDGE('',*,*,#674,.F.);
#947=ORIENTED_EDGE('',*,*,#701,.T.);
#948=ORIENTED_EDGE('',*,*,#722,.F.);
#949=ORIENTED_EDGE('',*,*,#723,.F.);
#950=ORIENTED_EDGE('',*,*,#724,.F.);
#951=ORIENTED_EDGE('',*,*,#725,.F.);
#952=ORIENTED_EDGE('',*,*,#726,.F.);
#953=ORIENTED_EDGE('',*,*,#703,.T.);
#954=ORIENTED_EDGE('',*,*,#727,.F.);
#955=ORIENTED_EDGE('',*,*,#728,.T.);
#956=ORIENTED_EDGE('',*,*,#704,.T.);
#957=ORIENTED_EDGE('',*,*,#726,.T.);
#958=ORIENTED_EDGE('',*,*,#729,.T.);
#959=ORIENTED_EDGE('',*,*,#730,.T.);
#960=ORIENTED_EDGE('',*,*,#731,.T.);
#961=ORIENTED_EDGE('',*,*,#728,.F.);
#962=ORIENTED_EDGE('',*,*,#732,.T.);
#963=ORIENTED_EDGE('',*,*,#722,.T.);
#964=ORIENTED_EDGE('',*,*,#700,.T.);
#965=ORIENTED_EDGE('',*,*,#730,.F.);
#966=ORIENTED_EDGE('',*,*,#733,.T.);
#967=ORIENTED_EDGE('',*,*,#727,.T.);
#968=ORIENTED_EDGE('',*,*,#702,.T.);
#969=ORIENTED_EDGE('',*,*,#724,.T.);
#970=ORIENTED_EDGE('',*,*,#734,.T.);
#971=ORIENTED_EDGE('',*,*,#723,.T.);
#972=ORIENTED_EDGE('',*,*,#735,.T.);
#973=ORIENTED_EDGE('',*,*,#725,.T.);
#974=ORIENTED_EDGE('',*,*,#736,.T.);
#975=ORIENTED_EDGE('',*,*,#729,.F.);
#976=ORIENTED_EDGE('',*,*,#735,.F.);
#977=ORIENTED_EDGE('',*,*,#733,.F.);
#978=ORIENTED_EDGE('',*,*,#732,.F.);
#979=ORIENTED_EDGE('',*,*,#734,.F.);
#980=ORIENTED_EDGE('',*,*,#736,.F.);
#981=ORIENTED_EDGE('',*,*,#695,.T.);
#982=ORIENTED_EDGE('',*,*,#737,.F.);
#983=ORIENTED_EDGE('',*,*,#738,.F.);
#984=ORIENTED_EDGE('',*,*,#739,.F.);
#985=ORIENTED_EDGE('',*,*,#740,.F.);
#986=ORIENTED_EDGE('',*,*,#741,.F.);
#987=ORIENTED_EDGE('',*,*,#697,.T.);
#988=ORIENTED_EDGE('',*,*,#742,.F.);
#989=ORIENTED_EDGE('',*,*,#743,.T.);
#990=ORIENTED_EDGE('',*,*,#698,.T.);
#991=ORIENTED_EDGE('',*,*,#741,.T.);
#992=ORIENTED_EDGE('',*,*,#744,.T.);
#993=ORIENTED_EDGE('',*,*,#745,.T.);
#994=ORIENTED_EDGE('',*,*,#746,.T.);
#995=ORIENTED_EDGE('',*,*,#743,.F.);
#996=ORIENTED_EDGE('',*,*,#747,.T.);
#997=ORIENTED_EDGE('',*,*,#737,.T.);
#998=ORIENTED_EDGE('',*,*,#694,.T.);
#999=ORIENTED_EDGE('',*,*,#745,.F.);
#1000=ORIENTED_EDGE('',*,*,#748,.T.);
#1001=ORIENTED_EDGE('',*,*,#742,.T.);
#1002=ORIENTED_EDGE('',*,*,#696,.T.);
#1003=ORIENTED_EDGE('',*,*,#739,.T.);
#1004=ORIENTED_EDGE('',*,*,#749,.T.);
#1005=ORIENTED_EDGE('',*,*,#738,.T.);
#1006=ORIENTED_EDGE('',*,*,#750,.T.);
#1007=ORIENTED_EDGE('',*,*,#740,.T.);
#1008=ORIENTED_EDGE('',*,*,#751,.T.);
#1009=ORIENTED_EDGE('',*,*,#744,.F.);
#1010=ORIENTED_EDGE('',*,*,#750,.F.);
#1011=ORIENTED_EDGE('',*,*,#748,.F.);
#1012=ORIENTED_EDGE('',*,*,#747,.F.);
#1013=ORIENTED_EDGE('',*,*,#749,.F.);
#1014=ORIENTED_EDGE('',*,*,#751,.F.);
#1015=ORIENTED_EDGE('',*,*,#689,.T.);
#1016=ORIENTED_EDGE('',*,*,#752,.F.);
#1017=ORIENTED_EDGE('',*,*,#753,.F.);
#1018=ORIENTED_EDGE('',*,*,#754,.F.);
#1019=ORIENTED_EDGE('',*,*,#755,.F.);
#1020=ORIENTED_EDGE('',*,*,#756,.F.);
#1021=ORIENTED_EDGE('',*,*,#691,.T.);
#1022=ORIENTED_EDGE('',*,*,#757,.F.);
#1023=ORIENTED_EDGE('',*,*,#758,.T.);
#1024=ORIENTED_EDGE('',*,*,#692,.T.);
#1025=ORIENTED_EDGE('',*,*,#756,.T.);
#1026=ORIENTED_EDGE('',*,*,#759,.T.);
#1027=ORIENTED_EDGE('',*,*,#760,.T.);
#1028=ORIENTED_EDGE('',*,*,#761,.T.);
#1029=ORIENTED_EDGE('',*,*,#762,.T.);
#1030=ORIENTED_EDGE('',*,*,#758,.F.);
#1031=ORIENTED_EDGE('',*,*,#763,.T.);
#1032=ORIENTED_EDGE('',*,*,#752,.T.);
#1033=ORIENTED_EDGE('',*,*,#688,.T.);
#1034=ORIENTED_EDGE('',*,*,#760,.F.);
#1035=ORIENTED_EDGE('',*,*,#764,.T.);
#1036=ORIENTED_EDGE('',*,*,#757,.T.);
#1037=ORIENTED_EDGE('',*,*,#690,.T.);
#1038=ORIENTED_EDGE('',*,*,#754,.T.);
#1039=ORIENTED_EDGE('',*,*,#765,.T.);
#1040=ORIENTED_EDGE('',*,*,#753,.T.);
#1041=ORIENTED_EDGE('',*,*,#766,.T.);
#1042=ORIENTED_EDGE('',*,*,#755,.T.);
#1043=ORIENTED_EDGE('',*,*,#767,.T.);
#1044=ORIENTED_EDGE('',*,*,#759,.F.);
#1045=ORIENTED_EDGE('',*,*,#766,.F.);
#1046=ORIENTED_EDGE('',*,*,#764,.F.);
#1047=ORIENTED_EDGE('',*,*,#763,.F.);
#1048=ORIENTED_EDGE('',*,*,#765,.F.);
#1049=ORIENTED_EDGE('',*,*,#767,.F.);
#1050=ORIENTED_EDGE('',*,*,#683,.T.);
#1051=ORIENTED_EDGE('',*,*,#768,.F.);
#1052=ORIENTED_EDGE('',*,*,#769,.F.);
#1053=ORIENTED_EDGE('',*,*,#770,.F.);
#1054=ORIENTED_EDGE('',*,*,#771,.F.);
#1055=ORIENTED_EDGE('',*,*,#772,.F.);
#1056=ORIENTED_EDGE('',*,*,#685,.T.);
#1057=ORIENTED_EDGE('',*,*,#773,.F.);
#1058=ORIENTED_EDGE('',*,*,#774,.T.);
#1059=ORIENTED_EDGE('',*,*,#686,.T.);
#1060=ORIENTED_EDGE('',*,*,#772,.T.);
#1061=ORIENTED_EDGE('',*,*,#775,.T.);
#1062=ORIENTED_EDGE('',*,*,#776,.T.);
#1063=ORIENTED_EDGE('',*,*,#777,.T.);
#1064=ORIENTED_EDGE('',*,*,#774,.F.);
#1065=ORIENTED_EDGE('',*,*,#778,.T.);
#1066=ORIENTED_EDGE('',*,*,#768,.T.);
#1067=ORIENTED_EDGE('',*,*,#682,.T.);
#1068=ORIENTED_EDGE('',*,*,#776,.F.);
#1069=ORIENTED_EDGE('',*,*,#779,.T.);
#1070=ORIENTED_EDGE('',*,*,#773,.T.);
#1071=ORIENTED_EDGE('',*,*,#684,.T.);
#1072=ORIENTED_EDGE('',*,*,#770,.T.);
#1073=ORIENTED_EDGE('',*,*,#780,.T.);
#1074=ORIENTED_EDGE('',*,*,#769,.T.);
#1075=ORIENTED_EDGE('',*,*,#781,.T.);
#1076=ORIENTED_EDGE('',*,*,#771,.T.);
#1077=ORIENTED_EDGE('',*,*,#782,.T.);
#1078=ORIENTED_EDGE('',*,*,#775,.F.);
#1079=ORIENTED_EDGE('',*,*,#781,.F.);
#1080=ORIENTED_EDGE('',*,*,#779,.F.);
#1081=ORIENTED_EDGE('',*,*,#778,.F.);
#1082=ORIENTED_EDGE('',*,*,#780,.F.);
#1083=ORIENTED_EDGE('',*,*,#782,.F.);
#1084=ORIENTED_EDGE('',*,*,#720,.T.);
#1085=ORIENTED_EDGE('',*,*,#783,.F.);
#1086=ORIENTED_EDGE('',*,*,#784,.F.);
#1087=ORIENTED_EDGE('',*,*,#785,.F.);
#1088=ORIENTED_EDGE('',*,*,#786,.F.);
#1089=ORIENTED_EDGE('',*,*,#787,.F.);
#1090=ORIENTED_EDGE('',*,*,#679,.T.);
#1091=ORIENTED_EDGE('',*,*,#788,.F.);
#1092=ORIENTED_EDGE('',*,*,#789,.T.);
#1093=ORIENTED_EDGE('',*,*,#680,.T.);
#1094=ORIENTED_EDGE('',*,*,#787,.T.);
#1095=ORIENTED_EDGE('',*,*,#790,.T.);
#1096=ORIENTED_EDGE('',*,*,#791,.T.);
#1097=ORIENTED_EDGE('',*,*,#792,.T.);
#1098=ORIENTED_EDGE('',*,*,#789,.F.);
#1099=ORIENTED_EDGE('',*,*,#793,.T.);
#1100=ORIENTED_EDGE('',*,*,#783,.T.);
#1101=ORIENTED_EDGE('',*,*,#719,.T.);
#1102=ORIENTED_EDGE('',*,*,#791,.F.);
#1103=ORIENTED_EDGE('',*,*,#794,.T.);
#1104=ORIENTED_EDGE('',*,*,#788,.T.);
#1105=ORIENTED_EDGE('',*,*,#678,.T.);
#1106=ORIENTED_EDGE('',*,*,#721,.T.);
#1107=ORIENTED_EDGE('',*,*,#785,.T.);
#1108=ORIENTED_EDGE('',*,*,#795,.T.);
#1109=ORIENTED_EDGE('',*,*,#784,.T.);
#1110=ORIENTED_EDGE('',*,*,#796,.T.);
#1111=ORIENTED_EDGE('',*,*,#786,.T.);
#1112=ORIENTED_EDGE('',*,*,#797,.T.);
#1113=ORIENTED_EDGE('',*,*,#790,.F.);
#1114=ORIENTED_EDGE('',*,*,#796,.F.);
#1115=ORIENTED_EDGE('',*,*,#794,.F.);
#1116=ORIENTED_EDGE('',*,*,#793,.F.);
#1117=ORIENTED_EDGE('',*,*,#795,.F.);
#1118=ORIENTED_EDGE('',*,*,#797,.F.);
#1119=ORIENTED_EDGE('',*,*,#714,.T.);
#1120=ORIENTED_EDGE('',*,*,#798,.F.);
#1121=ORIENTED_EDGE('',*,*,#799,.F.);
#1122=ORIENTED_EDGE('',*,*,#800,.F.);
#1123=ORIENTED_EDGE('',*,*,#801,.F.);
#1124=ORIENTED_EDGE('',*,*,#802,.F.);
#1125=ORIENTED_EDGE('',*,*,#716,.T.);
#1126=ORIENTED_EDGE('',*,*,#803,.F.);
#1127=ORIENTED_EDGE('',*,*,#804,.T.);
#1128=ORIENTED_EDGE('',*,*,#717,.T.);
#1129=ORIENTED_EDGE('',*,*,#802,.T.);
#1130=ORIENTED_EDGE('',*,*,#805,.T.);
#1131=ORIENTED_EDGE('',*,*,#806,.T.);
#1132=ORIENTED_EDGE('',*,*,#807,.T.);
#1133=ORIENTED_EDGE('',*,*,#804,.F.);
#1134=ORIENTED_EDGE('',*,*,#808,.T.);
#1135=ORIENTED_EDGE('',*,*,#798,.T.);
#1136=ORIENTED_EDGE('',*,*,#713,.T.);
#1137=ORIENTED_EDGE('',*,*,#806,.F.);
#1138=ORIENTED_EDGE('',*,*,#809,.T.);
#1139=ORIENTED_EDGE('',*,*,#803,.T.);
#1140=ORIENTED_EDGE('',*,*,#715,.T.);
#1141=ORIENTED_EDGE('',*,*,#800,.T.);
#1142=ORIENTED_EDGE('',*,*,#810,.T.);
#1143=ORIENTED_EDGE('',*,*,#799,.T.);
#1144=ORIENTED_EDGE('',*,*,#811,.T.);
#1145=ORIENTED_EDGE('',*,*,#801,.T.);
#1146=ORIENTED_EDGE('',*,*,#812,.T.);
#1147=ORIENTED_EDGE('',*,*,#805,.F.);
#1148=ORIENTED_EDGE('',*,*,#811,.F.);
#1149=ORIENTED_EDGE('',*,*,#809,.F.);
#1150=ORIENTED_EDGE('',*,*,#808,.F.);
#1151=ORIENTED_EDGE('',*,*,#810,.F.);
#1152=ORIENTED_EDGE('',*,*,#812,.F.);
#1153=ORIENTED_EDGE('',*,*,#708,.T.);
#1154=ORIENTED_EDGE('',*,*,#813,.F.);
#1155=ORIENTED_EDGE('',*,*,#814,.F.);
#1156=ORIENTED_EDGE('',*,*,#815,.F.);
#1157=ORIENTED_EDGE('',*,*,#816,.F.);
#1158=ORIENTED_EDGE('',*,*,#817,.F.);
#1159=ORIENTED_EDGE('',*,*,#710,.T.);
#1160=ORIENTED_EDGE('',*,*,#818,.F.);
#1161=ORIENTED_EDGE('',*,*,#819,.T.);
#1162=ORIENTED_EDGE('',*,*,#711,.T.);
#1163=ORIENTED_EDGE('',*,*,#817,.T.);
#1164=ORIENTED_EDGE('',*,*,#820,.T.);
#1165=ORIENTED_EDGE('',*,*,#821,.T.);
#1166=ORIENTED_EDGE('',*,*,#822,.T.);
#1167=ORIENTED_EDGE('',*,*,#819,.F.);
#1168=ORIENTED_EDGE('',*,*,#823,.T.);
#1169=ORIENTED_EDGE('',*,*,#813,.T.);
#1170=ORIENTED_EDGE('',*,*,#707,.T.);
#1171=ORIENTED_EDGE('',*,*,#821,.F.);
#1172=ORIENTED_EDGE('',*,*,#824,.T.);
#1173=ORIENTED_EDGE('',*,*,#818,.T.);
#1174=ORIENTED_EDGE('',*,*,#709,.T.);
#1175=ORIENTED_EDGE('',*,*,#815,.T.);
#1176=ORIENTED_EDGE('',*,*,#825,.T.);
#1177=ORIENTED_EDGE('',*,*,#814,.T.);
#1178=ORIENTED_EDGE('',*,*,#826,.T.);
#1179=ORIENTED_EDGE('',*,*,#816,.T.);
#1180=ORIENTED_EDGE('',*,*,#827,.T.);
#1181=ORIENTED_EDGE('',*,*,#820,.F.);
#1182=ORIENTED_EDGE('',*,*,#826,.F.);
#1183=ORIENTED_EDGE('',*,*,#824,.F.);
#1184=ORIENTED_EDGE('',*,*,#823,.F.);
#1185=ORIENTED_EDGE('',*,*,#825,.F.);
#1186=ORIENTED_EDGE('',*,*,#827,.F.);
#1187=ORIENTED_EDGE('',*,*,#828,.T.);
#1188=ORIENTED_EDGE('',*,*,#829,.T.);
#1189=ORIENTED_EDGE('',*,*,#761,.F.);
#1190=ORIENTED_EDGE('',*,*,#687,.T.);
#1191=ORIENTED_EDGE('',*,*,#777,.F.);
#1192=ORIENTED_EDGE('',*,*,#681,.T.);
#1193=ORIENTED_EDGE('',*,*,#792,.F.);
#1194=ORIENTED_EDGE('',*,*,#718,.T.);
#1195=ORIENTED_EDGE('',*,*,#807,.F.);
#1196=ORIENTED_EDGE('',*,*,#712,.T.);
#1197=ORIENTED_EDGE('',*,*,#822,.F.);
#1198=ORIENTED_EDGE('',*,*,#706,.T.);
#1199=ORIENTED_EDGE('',*,*,#667,.F.);
#1200=ORIENTED_EDGE('',*,*,#705,.T.);
#1201=ORIENTED_EDGE('',*,*,#731,.F.);
#1202=ORIENTED_EDGE('',*,*,#699,.T.);
#1203=ORIENTED_EDGE('',*,*,#746,.F.);
#1204=ORIENTED_EDGE('',*,*,#693,.T.);
#1205=ORIENTED_EDGE('',*,*,#762,.F.);
#1206=ORIENTED_EDGE('',*,*,#829,.F.);
#1207=ORIENTED_EDGE('',*,*,#828,.F.);
#1208=ORIENTED_EDGE('',*,*,#830,.T.);
#1209=ORIENTED_EDGE('',*,*,#831,.T.);
#1210=ORIENTED_EDGE('',*,*,#832,.T.);
#1211=ORIENTED_EDGE('',*,*,#833,.T.);
#1212=ORIENTED_EDGE('',*,*,#831,.F.);
#1213=ORIENTED_EDGE('',*,*,#833,.F.);
#1214=ORIENTED_EDGE('',*,*,#834,.T.);
#1215=ORIENTED_EDGE('',*,*,#835,.F.);
#1216=ORIENTED_EDGE('',*,*,#836,.F.);
#1217=ORIENTED_EDGE('',*,*,#834,.F.);
#1218=ORIENTED_EDGE('',*,*,#832,.F.);
#1219=ORIENTED_EDGE('',*,*,#830,.F.);
#1220=ORIENTED_EDGE('',*,*,#837,.T.);
#1221=ORIENTED_EDGE('',*,*,#675,.T.);
#1222=ORIENTED_EDGE('',*,*,#676,.T.);
#1223=ORIENTED_EDGE('',*,*,#838,.T.);
#1224=ORIENTED_EDGE('',*,*,#839,.T.);
#1225=ORIENTED_EDGE('',*,*,#838,.F.);
#1226=ORIENTED_EDGE('',*,*,#835,.T.);
#1227=ORIENTED_EDGE('',*,*,#836,.T.);
#1228=ORIENTED_EDGE('',*,*,#840,.T.);
#1229=ORIENTED_EDGE('',*,*,#841,.T.);
#1230=ORIENTED_EDGE('',*,*,#842,.T.);
#1231=ORIENTED_EDGE('',*,*,#840,.F.);
#1232=ORIENTED_EDGE('',*,*,#837,.F.);
#1233=ORIENTED_EDGE('',*,*,#843,.T.);
#1234=ORIENTED_EDGE('',*,*,#844,.T.);
#1235=ORIENTED_EDGE('',*,*,#843,.F.);
#1236=ORIENTED_EDGE('',*,*,#844,.F.);
#1237=ORIENTED_EDGE('',*,*,#839,.F.);
#1238=ORIENTED_EDGE('',*,*,#845,.T.);
#1239=ORIENTED_EDGE('',*,*,#841,.F.);
#1240=ORIENTED_EDGE('',*,*,#842,.F.);
#1241=ORIENTED_EDGE('',*,*,#845,.F.);
#1242=ORIENTED_EDGE('',*,*,#846,.F.);
#1243=ORIENTED_EDGE('',*,*,#847,.T.);
#1244=ORIENTED_EDGE('',*,*,#848,.T.);
#1245=ORIENTED_EDGE('',*,*,#847,.F.);
#1246=ORIENTED_EDGE('',*,*,#846,.T.);
#1247=ORIENTED_EDGE('',*,*,#848,.F.);
#1248=ORIENTED_EDGE('',*,*,#849,.F.);
#1249=ORIENTED_EDGE('',*,*,#850,.F.);
#1250=ORIENTED_EDGE('',*,*,#851,.F.);
#1251=ORIENTED_EDGE('',*,*,#849,.T.);
#1252=ORIENTED_EDGE('',*,*,#851,.T.);
#1253=ORIENTED_EDGE('',*,*,#852,.F.);
#1254=ORIENTED_EDGE('',*,*,#853,.T.);
#1255=ORIENTED_EDGE('',*,*,#854,.T.);
#1256=ORIENTED_EDGE('',*,*,#853,.F.);
#1257=ORIENTED_EDGE('',*,*,#855,.F.);
#1258=ORIENTED_EDGE('',*,*,#856,.T.);
#1259=ORIENTED_EDGE('',*,*,#857,.T.);
#1260=ORIENTED_EDGE('',*,*,#858,.F.);
#1261=ORIENTED_EDGE('',*,*,#857,.F.);
#1262=ORIENTED_EDGE('',*,*,#856,.F.);
#1263=ORIENTED_EDGE('',*,*,#859,.F.);
#1264=ORIENTED_EDGE('',*,*,#850,.T.);
#1265=ORIENTED_EDGE('',*,*,#858,.T.);
#1266=ORIENTED_EDGE('',*,*,#859,.T.);
#1267=ORIENTED_EDGE('',*,*,#855,.T.);
#1268=ORIENTED_EDGE('',*,*,#852,.T.);
#1269=ORIENTED_EDGE('',*,*,#854,.F.);
#1270=B_SPLINE_SURFACE_WITH_KNOTS('',3,3,((#2021,#2022,#2023,#2024,#2025,
#2026,#2027,#2028,#2029),(#2030,#2031,#2032,#2033,#2034,#2035,#2036,#2037,
#2038),(#2039,#2040,#2041,#2042,#2043,#2044,#2045,#2046,#2047),(#2048,#2049,
#2050,#2051,#2052,#2053,#2054,#2055,#2056),(#2057,#2058,#2059,#2060,#2061,
#2062,#2063,#2064,#2065),(#2066,#2067,#2068,#2069,#2070,#2071,#2072,#2073,
#2074)),.UNSPECIFIED.,.F.,.F.,.F.,(4,1,1,4),(4,1,1,1,1,1,4),(0.,0.285714285714286,
0.571428571428571,1.),(0.,0.142857142857143,0.285714285714286,0.571428571428571,
0.821428571428571,0.857142857142857,1.),.UNSPECIFIED.);
#1271=B_SPLINE_SURFACE_WITH_KNOTS('',3,3,((#2099,#2100,#2101,#2102,#2103,
#2104,#2105,#2106,#2107),(#2108,#2109,#2110,#2111,#2112,#2113,#2114,#2115,
#2116),(#2117,#2118,#2119,#2120,#2121,#2122,#2123,#2124,#2125),(#2126,#2127,
#2128,#2129,#2130,#2131,#2132,#2133,#2134),(#2135,#2136,#2137,#2138,#2139,
#2140,#2141,#2142,#2143),(#2144,#2145,#2146,#2147,#2148,#2149,#2150,#2151,
#2152)),.UNSPECIFIED.,.F.,.F.,.F.,(4,1,1,4),(4,1,1,1,1,1,4),(0.,0.285714285714286,
0.571428571428571,1.),(-4.87666125874205E-16,0.142857142857142,0.285714285714285,
0.428571428571428,0.714285714285714,0.857142857142857,1.),.UNSPECIFIED.);
#1272=B_SPLINE_SURFACE_WITH_KNOTS('',3,3,((#2183,#2184,#2185,#2186,#2187,
#2188,#2189,#2190,#2191,#2192,#2193,#2194),(#2195,#2196,#2197,#2198,#2199,
#2200,#2201,#2202,#2203,#2204,#2205,#2206),(#2207,#2208,#2209,#2210,#2211,
#2212,#2213,#2214,#2215,#2216,#2217,#2218),(#2219,#2220,#2221,#2222,#2223,
#2224,#2225,#2226,#2227,#2228,#2229,#2230),(#2231,#2232,#2233,#2234,#2235,
#2236,#2237,#2238,#2239,#2240,#2241,#2242)),.UNSPECIFIED.,.F.,.F.,.F.,(4,
1,4),(4,1,1,1,1,1,1,1,1,4),(0.,0.571428571428571,1.),(0.,0.251972831769308,
0.503945663538616,0.62993207942327,0.755918495307924,0.881904911192578,
1.00789132707723,1.25986415884654,1.51183699061585,1.76380982238516),
 .UNSPECIFIED.);
#1273=B_SPLINE_SURFACE_WITH_KNOTS('',3,3,((#2479,#2480,#2481,#2482,#2483,
#2484,#2485,#2486),(#2487,#2488,#2489,#2490,#2491,#2492,#2493,#2494),(#2495,
#2496,#2497,#2498,#2499,#2500,#2501,#2502),(#2503,#2504,#2505,#2506,#2507,
#2508,#2509,#2510),(#2511,#2512,#2513,#2514,#2515,#2516,#2517,#2518),(#2519,
#2520,#2521,#2522,#2523,#2524,#2525,#2526)),.UNSPECIFIED.,.F.,.F.,.F.,(4,
1,1,4),(4,1,1,1,1,4),(0.,0.285714285714286,0.571428571428571,1.),(0.,0.142857142857143,
0.428571428571429,0.714285714285714,0.857142857142857,1.),.UNSPECIFIED.);
#1274=B_SPLINE_SURFACE_WITH_KNOTS('',3,3,((#2539,#2540,#2541,#2542,#2543,
#2544,#2545,#2546),(#2547,#2548,#2549,#2550,#2551,#2552,#2553,#2554),(#2555,
#2556,#2557,#2558,#2559,#2560,#2561,#2562),(#2563,#2564,#2565,#2566,#2567,
#2568,#2569,#2570),(#2571,#2572,#2573,#2574,#2575,#2576,#2577,#2578),(#2579,
#2580,#2581,#2582,#2583,#2584,#2585,#2586)),.UNSPECIFIED.,.F.,.F.,.F.,(4,
1,1,4),(4,1,1,1,1,4),(0.,0.285714285714286,0.571428571428571,1.),(-3.07938418074884E-16,
0.142857142857143,0.285714285714285,0.571428571428571,0.857142857142857,
1.),.UNSPECIFIED.);
#1275=B_SPLINE_SURFACE_WITH_KNOTS('',3,3,((#2603,#2604,#2605,#2606,#2607,
#2608,#2609,#2610,#2611,#2612,#2613,#2614),(#2615,#2616,#2617,#2618,#2619,
#2620,#2621,#2622,#2623,#2624,#2625,#2626),(#2627,#2628,#2629,#2630,#2631,
#2632,#2633,#2634,#2635,#2636,#2637,#2638),(#2639,#2640,#2641,#2642,#2643,
#2644,#2645,#2646,#2647,#2648,#2649,#2650),(#2651,#2652,#2653,#2654,#2655,
#2656,#2657,#2658,#2659,#2660,#2661,#2662)),.UNSPECIFIED.,.F.,.F.,.F.,(4,
1,4),(4,1,1,1,1,1,1,1,1,4),(0.,0.571428571428571,1.),(0.,0.251972361414884,
0.503944722829768,0.62993090353721,0.755917084244652,0.881903264952094,
1.00788944565954,1.25986180707442,1.5118341684893,1.76380652990419),
 .UNSPECIFIED.);
#1276=B_SPLINE_SURFACE_WITH_KNOTS('',3,3,((#2698,#2699,#2700,#2701,#2702,
#2703,#2704,#2705,#2706),(#2707,#2708,#2709,#2710,#2711,#2712,#2713,#2714,
#2715),(#2716,#2717,#2718,#2719,#2720,#2721,#2722,#2723,#2724),(#2725,#2726,
#2727,#2728,#2729,#2730,#2731,#2732,#2733),(#2734,#2735,#2736,#2737,#2738,
#2739,#2740,#2741,#2742),(#2743,#2744,#2745,#2746,#2747,#2748,#2749,#2750,
#2751)),.UNSPECIFIED.,.F.,.F.,.F.,(4,1,1,4),(4,1,1,1,1,1,4),(0.,0.285714285714286,
0.571428571428571,1.),(0.,0.142857142857143,0.285714285714286,0.571428571428571,
0.821428571428571,0.857142857142857,1.),.UNSPECIFIED.);
#1277=B_SPLINE_SURFACE_WITH_KNOTS('',3,3,((#2765,#2766,#2767,#2768,#2769,
#2770,#2771,#2772,#2773),(#2774,#2775,#2776,#2777,#2778,#2779,#2780,#2781,
#2782),(#2783,#2784,#2785,#2786,#2787,#2788,#2789,#2790,#2791),(#2792,#2793,
#2794,#2795,#2796,#2797,#2798,#2799,#2800),(#2801,#2802,#2803,#2804,#2805,
#2806,#2807,#2808,#2809),(#2810,#2811,#2812,#2813,#2814,#2815,#2816,#2817,
#2818)),.UNSPECIFIED.,.F.,.F.,.F.,(4,1,1,4),(4,1,1,1,1,1,4),(0.,0.285714285714286,
0.571428571428571,1.),(0.,0.142857142857143,0.178571428571429,0.428571428571429,
0.714285714285714,0.857142857142857,1.),.UNSPECIFIED.);
#1278=B_SPLINE_SURFACE_WITH_KNOTS('',3,3,((#2836,#2837,#2838,#2839,#2840,
#2841,#2842,#2843,#2844,#2845,#2846,#2847),(#2848,#2849,#2850,#2851,#2852,
#2853,#2854,#2855,#2856,#2857,#2858,#2859),(#2860,#2861,#2862,#2863,#2864,
#2865,#2866,#2867,#2868,#2869,#2870,#2871),(#2872,#2873,#2874,#2875,#2876,
#2877,#2878,#2879,#2880,#2881,#2882,#2883),(#2884,#2885,#2886,#2887,#2888,
#2889,#2890,#2891,#2892,#2893,#2894,#2895)),.UNSPECIFIED.,.F.,.F.,.F.,(4,
1,4),(4,1,1,1,1,1,1,1,1,4),(0.,0.571428571428571,1.),(0.,0.251972831769308,
0.503945663538616,0.62993207942327,0.755918495307924,0.881904911192578,
1.00789132707723,1.25986415884654,1.51183699061585,1.76380982238516),
 .UNSPECIFIED.);
#1279=B_SPLINE_SURFACE_WITH_KNOTS('',3,3,((#2931,#2932,#2933,#2934,#2935,
#2936,#2937,#2938),(#2939,#2940,#2941,#2942,#2943,#2944,#2945,#2946),(#2947,
#2948,#2949,#2950,#2951,#2952,#2953,#2954),(#2955,#2956,#2957,#2958,#2959,
#2960,#2961,#2962),(#2963,#2964,#2965,#2966,#2967,#2968,#2969,#2970),(#2971,
#2972,#2973,#2974,#2975,#2976,#2977,#2978)),.UNSPECIFIED.,.F.,.F.,.F.,(4,
1,1,4),(4,1,1,1,1,4),(0.,0.285714285714286,0.571428571428571,1.),(0.,0.142857142857143,
0.428571428571429,0.714285714285714,0.857142857142857,1.),.UNSPECIFIED.);
#1280=B_SPLINE_SURFACE_WITH_KNOTS('',3,3,((#2991,#2992,#2993,#2994,#2995,
#2996,#2997,#2998),(#2999,#3000,#3001,#3002,#3003,#3004,#3005,#3006),(#3007,
#3008,#3009,#3010,#3011,#3012,#3013,#3014),(#3015,#3016,#3017,#3018,#3019,
#3020,#3021,#3022),(#3023,#3024,#3025,#3026,#3027,#3028,#3029,#3030),(#3031,
#3032,#3033,#3034,#3035,#3036,#3037,#3038)),.UNSPECIFIED.,.F.,.F.,.F.,(4,
1,1,4),(4,1,1,1,1,4),(0.,0.285714285714286,0.571428571428571,1.),(-1.52690252418545E-16,
0.142857142857143,0.285714285714286,0.571428571428571,0.857142857142857,
1.),.UNSPECIFIED.);
#1281=B_SPLINE_SURFACE_WITH_KNOTS('',3,3,((#3055,#3056,#3057,#3058,#3059,
#3060,#3061,#3062,#3063,#3064,#3065,#3066),(#3067,#3068,#3069,#3070,#3071,
#3072,#3073,#3074,#3075,#3076,#3077,#3078),(#3079,#3080,#3081,#3082,#3083,
#3084,#3085,#3086,#3087,#3088,#3089,#3090),(#3091,#3092,#3093,#3094,#3095,
#3096,#3097,#3098,#3099,#3100,#3101,#3102),(#3103,#3104,#3105,#3106,#3107,
#3108,#3109,#3110,#3111,#3112,#3113,#3114)),.UNSPECIFIED.,.F.,.F.,.F.,(4,
1,4),(4,1,1,1,1,1,1,1,1,4),(0.,0.571428571428571,1.),(1.59200594122255E-17,
0.251972361414884,0.503944722829768,0.62993090353721,0.755917084244652,
0.881903264952094,1.00788944565954,1.25986180707442,1.5118341684893,1.76380652990419),
 .UNSPECIFIED.);
#1282=B_SPLINE_SURFACE_WITH_KNOTS('',3,3,((#3154,#3155,#3156,#3157,#3158,
#3159,#3160,#3161,#3162),(#3163,#3164,#3165,#3166,#3167,#3168,#3169,#3170,
#3171),(#3172,#3173,#3174,#3175,#3176,#3177,#3178,#3179,#3180),(#3181,#3182,
#3183,#3184,#3185,#3186,#3187,#3188,#3189),(#3190,#3191,#3192,#3193,#3194,
#3195,#3196,#3197,#3198),(#3199,#3200,#3201,#3202,#3203,#3204,#3205,#3206,
#3207)),.UNSPECIFIED.,.F.,.F.,.F.,(4,1,1,4),(4,1,1,1,1,1,4),(0.,0.285714285714286,
0.571428571428571,1.),(0.,0.142857142857143,0.285714285714286,0.571428571428571,
0.821428571428571,0.857142857142857,1.),.UNSPECIFIED.);
#1283=B_SPLINE_SURFACE_WITH_KNOTS('',3,3,((#3221,#3222,#3223,#3224,#3225,
#3226,#3227,#3228,#3229),(#3230,#3231,#3232,#3233,#3234,#3235,#3236,#3237,
#3238),(#3239,#3240,#3241,#3242,#3243,#3244,#3245,#3246,#3247),(#3248,#3249,
#3250,#3251,#3252,#3253,#3254,#3255,#3256),(#3257,#3258,#3259,#3260,#3261,
#3262,#3263,#3264,#3265),(#3266,#3267,#3268,#3269,#3270,#3271,#3272,#3273,
#3274)),.UNSPECIFIED.,.F.,.F.,.F.,(4,1,1,4),(4,1,1,1,1,1,4),(0.,0.285714285714286,
0.571428571428571,1.),(1.322473144386E-16,0.142857142857143,0.178571428571429,
0.428571428571429,0.714285714285714,0.857142857142857,1.),.UNSPECIFIED.);
#1284=B_SPLINE_SURFACE_WITH_KNOTS('',3,3,((#3292,#3293,#3294,#3295,#3296,
#3297,#3298,#3299,#3300,#3301,#3302,#3303),(#3304,#3305,#3306,#3307,#3308,
#3309,#3310,#3311,#3312,#3313,#3314,#3315),(#3316,#3317,#3318,#3319,#3320,
#3321,#3322,#3323,#3324,#3325,#3326,#3327),(#3328,#3329,#3330,#3331,#3332,
#3333,#3334,#3335,#3336,#3337,#3338,#3339),(#3340,#3341,#3342,#3343,#3344,
#3345,#3346,#3347,#3348,#3349,#3350,#3351)),.UNSPECIFIED.,.F.,.F.,.F.,(4,
1,4),(4,1,1,1,1,1,1,1,1,4),(0.,0.571428571428571,1.),(0.,0.251972831769308,
0.503945663538616,0.62993207942327,0.755918495307924,0.881904911192578,
1.00789132707723,1.25986415884654,1.51183699061585,1.76380982238516),
 .UNSPECIFIED.);
#1285=B_SPLINE_SURFACE_WITH_KNOTS('',3,3,((#3387,#3388,#3389,#3390,#3391,
#3392,#3393,#3394),(#3395,#3396,#3397,#3398,#3399,#3400,#3401,#3402),(#3403,
#3404,#3405,#3406,#3407,#3408,#3409,#3410),(#3411,#3412,#3413,#3414,#3415,
#3416,#3417,#3418),(#3419,#3420,#3421,#3422,#3423,#3424,#3425,#3426),(#3427,
#3428,#3429,#3430,#3431,#3432,#3433,#3434)),.UNSPECIFIED.,.F.,.F.,.F.,(4,
1,1,4),(4,1,1,1,1,4),(0.,0.285714285714286,0.571428571428571,1.),(0.,0.142857142857143,
0.428571428571428,0.714285714285714,0.857142857142857,1.),.UNSPECIFIED.);
#1286=B_SPLINE_SURFACE_WITH_KNOTS('',3,3,((#3447,#3448,#3449,#3450,#3451,
#3452,#3453,#3454,#3455),(#3456,#3457,#3458,#3459,#3460,#3461,#3462,#3463,
#3464),(#3465,#3466,#3467,#3468,#3469,#3470,#3471,#3472,#3473),(#3474,#3475,
#3476,#3477,#3478,#3479,#3480,#3481,#3482),(#3483,#3484,#3485,#3486,#3487,
#3488,#3489,#3490,#3491),(#3492,#3493,#3494,#3495,#3496,#3497,#3498,#3499,
#3500)),.UNSPECIFIED.,.F.,.F.,.F.,(4,1,1,4),(4,1,1,1,1,1,4),(0.,0.285714285714286,
0.571428571428571,1.),(0.,0.142857142857143,0.178571428571429,0.428571428571429,
0.714285714285714,0.857142857142857,1.),.UNSPECIFIED.);
#1287=B_SPLINE_SURFACE_WITH_KNOTS('',3,3,((#3518,#3519,#3520,#3521,#3522,
#3523,#3524,#3525,#3526,#3527,#3528,#3529),(#3530,#3531,#3532,#3533,#3534,
#3535,#3536,#3537,#3538,#3539,#3540,#3541),(#3542,#3543,#3544,#3545,#3546,
#3547,#3548,#3549,#3550,#3551,#3552,#3553),(#3554,#3555,#3556,#3557,#3558,
#3559,#3560,#3561,#3562,#3563,#3564,#3565),(#3566,#3567,#3568,#3569,#3570,
#3571,#3572,#3573,#3574,#3575,#3576,#3577)),.UNSPECIFIED.,.F.,.F.,.F.,(4,
1,4),(4,1,1,1,1,1,1,1,1,4),(0.,0.571428571428571,1.),(0.,0.251972361414884,
0.503944722829768,0.755917084244652,0.881903264952094,1.00788944565954,
1.13387562636698,1.25986180707442,1.5118341684893,1.76380652990419),
 .UNSPECIFIED.);
#1288=B_SPLINE_SURFACE_WITH_KNOTS('',3,3,((#3613,#3614,#3615,#3616,#3617,
#3618,#3619,#3620,#3621),(#3622,#3623,#3624,#3625,#3626,#3627,#3628,#3629,
#3630),(#3631,#3632,#3633,#3634,#3635,#3636,#3637,#3638,#3639),(#3640,#3641,
#3642,#3643,#3644,#3645,#3646,#3647,#3648),(#3649,#3650,#3651,#3652,#3653,
#3654,#3655,#3656,#3657),(#3658,#3659,#3660,#3661,#3662,#3663,#3664,#3665,
#3666)),.UNSPECIFIED.,.F.,.F.,.F.,(4,1,1,4),(4,1,1,1,1,1,4),(0.,0.285714285714286,
0.571428571428571,1.),(0.,0.142857142857143,0.285714285714286,0.571428571428571,
0.821428571428571,0.857142857142857,1.),.UNSPECIFIED.);
#1289=B_SPLINE_SURFACE_WITH_KNOTS('',3,3,((#3680,#3681,#3682,#3683,#3684,
#3685,#3686,#3687,#3688),(#3689,#3690,#3691,#3692,#3693,#3694,#3695,#3696,
#3697),(#3698,#3699,#3700,#3701,#3702,#3703,#3704,#3705,#3706),(#3707,#3708,
#3709,#3710,#3711,#3712,#3713,#3714,#3715),(#3716,#3717,#3718,#3719,#3720,
#3721,#3722,#3723,#3724),(#3725,#3726,#3727,#3728,#3729,#3730,#3731,#3732,
#3733)),.UNSPECIFIED.,.F.,.F.,.F.,(4,1,1,4),(4,1,1,1,1,1,4),(0.,0.285714285714286,
0.571428571428571,1.),(-4.87666125874205E-16,0.142857142857142,0.285714285714285,
0.428571428571428,0.714285714285714,0.857142857142857,1.),.UNSPECIFIED.);
#1290=B_SPLINE_SURFACE_WITH_KNOTS('',3,3,((#3751,#3752,#3753,#3754,#3755,
#3756,#3757,#3758,#3759,#3760,#3761,#3762),(#3763,#3764,#3765,#3766,#3767,
#3768,#3769,#3770,#3771,#3772,#3773,#3774),(#3775,#3776,#3777,#3778,#3779,
#3780,#3781,#3782,#3783,#3784,#3785,#3786),(#3787,#3788,#3789,#3790,#3791,
#3792,#3793,#3794,#3795,#3796,#3797,#3798),(#3799,#3800,#3801,#3802,#3803,
#3804,#3805,#3806,#3807,#3808,#3809,#3810)),.UNSPECIFIED.,.F.,.F.,.F.,(4,
1,4),(4,1,1,1,1,1,1,1,1,4),(0.,0.571428571428571,1.),(0.,0.251972831769308,
0.503945663538616,0.755918495307924,0.881904911192578,1.00789132707723,
1.13387774296189,1.25986415884654,1.51183699061585,1.76380982238516),
 .UNSPECIFIED.);
#1291=B_SPLINE_SURFACE_WITH_KNOTS('',3,3,((#3846,#3847,#3848,#3849,#3850,
#3851,#3852,#3853),(#3854,#3855,#3856,#3857,#3858,#3859,#3860,#3861),(#3862,
#3863,#3864,#3865,#3866,#3867,#3868,#3869),(#3870,#3871,#3872,#3873,#3874,
#3875,#3876,#3877),(#3878,#3879,#3880,#3881,#3882,#3883,#3884,#3885),(#3886,
#3887,#3888,#3889,#3890,#3891,#3892,#3893)),.UNSPECIFIED.,.F.,.F.,.F.,(4,
1,1,4),(4,1,1,1,1,4),(0.,0.285714285714286,0.571428571428571,1.),(0.,0.142857142857143,
0.428571428571429,0.714285714285714,0.857142857142857,1.),.UNSPECIFIED.);
#1292=B_SPLINE_SURFACE_WITH_KNOTS('',3,3,((#3906,#3907,#3908,#3909,#3910,
#3911,#3912,#3913),(#3914,#3915,#3916,#3917,#3918,#3919,#3920,#3921),(#3922,
#3923,#3924,#3925,#3926,#3927,#3928,#3929),(#3930,#3931,#3932,#3933,#3934,
#3935,#3936,#3937),(#3938,#3939,#3940,#3941,#3942,#3943,#3944,#3945),(#3946,
#3947,#3948,#3949,#3950,#3951,#3952,#3953)),.UNSPECIFIED.,.F.,.F.,.F.,(4,
1,1,4),(4,1,1,1,1,4),(0.,0.285714285714286,0.571428571428571,1.),(-3.84283544284156E-16,
0.142857142857142,0.285714285714285,0.571428571428571,0.857142857142857,
1.),.UNSPECIFIED.);
#1293=B_SPLINE_SURFACE_WITH_KNOTS('',3,3,((#3970,#3971,#3972,#3973,#3974,
#3975,#3976,#3977,#3978,#3979,#3980,#3981),(#3982,#3983,#3984,#3985,#3986,
#3987,#3988,#3989,#3990,#3991,#3992,#3993),(#3994,#3995,#3996,#3997,#3998,
#3999,#4000,#4001,#4002,#4003,#4004,#4005),(#4006,#4007,#4008,#4009,#4010,
#4011,#4012,#4013,#4014,#4015,#4016,#4017),(#4018,#4019,#4020,#4021,#4022,
#4023,#4024,#4025,#4026,#4027,#4028,#4029)),.UNSPECIFIED.,.F.,.F.,.F.,(4,
1,4),(4,1,1,1,1,1,1,1,1,4),(0.,0.571428571428571,1.),(0.,0.251972361414884,
0.503944722829768,0.62993090353721,0.755917084244652,0.881903264952094,
1.00788944565954,1.25986180707442,1.5118341684893,1.76380652990419),
 .UNSPECIFIED.);
#1294=ADVANCED_FACE('',(#186),#1270,.T.);
#1295=ADVANCED_FACE('',(#187),#1271,.T.);
#1296=ADVANCED_FACE('',(#188),#155,.T.);
#1297=ADVANCED_FACE('',(#189),#1272,.F.);
#1298=ADVANCED_FACE('',(#190),#156,.T.);
#1299=ADVANCED_FACE('',(#191),#57,.T.);
#1300=ADVANCED_FACE('',(#192),#58,.F.);
#1301=ADVANCED_FACE('',(#193),#157,.T.);
#1302=ADVANCED_FACE('',(#194),#158,.F.);
#1303=ADVANCED_FACE('',(#195),#42,.T.);
#1304=ADVANCED_FACE('',(#196),#1273,.T.);
#1305=ADVANCED_FACE('',(#197),#1274,.T.);
#1306=ADVANCED_FACE('',(#198),#159,.T.);
#1307=ADVANCED_FACE('',(#199),#1275,.F.);
#1308=ADVANCED_FACE('',(#200),#160,.T.);
#1309=ADVANCED_FACE('',(#201),#59,.T.);
#1310=ADVANCED_FACE('',(#202),#60,.F.);
#1311=ADVANCED_FACE('',(#203),#161,.F.);
#1312=ADVANCED_FACE('',(#204),#43,.T.);
#1313=ADVANCED_FACE('',(#205),#1276,.T.);
#1314=ADVANCED_FACE('',(#206),#1277,.T.);
#1315=ADVANCED_FACE('',(#207),#162,.T.);
#1316=ADVANCED_FACE('',(#208),#1278,.F.);
#1317=ADVANCED_FACE('',(#209),#163,.T.);
#1318=ADVANCED_FACE('',(#210),#61,.T.);
#1319=ADVANCED_FACE('',(#211),#62,.F.);
#1320=ADVANCED_FACE('',(#212),#164,.F.);
#1321=ADVANCED_FACE('',(#213),#44,.T.);
#1322=ADVANCED_FACE('',(#214),#1279,.T.);
#1323=ADVANCED_FACE('',(#215),#1280,.T.);
#1324=ADVANCED_FACE('',(#216),#165,.T.);
#1325=ADVANCED_FACE('',(#217),#1281,.F.);
#1326=ADVANCED_FACE('',(#218),#166,.T.);
#1327=ADVANCED_FACE('',(#219),#63,.T.);
#1328=ADVANCED_FACE('',(#220),#64,.F.);
#1329=ADVANCED_FACE('',(#221),#167,.F.);
#1330=ADVANCED_FACE('',(#222),#45,.T.);
#1331=ADVANCED_FACE('',(#223),#1282,.T.);
#1332=ADVANCED_FACE('',(#224),#1283,.T.);
#1333=ADVANCED_FACE('',(#225),#168,.T.);
#1334=ADVANCED_FACE('',(#226),#1284,.F.);
#1335=ADVANCED_FACE('',(#227),#169,.T.);
#1336=ADVANCED_FACE('',(#228),#65,.T.);
#1337=ADVANCED_FACE('',(#229),#66,.F.);
#1338=ADVANCED_FACE('',(#230),#170,.F.);
#1339=ADVANCED_FACE('',(#231),#46,.T.);
#1340=ADVANCED_FACE('',(#232),#1285,.T.);
#1341=ADVANCED_FACE('',(#233),#1286,.T.);
#1342=ADVANCED_FACE('',(#234),#171,.T.);
#1343=ADVANCED_FACE('',(#235),#1287,.F.);
#1344=ADVANCED_FACE('',(#236),#172,.T.);
#1345=ADVANCED_FACE('',(#237),#67,.T.);
#1346=ADVANCED_FACE('',(#238),#68,.F.);
#1347=ADVANCED_FACE('',(#239),#173,.F.);
#1348=ADVANCED_FACE('',(#240),#47,.T.);
#1349=ADVANCED_FACE('',(#241),#1288,.T.);
#1350=ADVANCED_FACE('',(#242),#1289,.T.);
#1351=ADVANCED_FACE('',(#243),#174,.T.);
#1352=ADVANCED_FACE('',(#244),#1290,.F.);
#1353=ADVANCED_FACE('',(#245),#175,.T.);
#1354=ADVANCED_FACE('',(#246),#69,.T.);
#1355=ADVANCED_FACE('',(#247),#70,.F.);
#1356=ADVANCED_FACE('',(#248),#176,.F.);
#1357=ADVANCED_FACE('',(#249),#48,.T.);
#1358=ADVANCED_FACE('',(#250),#1291,.T.);
#1359=ADVANCED_FACE('',(#251),#1292,.T.);
#1360=ADVANCED_FACE('',(#252),#177,.T.);
#1361=ADVANCED_FACE('',(#253),#1293,.F.);
#1362=ADVANCED_FACE('',(#254),#178,.T.);
#1363=ADVANCED_FACE('',(#255),#71,.T.);
#1364=ADVANCED_FACE('',(#256),#72,.F.);
#1365=ADVANCED_FACE('',(#257),#179,.F.);
#1366=ADVANCED_FACE('',(#258),#49,.T.);
#1367=ADVANCED_FACE('',(#259),#41,.F.);
#1368=ADVANCED_FACE('',(#260),#50,.T.);
#1369=ADVANCED_FACE('',(#261),#73,.T.);
#1370=ADVANCED_FACE('',(#262),#180,.T.);
#1371=ADVANCED_FACE('',(#263,#39),#51,.F.);
#1372=ADVANCED_FACE('',(#264),#74,.T.);
#1373=ADVANCED_FACE('',(#265),#75,.T.);
#1374=ADVANCED_FACE('',(#266),#181,.F.);
#1375=ADVANCED_FACE('',(#267),#52,.T.);
#1376=ADVANCED_FACE('',(#268),#76,.F.);
#1377=ADVANCED_FACE('',(#269),#182,.T.);
#1378=ADVANCED_FACE('',(#270),#53,.T.);
#1379=ADVANCED_FACE('',(#271),#54,.F.);
#1380=ADVANCED_FACE('',(#272),#183,.F.);
#1381=ADVANCED_FACE('',(#273),#184,.T.);
#1382=ADVANCED_FACE('',(#274),#185,.F.);
#1383=ADVANCED_FACE('',(#275),#55,.T.);
#1384=ADVANCED_FACE('',(#276),#56,.F.);
#1385=CLOSED_SHELL('',(#1294,#1295,#1296,#1297,#1298,#1299,#1300,#1301,
#1302,#1303,#1304,#1305,#1306,#1307,#1308,#1309,#1310,#1311,#1312,#1313,
#1314,#1315,#1316,#1317,#1318,#1319,#1320,#1321,#1322,#1323,#1324,#1325,
#1326,#1327,#1328,#1329,#1330,#1331,#1332,#1333,#1334,#1335,#1336,#1337,
#1338,#1339,#1340,#1341,#1342,#1343,#1344,#1345,#1346,#1347,#1348,#1349,
#1350,#1351,#1352,#1353,#1354,#1355,#1356,#1357,#1358,#1359,#1360,#1361,
#1362,#1363,#1364,#1365,#1366,#1367,#1368,#1369,#1370,#1371,#1372,#1373,
#1374,#1375,#1376));
#1386=CLOSED_SHELL('',(#1377,#1378,#1379));
#1387=CLOSED_SHELL('',(#1380,#1381,#1382,#1383,#1384));
#1388=DERIVED_UNIT_ELEMENT(#1394,1.);
#1389=DERIVED_UNIT_ELEMENT(#4241,-3.);
#1390=DERIVED_UNIT_ELEMENT(#1394,1.);
#1391=DERIVED_UNIT_ELEMENT(#4241,-3.);
#1392=DERIVED_UNIT_ELEMENT(#1394,1.);
#1393=DERIVED_UNIT_ELEMENT(#4241,-3.);
#1394=(
MASS_UNIT()
NAMED_UNIT(*)
SI_UNIT(.KILO.,.GRAM.)
);
#1395=DERIVED_UNIT((#1388,#1389));
#1396=DERIVED_UNIT((#1390,#1391));
#1397=DERIVED_UNIT((#1392,#1393));
#1398=MEASURE_REPRESENTATION_ITEM('density measure',
POSITIVE_RATIO_MEASURE(7850.),#1395);
#1399=MEASURE_REPRESENTATION_ITEM('density measure',
POSITIVE_RATIO_MEASURE(7850.),#1396);
#1400=MEASURE_REPRESENTATION_ITEM('density measure',
POSITIVE_RATIO_MEASURE(7850.),#1397);
#1401=PROPERTY_DEFINITION_REPRESENTATION(#1416,#1407);
#1402=PROPERTY_DEFINITION_REPRESENTATION(#1417,#1408);
#1403=PROPERTY_DEFINITION_REPRESENTATION(#1418,#1409);
#1404=PROPERTY_DEFINITION_REPRESENTATION(#1419,#1410);
#1405=PROPERTY_DEFINITION_REPRESENTATION(#1420,#1411);
#1406=PROPERTY_DEFINITION_REPRESENTATION(#1421,#1412);
#1407=REPRESENTATION('material name',(#1413),#4236);
#1408=REPRESENTATION('density',(#1398),#4236);
#1409=REPRESENTATION('material name',(#1414),#4237);
#1410=REPRESENTATION('density',(#1399),#4237);
#1411=REPRESENTATION('material name',(#1415),#4238);
#1412=REPRESENTATION('density',(#1400),#4238);
#1413=DESCRIPTIVE_REPRESENTATION_ITEM('Steel','Steel');
#1414=DESCRIPTIVE_REPRESENTATION_ITEM('Steel','Steel');
#1415=DESCRIPTIVE_REPRESENTATION_ITEM('Steel','Steel');
#1416=PROPERTY_DEFINITION('material property','material name',#4261);
#1417=PROPERTY_DEFINITION('material property','density of part',#4261);
#1418=PROPERTY_DEFINITION('material property','material name',#4262);
#1419=PROPERTY_DEFINITION('material property','density of part',#4262);
#1420=PROPERTY_DEFINITION('material property','material name',#4263);
#1421=PROPERTY_DEFINITION('material property','density of part',#4263);
#1422=AXIS2_PLACEMENT_3D('',#2019,#1608,#1609);
#1423=AXIS2_PLACEMENT_3D('',#2020,#1610,#1611);
#1424=AXIS2_PLACEMENT_3D('',#2087,#1612,#1613);
#1425=AXIS2_PLACEMENT_3D('',#2098,#1614,#1615);
#1426=AXIS2_PLACEMENT_3D('',#2165,#1616,#1617);
#1427=AXIS2_PLACEMENT_3D('',#2176,#1618,#1619);
#1428=AXIS2_PLACEMENT_3D('',#2177,#1620,#1621);
#1429=AXIS2_PLACEMENT_3D('',#2180,#1622,#1623);
#1430=AXIS2_PLACEMENT_3D('',#2245,#1626,#1627);
#1431=AXIS2_PLACEMENT_3D('',#2270,#1628,#1629);
#1432=AXIS2_PLACEMENT_3D('',#2273,#1632,#1633);
#1433=AXIS2_PLACEMENT_3D('',#2274,#1634,#1635);
#1434=AXIS2_PLACEMENT_3D('',#2275,#1636,#1637);
#1435=AXIS2_PLACEMENT_3D('',#2276,#1638,#1639);
#1436=AXIS2_PLACEMENT_3D('',#2277,#1640,#1641);
#1437=AXIS2_PLACEMENT_3D('',#2278,#1642,#1643);
#1438=AXIS2_PLACEMENT_3D('',#2279,#1644,#1645);
#1439=AXIS2_PLACEMENT_3D('',#2282,#1646,#1647);
#1440=AXIS2_PLACEMENT_3D('',#2283,#1648,#1649);
#1441=AXIS2_PLACEMENT_3D('',#2287,#1651,#1652);
#1442=AXIS2_PLACEMENT_3D('',#2301,#1654,#1655);
#1443=AXIS2_PLACEMENT_3D('',#2315,#1657,#1658);
#1444=AXIS2_PLACEMENT_3D('',#2329,#1660,#1661);
#1445=AXIS2_PLACEMENT_3D('',#2342,#1663,#1664);
#1446=AXIS2_PLACEMENT_3D('',#2355,#1666,#1667);
#1447=AXIS2_PLACEMENT_3D('',#2369,#1669,#1670);
#1448=AXIS2_PLACEMENT_3D('',#2383,#1672,#1673);
#1449=AXIS2_PLACEMENT_3D('',#2396,#1675,#1676);
#1450=AXIS2_PLACEMENT_3D('',#2408,#1678,#1679);
#1451=AXIS2_PLACEMENT_3D('',#2410,#1680,#1681);
#1452=AXIS2_PLACEMENT_3D('',#2423,#1683,#1684);
#1453=AXIS2_PLACEMENT_3D('',#2436,#1686,#1687);
#1454=AXIS2_PLACEMENT_3D('',#2450,#1689,#1690);
#1455=AXIS2_PLACEMENT_3D('',#2464,#1692,#1693);
#1456=AXIS2_PLACEMENT_3D('',#2476,#1695,#1696);
#1457=AXIS2_PLACEMENT_3D('',#2477,#1697,#1698);
#1458=AXIS2_PLACEMENT_3D('',#2478,#1699,#1700);
#1459=AXIS2_PLACEMENT_3D('',#2528,#1701,#1702);
#1460=AXIS2_PLACEMENT_3D('',#2538,#1703,#1704);
#1461=AXIS2_PLACEMENT_3D('',#2597,#1705,#1706);
#1462=AXIS2_PLACEMENT_3D('',#2598,#1707,#1708);
#1463=AXIS2_PLACEMENT_3D('',#2599,#1709,#1710);
#1464=AXIS2_PLACEMENT_3D('',#2601,#1711,#1712);
#1465=AXIS2_PLACEMENT_3D('',#2664,#1714,#1715);
#1466=AXIS2_PLACEMENT_3D('',#2689,#1716,#1717);
#1467=AXIS2_PLACEMENT_3D('',#2691,#1719,#1720);
#1468=AXIS2_PLACEMENT_3D('',#2692,#1721,#1722);
#1469=AXIS2_PLACEMENT_3D('',#2693,#1723,#1724);
#1470=AXIS2_PLACEMENT_3D('',#2694,#1725,#1726);
#1471=AXIS2_PLACEMENT_3D('',#2695,#1727,#1728);
#1472=AXIS2_PLACEMENT_3D('',#2696,#1729,#1730);
#1473=AXIS2_PLACEMENT_3D('',#2697,#1731,#1732);
#1474=AXIS2_PLACEMENT_3D('',#2753,#1733,#1734);
#1475=AXIS2_PLACEMENT_3D('',#2764,#1735,#1736);
#1476=AXIS2_PLACEMENT_3D('',#2830,#1737,#1738);
#1477=AXIS2_PLACEMENT_3D('',#2831,#1739,#1740);
#1478=AXIS2_PLACEMENT_3D('',#2832,#1741,#1742);
#1479=AXIS2_PLACEMENT_3D('',#2834,#1743,#1744);
#1480=AXIS2_PLACEMENT_3D('',#2897,#1746,#1747);
#1481=AXIS2_PLACEMENT_3D('',#2922,#1748,#1749);
#1482=AXIS2_PLACEMENT_3D('',#2924,#1751,#1752);
#1483=AXIS2_PLACEMENT_3D('',#2925,#1753,#1754);
#1484=AXIS2_PLACEMENT_3D('',#2926,#1755,#1756);
#1485=AXIS2_PLACEMENT_3D('',#2927,#1757,#1758);
#1486=AXIS2_PLACEMENT_3D('',#2928,#1759,#1760);
#1487=AXIS2_PLACEMENT_3D('',#2929,#1761,#1762);
#1488=AXIS2_PLACEMENT_3D('',#2930,#1763,#1764);
#1489=AXIS2_PLACEMENT_3D('',#2980,#1765,#1766);
#1490=AXIS2_PLACEMENT_3D('',#2990,#1767,#1768);
#1491=AXIS2_PLACEMENT_3D('',#3049,#1769,#1770);
#1492=AXIS2_PLACEMENT_3D('',#3050,#1771,#1772);
#1493=AXIS2_PLACEMENT_3D('',#3051,#1773,#1774);
#1494=AXIS2_PLACEMENT_3D('',#3053,#1775,#1776);
#1495=AXIS2_PLACEMENT_3D('',#3116,#1778,#1779);
#1496=AXIS2_PLACEMENT_3D('',#3145,#1780,#1781);
#1497=AXIS2_PLACEMENT_3D('',#3147,#1783,#1784);
#1498=AXIS2_PLACEMENT_3D('',#3148,#1785,#1786);
#1499=AXIS2_PLACEMENT_3D('',#3149,#1787,#1788);
#1500=AXIS2_PLACEMENT_3D('',#3150,#1789,#1790);
#1501=AXIS2_PLACEMENT_3D('',#3151,#1791,#1792);
#1502=AXIS2_PLACEMENT_3D('',#3152,#1793,#1794);
#1503=AXIS2_PLACEMENT_3D('',#3153,#1795,#1796);
#1504=AXIS2_PLACEMENT_3D('',#3209,#1797,#1798);
#1505=AXIS2_PLACEMENT_3D('',#3220,#1799,#1800);
#1506=AXIS2_PLACEMENT_3D('',#3286,#1801,#1802);
#1507=AXIS2_PLACEMENT_3D('',#3287,#1803,#1804);
#1508=AXIS2_PLACEMENT_3D('',#3288,#1805,#1806);
#1509=AXIS2_PLACEMENT_3D('',#3290,#1807,#1808);
#1510=AXIS2_PLACEMENT_3D('',#3353,#1810,#1811);
#1511=AXIS2_PLACEMENT_3D('',#3378,#1812,#1813);
#1512=AXIS2_PLACEMENT_3D('',#3380,#1815,#1816);
#1513=AXIS2_PLACEMENT_3D('',#3381,#1817,#1818);
#1514=AXIS2_PLACEMENT_3D('',#3382,#1819,#1820);
#1515=AXIS2_PLACEMENT_3D('',#3383,#1821,#1822);
#1516=AXIS2_PLACEMENT_3D('',#3384,#1823,#1824);
#1517=AXIS2_PLACEMENT_3D('',#3385,#1825,#1826);
#1518=AXIS2_PLACEMENT_3D('',#3386,#1827,#1828);
#1519=AXIS2_PLACEMENT_3D('',#3436,#1829,#1830);
#1520=AXIS2_PLACEMENT_3D('',#3446,#1831,#1832);
#1521=AXIS2_PLACEMENT_3D('',#3512,#1833,#1834);
#1522=AXIS2_PLACEMENT_3D('',#3513,#1835,#1836);
#1523=AXIS2_PLACEMENT_3D('',#3514,#1837,#1838);
#1524=AXIS2_PLACEMENT_3D('',#3516,#1839,#1840);
#1525=AXIS2_PLACEMENT_3D('',#3579,#1842,#1843);
#1526=AXIS2_PLACEMENT_3D('',#3604,#1844,#1845);
#1527=AXIS2_PLACEMENT_3D('',#3606,#1847,#1848);
#1528=AXIS2_PLACEMENT_3D('',#3607,#1849,#1850);
#1529=AXIS2_PLACEMENT_3D('',#3608,#1851,#1852);
#1530=AXIS2_PLACEMENT_3D('',#3609,#1853,#1854);
#1531=AXIS2_PLACEMENT_3D('',#3610,#1855,#1856);
#1532=AXIS2_PLACEMENT_3D('',#3611,#1857,#1858);
#1533=AXIS2_PLACEMENT_3D('',#3612,#1859,#1860);
#1534=AXIS2_PLACEMENT_3D('',#3668,#1861,#1862);
#1535=AXIS2_PLACEMENT_3D('',#3679,#1863,#1864);
#1536=AXIS2_PLACEMENT_3D('',#3745,#1865,#1866);
#1537=AXIS2_PLACEMENT_3D('',#3746,#1867,#1868);
#1538=AXIS2_PLACEMENT_3D('',#3747,#1869,#1870);
#1539=AXIS2_PLACEMENT_3D('',#3749,#1871,#1872);
#1540=AXIS2_PLACEMENT_3D('',#3812,#1874,#1875);
#1541=AXIS2_PLACEMENT_3D('',#3837,#1876,#1877);
#1542=AXIS2_PLACEMENT_3D('',#3839,#1879,#1880);
#1543=AXIS2_PLACEMENT_3D('',#3840,#1881,#1882);
#1544=AXIS2_PLACEMENT_3D('',#3841,#1883,#1884);
#1545=AXIS2_PLACEMENT_3D('',#3842,#1885,#1886);
#1546=AXIS2_PLACEMENT_3D('',#3843,#1887,#1888);
#1547=AXIS2_PLACEMENT_3D('',#3844,#1889,#1890);
#1548=AXIS2_PLACEMENT_3D('',#3845,#1891,#1892);
#1549=AXIS2_PLACEMENT_3D('',#3895,#1893,#1894);
#1550=AXIS2_PLACEMENT_3D('',#3905,#1895,#1896);
#1551=AXIS2_PLACEMENT_3D('',#3964,#1897,#1898);
#1552=AXIS2_PLACEMENT_3D('',#3965,#1899,#1900);
#1553=AXIS2_PLACEMENT_3D('',#3966,#1901,#1902);
#1554=AXIS2_PLACEMENT_3D('',#3968,#1903,#1904);
#1555=AXIS2_PLACEMENT_3D('',#4031,#1906,#1907);
#1556=AXIS2_PLACEMENT_3D('',#4056,#1908,#1909);
#1557=AXIS2_PLACEMENT_3D('',#4058,#1911,#1912);
#1558=AXIS2_PLACEMENT_3D('',#4059,#1913,#1914);
#1559=AXIS2_PLACEMENT_3D('',#4060,#1915,#1916);
#1560=AXIS2_PLACEMENT_3D('',#4061,#1917,#1918);
#1561=AXIS2_PLACEMENT_3D('',#4062,#1919,#1920);
#1562=AXIS2_PLACEMENT_3D('',#4063,#1921,#1922);
#1563=AXIS2_PLACEMENT_3D('',#4064,#1923,#1924);
#1564=AXIS2_PLACEMENT_3D('',#4093,#1925,#1926);
#1565=AXIS2_PLACEMENT_3D('',#4097,#1927,#1928);
#1566=AXIS2_PLACEMENT_3D('',#4098,#1929,#1930);
#1567=AXIS2_PLACEMENT_3D('',#4100,#1931,#1932);
#1568=AXIS2_PLACEMENT_3D('',#4102,#1933,#1934);
#1569=AXIS2_PLACEMENT_3D('',#4104,#1935,#1936);
#1570=AXIS2_PLACEMENT_3D('',#4105,#1937,#1938);
#1571=AXIS2_PLACEMENT_3D('',#4106,#1939,#1940);
#1572=AXIS2_PLACEMENT_3D('',#4110,#1942,#1943);
#1573=AXIS2_PLACEMENT_3D('',#4111,#1944,#1945);
#1574=AXIS2_PLACEMENT_3D('',#4112,#1946,#1947);
#1575=AXIS2_PLACEMENT_3D('',#4114,#1948,#1949);
#1576=AXIS2_PLACEMENT_3D('',#4115,#1950,#1951);
#1577=AXIS2_PLACEMENT_3D('',#4117,#1952,#1953);
#1578=AXIS2_PLACEMENT_3D('',#4118,#1954,#1955);
#1579=AXIS2_PLACEMENT_3D('',#4119,#1956,#1957);
#1580=AXIS2_PLACEMENT_3D('',#4121,#1958,#1959);
#1581=AXIS2_PLACEMENT_3D('',#4123,#1960,#1961);
#1582=AXIS2_PLACEMENT_3D('',#4124,#1962,#1963);
#1583=AXIS2_PLACEMENT_3D('',#4125,#1964,#1965);
#1584=AXIS2_PLACEMENT_3D('',#4128,#1967,#1968);
#1585=AXIS2_PLACEMENT_3D('',#4129,#1969,#1970);
#1586=AXIS2_PLACEMENT_3D('',#4130,#1971,#1972);
#1587=AXIS2_PLACEMENT_3D('',#4131,#1973,#1974);
#1588=AXIS2_PLACEMENT_3D('',#4132,#1975,#1976);
#1589=AXIS2_PLACEMENT_3D('',#4133,#1977,#1978);
#1590=AXIS2_PLACEMENT_3D('',#4135,#1979,#1980);
#1591=AXIS2_PLACEMENT_3D('',#4138,#1982,#1983);
#1592=AXIS2_PLACEMENT_3D('',#4139,#1984,#1985);
#1593=AXIS2_PLACEMENT_3D('',#4140,#1986,#1987);
#1594=AXIS2_PLACEMENT_3D('',#4141,#1988,#1989);
#1595=AXIS2_PLACEMENT_3D('',#4142,#1990,#1991);
#1596=AXIS2_PLACEMENT_3D('',#4179,#1993,#1994);
#1597=AXIS2_PLACEMENT_3D('',#4181,#1995,#1996);
#1598=AXIS2_PLACEMENT_3D('',#4184,#1998,#1999);
#1599=AXIS2_PLACEMENT_3D('',#4186,#2000,#2001);
#1600=AXIS2_PLACEMENT_3D('',#4221,#2002,#2003);
#1601=AXIS2_PLACEMENT_3D('',#4222,#2004,#2005);
#1602=AXIS2_PLACEMENT_3D('',#4224,#2007,#2008);
#1603=AXIS2_PLACEMENT_3D('',#4225,#2009,#2010);
#1604=AXIS2_PLACEMENT_3D('',#4226,#2011,#2012);
#1605=AXIS2_PLACEMENT_3D('',#4227,#2013,#2014);
#1606=AXIS2_PLACEMENT_3D('',#4228,#2015,#2016);
#1607=AXIS2_PLACEMENT_3D('',#4229,#2017,#2018);
#1608=DIRECTION('axis',(0.,0.,1.));
#1609=DIRECTION('refdir',(1.,0.,0.));
#1610=DIRECTION('axis',(0.,0.,1.));
#1611=DIRECTION('refdir',(1.,0.,0.));
#1612=DIRECTION('center_axis',(0.,1.,0.));
#1613=DIRECTION('ref_axis',(-0.201641860898285,0.,0.979459320203487));
#1614=DIRECTION('center_axis',(-0.610682096463355,0.,0.791875859626445));
#1615=DIRECTION('ref_axis',(0.791875859626445,0.,0.610682096463355));
#1616=DIRECTION('center_axis',(0.,1.,0.));
#1617=DIRECTION('ref_axis',(0.416849861299519,0.,0.908975353425257));
#1618=DIRECTION('center_axis',(0.791875859626445,0.,-0.610682096463355));
#1619=DIRECTION('ref_axis',(0.,1.,0.));
#1620=DIRECTION('center_axis',(0.,1.,0.));
#1621=DIRECTION('ref_axis',(0.892069213556518,0.,0.451898792015043));
#1622=DIRECTION('center_axis',(0.,-1.,0.));
#1623=DIRECTION('ref_axis',(0.979459320203487,0.,-0.201641860898284));
#1624=DIRECTION('',(0.,-1.,0.));
#1625=DIRECTION('',(0.,1.,0.));
#1626=DIRECTION('center_axis',(5.58017400630129E-16,1.,1.14879367377204E-16));
#1627=DIRECTION('ref_axis',(-0.201641860898285,0.,0.979459320203487));
#1628=DIRECTION('center_axis',(0.,-1.,0.));
#1629=DIRECTION('ref_axis',(0.451898792015042,0.,0.892069213556518));
#1630=DIRECTION('',(0.,1.,0.));
#1631=DIRECTION('',(0.,-1.,0.));
#1632=DIRECTION('center_axis',(0.,-1.,0.));
#1633=DIRECTION('ref_axis',(0.,0.,-1.));
#1634=DIRECTION('center_axis',(0.,1.,0.));
#1635=DIRECTION('ref_axis',(0.707106781186547,0.,0.707106781186548));
#1636=DIRECTION('center_axis',(0.,-1.,0.));
#1637=DIRECTION('ref_axis',(0.707106781186547,0.,0.707106781186548));
#1638=DIRECTION('center_axis',(0.,-1.,0.));
#1639=DIRECTION('ref_axis',(0.,0.,-1.));
#1640=DIRECTION('center_axis',(0.,1.,0.));
#1641=DIRECTION('ref_axis',(-0.707106781186548,0.,-0.707106781186548));
#1642=DIRECTION('center_axis',(0.,-1.,0.));
#1643=DIRECTION('ref_axis',(-0.707106781186548,0.,-0.707106781186548));
#1644=DIRECTION('center_axis',(0.,-1.,0.));
#1645=DIRECTION('ref_axis',(1.,0.,0.));
#1646=DIRECTION('center_axis',(0.,-1.,0.));
#1647=DIRECTION('ref_axis',(6.12323399573677E-17,0.,-1.));
#1648=DIRECTION('center_axis',(0.,-1.,0.));
#1649=DIRECTION('ref_axis',(6.12323399573677E-17,0.,-1.));
#1650=DIRECTION('',(0.,1.,0.));
#1651=DIRECTION('center_axis',(0.,1.,0.));
#1652=DIRECTION('ref_axis',(-1.,0.,1.22464679914735E-16));
#1653=DIRECTION('',(0.,-1.,0.));
#1654=DIRECTION('center_axis',(0.,1.,0.));
#1655=DIRECTION('ref_axis',(0.382683432365089,0.,0.923879532511287));
#1656=DIRECTION('',(0.,1.,0.));
#1657=DIRECTION('center_axis',(0.,1.,0.));
#1658=DIRECTION('ref_axis',(-0.707106781186547,0.,-0.707106781186548));
#1659=DIRECTION('',(0.,-1.,0.));
#1660=DIRECTION('center_axis',(0.,1.,0.));
#1661=DIRECTION('ref_axis',(0.382683432365089,0.,0.923879532511287));
#1662=DIRECTION('',(0.,1.,0.));
#1663=DIRECTION('center_axis',(0.,1.,0.));
#1664=DIRECTION('ref_axis',(6.12323399573677E-17,0.,-1.));
#1665=DIRECTION('',(0.,-1.,0.));
#1666=DIRECTION('center_axis',(0.,1.,0.));
#1667=DIRECTION('ref_axis',(0.382683432365089,0.,0.923879532511287));
#1668=DIRECTION('',(0.,1.,0.));
#1669=DIRECTION('center_axis',(0.,1.,0.));
#1670=DIRECTION('ref_axis',(0.707106781186548,0.,-0.707106781186547));
#1671=DIRECTION('',(0.,-1.,0.));
#1672=DIRECTION('center_axis',(0.,1.,0.));
#1673=DIRECTION('ref_axis',(0.382683432365089,0.,0.923879532511287));
#1674=DIRECTION('',(0.,1.,0.));
#1675=DIRECTION('center_axis',(0.,1.,0.));
#1676=DIRECTION('ref_axis',(1.,0.,0.));
#1677=DIRECTION('',(0.,-1.,0.));
#1678=DIRECTION('center_axis',(0.,1.,0.));
#1679=DIRECTION('ref_axis',(0.382683432365089,0.,0.923879532511287));
#1680=DIRECTION('center_axis',(0.,1.,0.));
#1681=DIRECTION('ref_axis',(0.382683432365089,0.,0.923879532511287));
#1682=DIRECTION('',(0.,1.,0.));
#1683=DIRECTION('center_axis',(0.,1.,0.));
#1684=DIRECTION('ref_axis',(-3.82856869892695E-16,0.,1.));
#1685=DIRECTION('',(0.,-1.,0.));
#1686=DIRECTION('center_axis',(0.,1.,0.));
#1687=DIRECTION('ref_axis',(0.382683432365089,0.,0.923879532511287));
#1688=DIRECTION('',(0.,1.,0.));
#1689=DIRECTION('center_axis',(0.,1.,0.));
#1690=DIRECTION('ref_axis',(-0.707106781186547,0.,0.707106781186548));
#1691=DIRECTION('',(0.,-1.,0.));
#1692=DIRECTION('center_axis',(0.,1.,0.));
#1693=DIRECTION('ref_axis',(0.382683432365089,0.,0.923879532511287));
#1694=DIRECTION('',(0.,1.,0.));
#1695=DIRECTION('center_axis',(0.,1.,0.));
#1696=DIRECTION('ref_axis',(-1.,0.,1.22464679914735E-16));
#1697=DIRECTION('center_axis',(0.,-1.,0.));
#1698=DIRECTION('ref_axis',(-0.707106781186547,0.,-0.707106781186548));
#1699=DIRECTION('center_axis',(0.,1.,0.));
#1700=DIRECTION('ref_axis',(-0.707106781186547,0.,-0.707106781186548));
#1701=DIRECTION('center_axis',(0.,1.,0.));
#1702=DIRECTION('ref_axis',(0.55,0.,0.835164654424503));
#1703=DIRECTION('center_axis',(0.12812333864133,0.,0.991758241758242));
#1704=DIRECTION('ref_axis',(0.991758241758242,0.,-0.12812333864133));
#1705=DIRECTION('center_axis',(0.,1.,0.));
#1706=DIRECTION('ref_axis',(0.9375,0.,0.347985272676876));
#1707=DIRECTION('center_axis',(0.12812333864133,0.,-0.991758241758242));
#1708=DIRECTION('ref_axis',(0.,1.,0.));
#1709=DIRECTION('center_axis',(0.,1.,0.));
#1710=DIRECTION('ref_axis',(0.950328890437411,0.,-0.311247489949719));
#1711=DIRECTION('center_axis',(0.,-1.,0.));
#1712=DIRECTION('ref_axis',(0.55,0.,-0.835164654424503));
#1713=DIRECTION('',(0.,1.,0.));
#1714=DIRECTION('center_axis',(0.,1.,0.));
#1715=DIRECTION('ref_axis',(0.55,0.,0.835164654424503));
#1716=DIRECTION('center_axis',(0.,-1.,0.));
#1717=DIRECTION('ref_axis',(0.950328890437411,0.,0.311247489949719));
#1718=DIRECTION('',(0.,-1.,0.));
#1719=DIRECTION('center_axis',(0.,-1.,0.));
#1720=DIRECTION('ref_axis',(0.,0.,-1.));
#1721=DIRECTION('center_axis',(0.,-1.,0.));
#1722=DIRECTION('ref_axis',(1.,0.,0.));
#1723=DIRECTION('center_axis',(0.,-1.,0.));
#1724=DIRECTION('ref_axis',(0.,0.,-1.));
#1725=DIRECTION('center_axis',(0.,1.,0.));
#1726=DIRECTION('ref_axis',(-1.,0.,0.));
#1727=DIRECTION('center_axis',(0.,-1.,0.));
#1728=DIRECTION('ref_axis',(-1.,0.,0.));
#1729=DIRECTION('center_axis',(0.,-1.,0.));
#1730=DIRECTION('ref_axis',(-1.,0.,0.));
#1731=DIRECTION('center_axis',(0.,1.,0.));
#1732=DIRECTION('ref_axis',(-1.,0.,0.));
#1733=DIRECTION('center_axis',(0.,1.,0.));
#1734=DIRECTION('ref_axis',(0.979459320203487,0.,0.201641860898284));
#1735=DIRECTION('center_axis',(0.791875859626445,0.,0.610682096463355));
#1736=DIRECTION('ref_axis',(0.610682096463355,0.,-0.791875859626445));
#1737=DIRECTION('center_axis',(0.,1.,0.));
#1738=DIRECTION('ref_axis',(0.908975353425257,0.,-0.41684986129952));
#1739=DIRECTION('center_axis',(-0.610682096463355,0.,-0.791875859626445));
#1740=DIRECTION('ref_axis',(0.,1.,0.));
#1741=DIRECTION('center_axis',(0.,1.,0.));
#1742=DIRECTION('ref_axis',(0.451898792015042,0.,-0.892069213556518));
#1743=DIRECTION('center_axis',(0.,-1.,0.));
#1744=DIRECTION('ref_axis',(-0.201641860898285,0.,-0.979459320203487));
#1745=DIRECTION('',(0.,1.,0.));
#1746=DIRECTION('center_axis',(0.,1.,0.));
#1747=DIRECTION('ref_axis',(0.979459320203487,0.,0.201641860898285));
#1748=DIRECTION('center_axis',(0.,-1.,0.));
#1749=DIRECTION('ref_axis',(0.892069213556518,0.,-0.451898792015044));
#1750=DIRECTION('',(0.,-1.,0.));
#1751=DIRECTION('center_axis',(0.,-1.,0.));
#1752=DIRECTION('ref_axis',(0.,0.,-1.));
#1753=DIRECTION('center_axis',(0.,-1.,0.));
#1754=DIRECTION('ref_axis',(0.707106781186548,0.,-0.707106781186547));
#1755=DIRECTION('center_axis',(0.,-1.,0.));
#1756=DIRECTION('ref_axis',(-0.710920538165349,0.,0.703272342990033));
#1757=DIRECTION('center_axis',(0.,1.,0.));
#1758=DIRECTION('ref_axis',(-0.707106781186548,0.,0.707106781186548));
#1759=DIRECTION('center_axis',(0.,-1.,0.));
#1760=DIRECTION('ref_axis',(-0.707106781186548,0.,0.707106781186548));
#1761=DIRECTION('center_axis',(0.,-1.,0.));
#1762=DIRECTION('ref_axis',(-0.707106781186548,0.,0.707106781186547));
#1763=DIRECTION('center_axis',(0.,1.,0.));
#1764=DIRECTION('ref_axis',(-0.707106781186548,0.,0.707106781186547));
#1765=DIRECTION('center_axis',(0.,1.,0.));
#1766=DIRECTION('ref_axis',(0.835164654424503,0.,-0.55));
#1767=DIRECTION('center_axis',(0.991758241758242,0.,-0.12812333864133));
#1768=DIRECTION('ref_axis',(-0.12812333864133,0.,-0.991758241758242));
#1769=DIRECTION('center_axis',(0.,1.,0.));
#1770=DIRECTION('ref_axis',(0.347985272676877,0.,-0.9375));
#1771=DIRECTION('center_axis',(-0.991758241758242,0.,-0.12812333864133));
#1772=DIRECTION('ref_axis',(0.,1.,0.));
#1773=DIRECTION('center_axis',(0.,1.,0.));
#1774=DIRECTION('ref_axis',(-0.311247489949718,0.,-0.950328890437411));
#1775=DIRECTION('center_axis',(0.,-1.,0.));
#1776=DIRECTION('ref_axis',(-0.835164654424503,0.,-0.55));
#1777=DIRECTION('',(0.,1.,0.));
#1778=DIRECTION('center_axis',(0.,1.,0.));
#1779=DIRECTION('ref_axis',(0.835164654424503,0.,-0.55));
#1780=DIRECTION('center_axis',(0.,-1.,0.));
#1781=DIRECTION('ref_axis',(0.311247489949719,0.,-0.950328890437411));
#1782=DIRECTION('',(0.,-1.,0.));
#1783=DIRECTION('center_axis',(0.,-1.,0.));
#1784=DIRECTION('ref_axis',(0.,0.,-1.));
#1785=DIRECTION('center_axis',(0.,-1.,0.));
#1786=DIRECTION('ref_axis',(6.12323399573677E-17,0.,-1.));
#1787=DIRECTION('center_axis',(0.,-1.,0.));
#1788=DIRECTION('ref_axis',(-0.00540809067232647,0.,0.999985376170712));
#1789=DIRECTION('center_axis',(0.,1.,0.));
#1790=DIRECTION('ref_axis',(4.9789962505148E-17,0.,1.));
#1791=DIRECTION('center_axis',(0.,-1.,0.));
#1792=DIRECTION('ref_axis',(4.9789962505148E-17,0.,1.));
#1793=DIRECTION('center_axis',(0.,-1.,0.));
#1794=DIRECTION('ref_axis',(-6.12323399573677E-17,0.,1.));
#1795=DIRECTION('center_axis',(0.,1.,0.));
#1796=DIRECTION('ref_axis',(-6.12323399573677E-17,0.,1.));
#1797=DIRECTION('center_axis',(0.,1.,0.));
#1798=DIRECTION('ref_axis',(0.201641860898284,0.,-0.979459320203487));
#1799=DIRECTION('center_axis',(0.610682096463355,0.,-0.791875859626445));
#1800=DIRECTION('ref_axis',(-0.791875859626445,0.,-0.610682096463355));
#1801=DIRECTION('center_axis',(0.,1.,0.));
#1802=DIRECTION('ref_axis',(-0.41684986129952,0.,-0.908975353425257));
#1803=DIRECTION('center_axis',(-0.791875859626445,0.,0.610682096463355));
#1804=DIRECTION('ref_axis',(0.,1.,0.));
#1805=DIRECTION('center_axis',(0.,1.,0.));
#1806=DIRECTION('ref_axis',(-0.892069213556518,0.,-0.451898792015042));
#1807=DIRECTION('center_axis',(0.,-1.,0.));
#1808=DIRECTION('ref_axis',(-0.979459320203487,0.,0.201641860898285));
#1809=DIRECTION('',(0.,1.,0.));
#1810=DIRECTION('center_axis',(1.11603480126026E-15,1.,2.29758734754408E-16));
#1811=DIRECTION('ref_axis',(0.201641860898285,0.,-0.979459320203487));
#1812=DIRECTION('center_axis',(0.,-1.,0.));
#1813=DIRECTION('ref_axis',(-0.451898792015044,0.,-0.892069213556518));
#1814=DIRECTION('',(0.,-1.,0.));
#1815=DIRECTION('center_axis',(0.,-1.,0.));
#1816=DIRECTION('ref_axis',(0.,0.,-1.));
#1817=DIRECTION('center_axis',(0.,-1.,0.));
#1818=DIRECTION('ref_axis',(-0.707106781186547,0.,-0.707106781186548));
#1819=DIRECTION('center_axis',(0.,-1.,0.));
#1820=DIRECTION('ref_axis',(0.703272342990008,0.,0.710920538165373));
#1821=DIRECTION('center_axis',(0.,1.,0.));
#1822=DIRECTION('ref_axis',(0.707106781186548,0.,0.707106781186548));
#1823=DIRECTION('center_axis',(0.,-1.,0.));
#1824=DIRECTION('ref_axis',(0.707106781186548,0.,0.707106781186548));
#1825=DIRECTION('center_axis',(0.,-1.,0.));
#1826=DIRECTION('ref_axis',(0.707106781186547,0.,0.707106781186548));
#1827=DIRECTION('center_axis',(0.,1.,0.));
#1828=DIRECTION('ref_axis',(0.707106781186547,0.,0.707106781186548));
#1829=DIRECTION('center_axis',(0.,1.,0.));
#1830=DIRECTION('ref_axis',(-0.55,0.,-0.835164654424503));
#1831=DIRECTION('center_axis',(-0.12812333864133,-2.75268208715442E-16,
-0.991758241758242));
#1832=DIRECTION('ref_axis',(-0.991758241758242,0.,0.12812333864133));
#1833=DIRECTION('center_axis',(0.,1.,0.));
#1834=DIRECTION('ref_axis',(-0.9375,0.,-0.347985272676877));
#1835=DIRECTION('center_axis',(-0.12812333864133,0.,0.991758241758242));
#1836=DIRECTION('ref_axis',(0.,1.,0.));
#1837=DIRECTION('center_axis',(0.,1.,0.));
#1838=DIRECTION('ref_axis',(-0.950328890437411,0.,0.311247489949718));
#1839=DIRECTION('center_axis',(0.,-1.,0.));
#1840=DIRECTION('ref_axis',(-0.55,0.,0.835164654424503));
#1841=DIRECTION('',(0.,1.,0.));
#1842=DIRECTION('center_axis',(-4.75809867696495E-16,1.,3.13345908314813E-16));
#1843=DIRECTION('ref_axis',(-0.55,0.,-0.835164654424503));
#1844=DIRECTION('center_axis',(0.,-1.,0.));
#1845=DIRECTION('ref_axis',(-0.950328890437411,0.,-0.311247489949719));
#1846=DIRECTION('',(0.,-1.,0.));
#1847=DIRECTION('center_axis',(0.,-1.,0.));
#1848=DIRECTION('ref_axis',(0.,0.,-1.));
#1849=DIRECTION('center_axis',(0.,-1.,0.));
#1850=DIRECTION('ref_axis',(-1.,0.,1.22464679914735E-16));
#1851=DIRECTION('center_axis',(0.,-1.,0.));
#1852=DIRECTION('ref_axis',(0.,0.,-1.));
#1853=DIRECTION('center_axis',(0.,1.,0.));
#1854=DIRECTION('ref_axis',(1.,0.,1.14423774522197E-17));
#1855=DIRECTION('center_axis',(0.,-1.,0.));
#1856=DIRECTION('ref_axis',(1.,0.,1.14423774522197E-17));
#1857=DIRECTION('center_axis',(0.,-1.,0.));
#1858=DIRECTION('ref_axis',(1.,0.,1.22464679914735E-16));
#1859=DIRECTION('center_axis',(0.,1.,0.));
#1860=DIRECTION('ref_axis',(1.,0.,1.22464679914735E-16));
#1861=DIRECTION('center_axis',(0.,1.,0.));
#1862=DIRECTION('ref_axis',(-0.979459320203487,0.,-0.201641860898285));
#1863=DIRECTION('center_axis',(-0.791875859626445,0.,-0.610682096463356));
#1864=DIRECTION('ref_axis',(-0.610682096463356,0.,0.791875859626445));
#1865=DIRECTION('center_axis',(0.,1.,0.));
#1866=DIRECTION('ref_axis',(-0.908975353425257,0.,0.416849861299519));
#1867=DIRECTION('center_axis',(0.610682096463355,0.,0.791875859626445));
#1868=DIRECTION('ref_axis',(0.,1.,0.));
#1869=DIRECTION('center_axis',(0.,1.,0.));
#1870=DIRECTION('ref_axis',(-0.451898792015043,0.,0.892069213556518));
#1871=DIRECTION('center_axis',(0.,-1.,0.));
#1872=DIRECTION('ref_axis',(0.201641860898284,0.,0.979459320203487));
#1873=DIRECTION('',(0.,1.,0.));
#1874=DIRECTION('center_axis',(-1.14879367377204E-16,1.,5.58017400630128E-16));
#1875=DIRECTION('ref_axis',(-0.979459320203487,0.,-0.201641860898285));
#1876=DIRECTION('center_axis',(0.,-1.,0.));
#1877=DIRECTION('ref_axis',(-0.892069213556518,0.,0.451898792015042));
#1878=DIRECTION('',(0.,-1.,0.));
#1879=DIRECTION('center_axis',(0.,-1.,0.));
#1880=DIRECTION('ref_axis',(0.,0.,-1.));
#1881=DIRECTION('center_axis',(0.,-1.,0.));
#1882=DIRECTION('ref_axis',(-0.707106781186547,0.,0.707106781186548));
#1883=DIRECTION('center_axis',(0.,-1.,0.));
#1884=DIRECTION('ref_axis',(0.,0.,-1.));
#1885=DIRECTION('center_axis',(0.,1.,0.));
#1886=DIRECTION('ref_axis',(0.707106781186548,0.,-0.707106781186548));
#1887=DIRECTION('center_axis',(0.,-1.,0.));
#1888=DIRECTION('ref_axis',(0.707106781186548,0.,-0.707106781186548));
#1889=DIRECTION('center_axis',(0.,-1.,0.));
#1890=DIRECTION('ref_axis',(0.707106781186548,0.,-0.707106781186547));
#1891=DIRECTION('center_axis',(0.,1.,0.));
#1892=DIRECTION('ref_axis',(0.707106781186548,0.,-0.707106781186547));
#1893=DIRECTION('center_axis',(0.,1.,0.));
#1894=DIRECTION('ref_axis',(-0.835164654424503,0.,0.55));
#1895=DIRECTION('center_axis',(-0.991758241758242,2.75268208715442E-16,
0.12812333864133));
#1896=DIRECTION('ref_axis',(0.12812333864133,0.,0.991758241758242));
#1897=DIRECTION('center_axis',(0.,1.,0.));
#1898=DIRECTION('ref_axis',(-0.347985272676877,0.,0.9375));
#1899=DIRECTION('center_axis',(0.991758241758242,0.,0.128123338641329));
#1900=DIRECTION('ref_axis',(0.,1.,0.));
#1901=DIRECTION('center_axis',(0.,1.,0.));
#1902=DIRECTION('ref_axis',(0.311247489949718,0.,0.950328890437411));
#1903=DIRECTION('center_axis',(0.,-1.,0.));
#1904=DIRECTION('ref_axis',(0.835164654424503,0.,0.55));
#1905=DIRECTION('',(0.,1.,0.));
#1906=DIRECTION('center_axis',(-9.40037724944438E-16,1.,-1.42742960308949E-15));
#1907=DIRECTION('ref_axis',(-0.835164654424503,0.,0.55));
#1908=DIRECTION('center_axis',(0.,-1.,0.));
#1909=DIRECTION('ref_axis',(-0.311247489949719,0.,0.950328890437411));
#1910=DIRECTION('',(0.,-1.,0.));
#1911=DIRECTION('center_axis',(0.,-1.,0.));
#1912=DIRECTION('ref_axis',(-1.22464679914735E-16,0.,1.));
#1913=DIRECTION('center_axis',(0.,-1.,0.));
#1914=DIRECTION('ref_axis',(-3.82856869892695E-16,0.,1.));
#1915=DIRECTION('center_axis',(0.,-1.,0.));
#1916=DIRECTION('ref_axis',(0.,0.,-1.));
#1917=DIRECTION('center_axis',(0.,1.,0.));
#1918=DIRECTION('ref_axis',(7.26747174095872E-17,0.,-1.));
#1919=DIRECTION('center_axis',(0.,-1.,0.));
#1920=DIRECTION('ref_axis',(7.26747174095872E-17,0.,-1.));
#1921=DIRECTION('center_axis',(0.,-1.,0.));
#1922=DIRECTION('ref_axis',(1.83697019872103E-16,0.,-1.));
#1923=DIRECTION('center_axis',(0.,1.,0.));
#1924=DIRECTION('ref_axis',(1.83697019872103E-16,0.,-1.));
#1925=DIRECTION('center_axis',(0.,-1.,0.));
#1926=DIRECTION('ref_axis',(0.382683432365089,0.,0.923879532511287));
#1927=DIRECTION('center_axis',(0.,1.,0.));
#1928=DIRECTION('ref_axis',(1.,0.,0.));
#1929=DIRECTION('center_axis',(0.,-1.,0.));
#1930=DIRECTION('ref_axis',(0.,0.,-1.));
#1931=DIRECTION('center_axis',(0.,1.,0.));
#1932=DIRECTION('ref_axis',(1.,0.,0.));
#1933=DIRECTION('center_axis',(-1.,0.,-1.22464679914735E-16));
#1934=DIRECTION('ref_axis',(-1.22464679914735E-16,0.,1.));
#1935=DIRECTION('center_axis',(0.,-1.,0.));
#1936=DIRECTION('ref_axis',(1.,0.,0.));
#1937=DIRECTION('center_axis',(0.,-1.,0.));
#1938=DIRECTION('ref_axis',(1.,0.,0.));
#1939=DIRECTION('center_axis',(0.,-1.,0.));
#1940=DIRECTION('ref_axis',(1.,0.,0.));
#1941=DIRECTION('',(0.,1.,0.));
#1942=DIRECTION('center_axis',(0.,1.,0.));
#1943=DIRECTION('ref_axis',(-1.83697019872103E-16,0.,-1.));
#1944=DIRECTION('center_axis',(0.,1.,0.));
#1945=DIRECTION('ref_axis',(-1.83697019872103E-16,0.,-1.));
#1946=DIRECTION('center_axis',(0.,1.,0.));
#1947=DIRECTION('ref_axis',(1.,0.,0.));
#1948=DIRECTION('center_axis',(0.,1.,0.));
#1949=DIRECTION('ref_axis',(1.,0.,0.));
#1950=DIRECTION('center_axis',(0.,1.,0.));
#1951=DIRECTION('ref_axis',(0.,0.,1.));
#1952=DIRECTION('center_axis',(-1.,0.,1.22464679914735E-16));
#1953=DIRECTION('ref_axis',(-1.22464679914735E-16,0.,-1.));
#1954=DIRECTION('center_axis',(0.,1.,0.));
#1955=DIRECTION('ref_axis',(6.12323399573676E-17,0.,-1.));
#1956=DIRECTION('center_axis',(0.,-1.,0.));
#1957=DIRECTION('ref_axis',(0.,0.,-1.));
#1958=DIRECTION('center_axis',(-1.,0.,-1.22464679914735E-16));
#1959=DIRECTION('ref_axis',(-1.22464679914735E-16,0.,1.));
#1960=DIRECTION('center_axis',(0.,-1.,0.));
#1961=DIRECTION('ref_axis',(-1.83697019872103E-16,0.,-1.));
#1962=DIRECTION('center_axis',(0.,-1.,0.));
#1963=DIRECTION('ref_axis',(-1.83697019872103E-16,0.,-1.));
#1964=DIRECTION('center_axis',(0.,1.,0.));
#1965=DIRECTION('ref_axis',(1.,0.,0.));
#1966=DIRECTION('',(0.,1.,0.));
#1967=DIRECTION('center_axis',(0.,1.,0.));
#1968=DIRECTION('ref_axis',(1.,0.,0.));
#1969=DIRECTION('center_axis',(0.,-1.,0.));
#1970=DIRECTION('ref_axis',(1.,0.,0.));
#1971=DIRECTION('center_axis',(0.,1.,0.));
#1972=DIRECTION('ref_axis',(0.,0.,1.));
#1973=DIRECTION('center_axis',(1.,0.,-1.22464679914735E-16));
#1974=DIRECTION('ref_axis',(-1.22464679914735E-16,0.,-1.));
#1975=DIRECTION('axis',(0.,0.,1.));
#1976=DIRECTION('refdir',(1.,0.,0.));
#1977=DIRECTION('center_axis',(0.,-1.,0.));
#1978=DIRECTION('ref_axis',(1.,0.,0.));
#1979=DIRECTION('center_axis',(0.,-1.,0.));
#1980=DIRECTION('ref_axis',(1.,0.,0.));
#1981=DIRECTION('',(0.,1.,0.));
#1982=DIRECTION('center_axis',(0.,-1.,0.));
#1983=DIRECTION('ref_axis',(1.,0.,0.));
#1984=DIRECTION('center_axis',(0.,-1.,0.));
#1985=DIRECTION('ref_axis',(1.,0.,0.));
#1986=DIRECTION('center_axis',(0.,-1.,0.));
#1987=DIRECTION('ref_axis',(1.,0.,0.));
#1988=DIRECTION('axis',(0.,0.,1.));
#1989=DIRECTION('refdir',(1.,0.,0.));
#1990=DIRECTION('center_axis',(1.,0.,0.));
#1991=DIRECTION('ref_axis',(0.,0.020761485709074,0.999784457126211));
#1992=DIRECTION('',(1.,0.,0.));
#1993=DIRECTION('center_axis',(0.,-1.,0.));
#1994=DIRECTION('ref_axis',(1.,0.,0.));
#1995=DIRECTION('center_axis',(0.,-1.,0.));
#1996=DIRECTION('ref_axis',(1.,0.,0.));
#1997=DIRECTION('',(0.,1.,0.));
#1998=DIRECTION('center_axis',(0.,-1.,0.));
#1999=DIRECTION('ref_axis',(1.,0.,0.));
#2000=DIRECTION('center_axis',(0.,-1.,0.));
#2001=DIRECTION('ref_axis',(1.,0.,0.));
#2002=DIRECTION('center_axis',(0.,-1.,0.));
#2003=DIRECTION('ref_axis',(1.,0.,0.));
#2004=DIRECTION('center_axis',(1.,0.,0.));
#2005=DIRECTION('ref_axis',(0.,0.020761485709074,-0.999784457126211));
#2006=DIRECTION('',(-1.,0.,0.));
#2007=DIRECTION('center_axis',(0.,-1.,0.));
#2008=DIRECTION('ref_axis',(1.,0.,0.));
#2009=DIRECTION('center_axis',(0.,-1.,0.));
#2010=DIRECTION('ref_axis',(1.,0.,0.));
#2011=DIRECTION('',(0.,0.,1.));
#2012=DIRECTION('',(1.,0.,0.));
#2013=DIRECTION('',(0.,0.,1.));
#2014=DIRECTION('',(1.,0.,0.));
#2015=DIRECTION('',(0.,0.,1.));
#2016=DIRECTION('',(1.,0.,0.));
#2017=DIRECTION('center_axis',(0.,0.,1.));
#2018=DIRECTION('ref_axis',(1.,0.,0.));
#2019=CARTESIAN_POINT('',(0.,0.,0.));
#2020=CARTESIAN_POINT('',(0.,0.,0.));
#2021=CARTESIAN_POINT('Ctrl Pts',(12.7256549479536,-49.,5.83589805819327));
#2022=CARTESIAN_POINT('Ctrl Pts',(12.7256549479536,-49.1716941288813,5.83589805819327));
#2023=CARTESIAN_POINT('Ctrl Pts',(12.6955197737412,-49.4985384626418,5.90186292066389));
#2024=CARTESIAN_POINT('Ctrl Pts',(12.535513717645,-50.1149651813692,6.24138257970052));
#2025=CARTESIAN_POINT('Ctrl Pts',(12.1581863931886,-50.7425751638503,6.97324690726977));
#2026=CARTESIAN_POINT('Ctrl Pts',(11.6938101486261,-50.9558111075101,7.70811465488897));
#2027=CARTESIAN_POINT('Ctrl Pts',(11.3431894536344,-51.001624003338,8.20865794963652));
#2028=CARTESIAN_POINT('Ctrl Pts',(11.1991779907771,-51.000000000056,8.40313041951402));
#2029=CARTESIAN_POINT('Ctrl Pts',(11.0862620347702,-51.000000000056,8.54954935048698));
#2030=CARTESIAN_POINT('Ctrl Pts',(12.6268027780371,-49.,6.051453332235));
#2031=CARTESIAN_POINT('Ctrl Pts',(12.6268027780371,-49.1428475497357,6.051453332235));
#2032=CARTESIAN_POINT('Ctrl Pts',(12.6021472528783,-49.4160135377293,6.10246838505885));
#2033=CARTESIAN_POINT('Ctrl Pts',(12.4627497637756,-49.9707870676898,6.38496111836714));
#2034=CARTESIAN_POINT('Ctrl Pts',(12.1179443389481,-50.584296452606,7.03820047256645));
#2035=CARTESIAN_POINT('Ctrl Pts',(11.6794640499637,-50.8140890540369,7.72923833528558));
#2036=CARTESIAN_POINT('Ctrl Pts',(11.3411230211633,-50.8680889757034,8.21138792984642));
#2037=CARTESIAN_POINT('Ctrl Pts',(11.2000481334066,-50.8675541807006,8.40211054558401));
#2038=CARTESIAN_POINT('Ctrl Pts',(11.0862620347732,-50.8653129941101,8.54954935048928));
#2039=CARTESIAN_POINT('Ctrl Pts',(12.337971803662,-49.,6.47445287342289));
#2040=CARTESIAN_POINT('Ctrl Pts',(12.337971803662,-49.0880467481895,6.47445287342289));
#2041=CARTESIAN_POINT('Ctrl Pts',(12.3234185232843,-49.2588251588497,6.50088497668619));
#2042=CARTESIAN_POINT('Ctrl Pts',(12.2284847309679,-49.6823165905102,6.67784588631065));
#2043=CARTESIAN_POINT('Ctrl Pts',(11.964905574054,-50.2511009447356,7.16599507219685));
#2044=CARTESIAN_POINT('Ctrl Pts',(11.5940160688276,-50.5098932671068,7.75729378432534));
#2045=CARTESIAN_POINT('Ctrl Pts',(11.2890053753175,-50.5787383419166,8.19264696010324));
#2046=CARTESIAN_POINT('Ctrl Pts',(11.1564776508511,-50.5802548525838,8.37117381036414));
#2047=CARTESIAN_POINT('Ctrl Pts',(11.0425640958486,-50.5717591232685,8.51585019344436));
#2048=CARTESIAN_POINT('Ctrl Pts',(11.5306751691592,-49.,6.99502753719187));
#2049=CARTESIAN_POINT('Ctrl Pts',(11.5306751691592,-49.0305572468201,6.99502753719187));
#2050=CARTESIAN_POINT('Ctrl Pts',(11.5266515829986,-49.0920835552427,6.99923318089836));
#2051=CARTESIAN_POINT('Ctrl Pts',(11.5022729643584,-49.3333751271686,7.05798296488395));
#2052=CARTESIAN_POINT('Ctrl Pts',(11.4142407237585,-49.7760278742926,7.3071985524307));
#2053=CARTESIAN_POINT('Ctrl Pts',(11.2037794675901,-50.044183192423,7.71924145631779));
#2054=CARTESIAN_POINT('Ctrl Pts',(10.980435958004,-50.1265070222596,8.04777494487824));
#2055=CARTESIAN_POINT('Ctrl Pts',(10.8707629680834,-50.1315042048923,8.18634296469619));
#2056=CARTESIAN_POINT('Ctrl Pts',(10.7616467587323,-50.1160553549924,8.2992112010094));
#2057=CARTESIAN_POINT('Ctrl Pts',(10.8528253820736,-49.,7.03284328808507));
#2058=CARTESIAN_POINT('Ctrl Pts',(10.8528253820736,-49.0391312662743,7.03284328808507));
#2059=CARTESIAN_POINT('Ctrl Pts',(10.8571779661461,-49.1165838628328,7.03912852648439));
#2060=CARTESIAN_POINT('Ctrl Pts',(10.8825403050303,-49.3305037334669,7.09134737941482));
#2061=CARTESIAN_POINT('Ctrl Pts',(10.9104649070236,-49.6830173072837,7.28448885349049));
#2062=CARTESIAN_POINT('Ctrl Pts',(10.8082950841859,-49.916790134378,7.61832839814675));
#2063=CARTESIAN_POINT('Ctrl Pts',(10.6443154882469,-49.9971059908921,7.87904340687665));
#2064=CARTESIAN_POINT('Ctrl Pts',(10.5528701451289,-50.0070985815691,7.98518814242265));
#2065=CARTESIAN_POINT('Ctrl Pts',(10.4543692580603,-50.,8.06224366875634));
#2066=CARTESIAN_POINT('Ctrl Pts',(10.5044205193065,-49.,6.96111697600121));
#2067=CARTESIAN_POINT('Ctrl Pts',(10.5044205193065,-49.0572313762938,6.96111697600121));
#2068=CARTESIAN_POINT('Ctrl Pts',(10.5179041144474,-49.1670892597816,6.97351191885559));
#2069=CARTESIAN_POINT('Ctrl Pts',(10.5771549359146,-49.3938942688604,7.04497040614395));
#2070=CARTESIAN_POINT('Ctrl Pts',(10.6576892315618,-49.7046085194832,7.24314521172421));
#2071=CARTESIAN_POINT('Ctrl Pts',(10.60189198115,-49.9115236724877,7.55418428218708));
#2072=CARTESIAN_POINT('Ctrl Pts',(10.4656278406258,-49.9876640186875,7.78803783508809));
#2073=CARTESIAN_POINT('Ctrl Pts',(10.3840347578686,-50.,7.87838420754157));
#2074=CARTESIAN_POINT('Ctrl Pts',(10.2943861751438,-50.,7.93886725402363));
#2075=CARTESIAN_POINT('',(11.0862620347702,-51.,8.54954935048698));
#2076=CARTESIAN_POINT('',(12.7256549479536,-49.,5.83589805819327));
#2077=CARTESIAN_POINT('Ctrl Pts',(11.0862620347702,-51.000000000056,8.54954935048698));
#2078=CARTESIAN_POINT('Ctrl Pts',(11.1991779907771,-51.000000000056,8.40313041951402));
#2079=CARTESIAN_POINT('Ctrl Pts',(11.3431894536344,-51.001624003338,8.20865794963652));
#2080=CARTESIAN_POINT('Ctrl Pts',(11.6938101486261,-50.9558111075101,7.70811465488897));
#2081=CARTESIAN_POINT('Ctrl Pts',(12.1581863931886,-50.7425751638503,6.97324690726977));
#2082=CARTESIAN_POINT('Ctrl Pts',(12.535513717645,-50.1149651813692,6.24138257970052));
#2083=CARTESIAN_POINT('Ctrl Pts',(12.6955197737412,-49.4985384626418,5.90186292066389));
#2084=CARTESIAN_POINT('Ctrl Pts',(12.7256549479536,-49.1716941288813,5.83589805819327));
#2085=CARTESIAN_POINT('Ctrl Pts',(12.7256549479536,-49.,5.83589805819327));
#2086=CARTESIAN_POINT('',(10.5044205193065,-49.,6.96111697600121));
#2087=CARTESIAN_POINT('Origin',(10.9077042411031,-49.,5.00219833559423));
#2088=CARTESIAN_POINT('',(10.2943861751438,-50.,7.93886725402362));
#2089=CARTESIAN_POINT('Ctrl Pts',(10.5044205193065,-49.,6.96111697600121));
#2090=CARTESIAN_POINT('Ctrl Pts',(10.5044205193065,-49.0572313762938,6.96111697600121));
#2091=CARTESIAN_POINT('Ctrl Pts',(10.5179041144474,-49.1670892597816,6.97351191885559));
#2092=CARTESIAN_POINT('Ctrl Pts',(10.5771549359146,-49.3938942688604,7.04497040614395));
#2093=CARTESIAN_POINT('Ctrl Pts',(10.6576892315618,-49.7046085194832,7.24314521172421));
#2094=CARTESIAN_POINT('Ctrl Pts',(10.60189198115,-49.9115236724877,7.55418428218708));
#2095=CARTESIAN_POINT('Ctrl Pts',(10.4656278406258,-49.9876640186875,7.78803783508809));
#2096=CARTESIAN_POINT('Ctrl Pts',(10.3840347578686,-50.,7.87838420754157));
#2097=CARTESIAN_POINT('Ctrl Pts',(10.2943861751438,-50.,7.93886725402363));
#2098=CARTESIAN_POINT('Origin',(10.2943861751438,-51.,7.93886725402362));
#2099=CARTESIAN_POINT('Ctrl Pts',(8.54954935048698,-51.,11.0862620347702));
#2100=CARTESIAN_POINT('Ctrl Pts',(8.40313041951704,-51.,11.1991779907748));
#2101=CARTESIAN_POINT('Ctrl Pts',(8.09208156532311,-51.0041801871769,11.4299604972061));
#2102=CARTESIAN_POINT('Ctrl Pts',(7.56987753885903,-50.9224125011504,11.7827735949493));
#2103=CARTESIAN_POINT('Ctrl Pts',(6.8573047264764,-50.6424017362937,12.2177393733119));
#2104=CARTESIAN_POINT('Ctrl Pts',(6.24173678161827,-50.1157890556357,12.5355105024262));
#2105=CARTESIAN_POINT('Ctrl Pts',(5.90178723302261,-49.4983267040811,12.6955155286816));
#2106=CARTESIAN_POINT('Ctrl Pts',(5.83589805819326,-49.1716941288813,12.7256549479536));
#2107=CARTESIAN_POINT('Ctrl Pts',(5.83589805819326,-49.,12.7256549479536));
#2108=CARTESIAN_POINT('Ctrl Pts',(8.54954935048698,-50.8653129940597,11.0862620347702));
#2109=CARTESIAN_POINT('Ctrl Pts',(8.40211054558464,-50.8675541806502,11.2000481334013));
#2110=CARTESIAN_POINT('Ctrl Pts',(8.09705197039016,-50.8698781231952,11.4261034042718));
#2111=CARTESIAN_POINT('Ctrl Pts',(7.59891323376183,-50.777043880496,11.7635632659706));
#2112=CARTESIAN_POINT('Ctrl Pts',(6.93468402636937,-50.4863715094218,12.1724060835434));
#2113=CARTESIAN_POINT('Ctrl Pts',(6.38530942201323,-49.9715495263717,12.4627390259222));
#2114=CARTESIAN_POINT('Ctrl Pts',(6.102395933282,-49.4158029213732,12.6021523786738));
#2115=CARTESIAN_POINT('Ctrl Pts',(6.05145333223499,-49.1428475497357,12.6268027780371));
#2116=CARTESIAN_POINT('Ctrl Pts',(6.05145333223499,-49.,12.6268027780371));
#2117=CARTESIAN_POINT('Ctrl Pts',(8.51585019343791,-50.571759123233,11.0425640958402));
#2118=CARTESIAN_POINT('Ctrl Pts',(8.37117381036048,-50.5802548525481,11.1564776508404));
#2119=CARTESIAN_POINT('Ctrl Pts',(8.08557497954494,-50.5791451207126,11.3687629655031));
#2120=CARTESIAN_POINT('Ctrl Pts',(7.64497474798575,-50.4661981163063,11.6654421861984));
#2121=CARTESIAN_POINT('Ctrl Pts',(7.08873636929591,-50.1604828239658,12.0065288999162));
#2122=CARTESIAN_POINT('Ctrl Pts',(6.67813078202323,-49.682963004829,12.2284754122918));
#2123=CARTESIAN_POINT('Ctrl Pts',(6.50085273867796,-49.2586671962541,12.3234208378315));
#2124=CARTESIAN_POINT('Ctrl Pts',(6.47445287342288,-49.0880467481895,12.337971803662));
#2125=CARTESIAN_POINT('Ctrl Pts',(6.47445287342288,-49.,12.337971803662));
#2126=CARTESIAN_POINT('Ctrl Pts',(8.29921120100306,-50.1160553549854,10.7616467587241));
#2127=CARTESIAN_POINT('Ctrl Pts',(8.18634296469167,-50.1315042048847,10.870762968073));
#2128=CARTESIAN_POINT('Ctrl Pts',(7.96412108384609,-50.1242822370036,11.0465248429782));
#2129=CARTESIAN_POINT('Ctrl Pts',(7.63925941060953,-49.9966175400078,11.2451030824711));
#2130=CARTESIAN_POINT('Ctrl Pts',(7.26792582910084,-49.7055505820013,11.4282128072002));
#2131=CARTESIAN_POINT('Ctrl Pts',(7.05795281491316,-49.3338160159209,11.5023092894043));
#2132=CARTESIAN_POINT('Ctrl Pts',(6.99924867893273,-49.0919650211853,11.5266700060177));
#2133=CARTESIAN_POINT('Ctrl Pts',(6.99502753719187,-49.0305572468202,11.5306751691592));
#2134=CARTESIAN_POINT('Ctrl Pts',(6.99502753719187,-49.,11.5306751691592));
#2135=CARTESIAN_POINT('Ctrl Pts',(8.06224366875461,-50.,10.454369258058));
#2136=CARTESIAN_POINT('Ctrl Pts',(7.98518814242212,-50.0070985815688,10.5528701451247));
#2137=CARTESIAN_POINT('Ctrl Pts',(7.81476975985987,-49.9917518400777,10.6994062056366));
#2138=CARTESIAN_POINT('Ctrl Pts',(7.55247927443449,-49.8749008868839,10.8293419350968));
#2139=CARTESIAN_POINT('Ctrl Pts',(7.25481851157256,-49.6271904002582,10.9059614583217));
#2140=CARTESIAN_POINT('Ctrl Pts',(7.09100713730794,-49.3308868655654,10.8826422289174));
#2141=CARTESIAN_POINT('Ctrl Pts',(7.03929936045768,-49.1165644659352,10.8571643041757));
#2142=CARTESIAN_POINT('Ctrl Pts',(7.03284328808507,-49.0391312662743,10.8528253820736));
#2143=CARTESIAN_POINT('Ctrl Pts',(7.03284328808507,-49.,10.8528253820736));
#2144=CARTESIAN_POINT('Ctrl Pts',(7.93886725402362,-50.,10.2943861751438));
#2145=CARTESIAN_POINT('Ctrl Pts',(7.87838420754281,-50.,10.3840347578668));
#2146=CARTESIAN_POINT('Ctrl Pts',(7.7327268897874,-49.9806181620603,10.5148687481326));
#2147=CARTESIAN_POINT('Ctrl Pts',(7.49256963267779,-49.874534074755,10.6143028416905));
#2148=CARTESIAN_POINT('Ctrl Pts',(7.21242835110966,-49.6551495467957,10.6449075096306));
#2149=CARTESIAN_POINT('Ctrl Pts',(7.04451972571786,-49.3942675063458,10.5772785442906));
#2150=CARTESIAN_POINT('Ctrl Pts',(6.97362360217139,-49.167010814627,10.5178937965534));
#2151=CARTESIAN_POINT('Ctrl Pts',(6.9611169760012,-49.0572313762938,10.5044205193065));
#2152=CARTESIAN_POINT('Ctrl Pts',(6.9611169760012,-49.,10.5044205193065));
#2153=CARTESIAN_POINT('',(6.9611169760012,-49.,10.5044205193065));
#2154=CARTESIAN_POINT('',(7.93886725402362,-50.,10.2943861751438));
#2155=CARTESIAN_POINT('Ctrl Pts',(7.93886725402362,-50.,10.2943861751438));
#2156=CARTESIAN_POINT('Ctrl Pts',(7.87838420754281,-50.,10.3840347578668));
#2157=CARTESIAN_POINT('Ctrl Pts',(7.7327268897874,-49.9806181620603,10.5148687481326));
#2158=CARTESIAN_POINT('Ctrl Pts',(7.49256963267779,-49.874534074755,10.6143028416905));
#2159=CARTESIAN_POINT('Ctrl Pts',(7.21242835110966,-49.6551495467957,10.6449075096306));
#2160=CARTESIAN_POINT('Ctrl Pts',(7.04451972571786,-49.3942675063458,10.5772785442906));
#2161=CARTESIAN_POINT('Ctrl Pts',(6.97362360217139,-49.167010814627,10.5178937965534));
#2162=CARTESIAN_POINT('Ctrl Pts',(6.9611169760012,-49.0572313762938,10.5044205193065));
#2163=CARTESIAN_POINT('Ctrl Pts',(6.9611169760012,-49.,10.5044205193065));
#2164=CARTESIAN_POINT('',(5.83589805819327,-49.,12.7256549479536));
#2165=CARTESIAN_POINT('Origin',(5.00219833559423,-49.,10.9077042411031));
#2166=CARTESIAN_POINT('',(8.54954935048698,-51.,11.0862620347702));
#2167=CARTESIAN_POINT('Ctrl Pts',(5.83589805819326,-49.,12.7256549479536));
#2168=CARTESIAN_POINT('Ctrl Pts',(5.83589805819326,-49.1716941288813,12.7256549479536));
#2169=CARTESIAN_POINT('Ctrl Pts',(5.90178723302261,-49.4983267040811,12.6955155286816));
#2170=CARTESIAN_POINT('Ctrl Pts',(6.24173678161827,-50.1157890556357,12.5355105024262));
#2171=CARTESIAN_POINT('Ctrl Pts',(6.8573047264764,-50.6424017362937,12.2177393733119));
#2172=CARTESIAN_POINT('Ctrl Pts',(7.56987753885903,-50.9224125011504,11.7827735949493));
#2173=CARTESIAN_POINT('Ctrl Pts',(8.09208156532311,-51.0041801871769,11.4299604972061));
#2174=CARTESIAN_POINT('Ctrl Pts',(8.40313041951704,-51.,11.1991779907748));
#2175=CARTESIAN_POINT('Ctrl Pts',(8.54954935048698,-51.,11.0862620347702));
#2176=CARTESIAN_POINT('Origin',(7.93886725402362,-51.,10.2943861751438));
#2177=CARTESIAN_POINT('Origin',(5.00219833559423,0.,10.9077042411031));
#2178=CARTESIAN_POINT('',(6.9611169760012,-10.,10.5044205193065));
#2179=CARTESIAN_POINT('',(5.83589805819327,-10.,12.7256549479536));
#2180=CARTESIAN_POINT('Origin',(5.00219833559423,-10.,10.9077042411031));
#2181=CARTESIAN_POINT('',(5.83589805819327,0.,12.7256549479536));
#2182=CARTESIAN_POINT('',(6.9611169760012,0.,10.5044205193065));
#2183=CARTESIAN_POINT('Ctrl Pts',(6.9611169760012,-10.,10.5044205193065));
#2184=CARTESIAN_POINT('Ctrl Pts',(6.9611169760012,-9.16009056076897,10.5044205193065));
#2185=CARTESIAN_POINT('Ctrl Pts',(6.9220683775519,-7.48107847808143,10.347336767604));
#2186=CARTESIAN_POINT('Ctrl Pts',(6.87146963787232,-5.60298894184747,9.73058520977326));
#2187=CARTESIAN_POINT('Ctrl Pts',(7.01737421620985,-4.4601982511357,8.99017013035028));
#2188=CARTESIAN_POINT('Ctrl Pts',(7.29156126255227,-3.88859511553333,8.35891337973312));
#2189=CARTESIAN_POINT('Ctrl Pts',(7.75322623459375,-3.68901542246626,7.7560741876434));
#2190=CARTESIAN_POINT('Ctrl Pts',(8.56408734458255,-3.95359160391284,7.13278830456882));
#2191=CARTESIAN_POINT('Ctrl Pts',(9.61449402504628,-5.22549672639468,6.85618838188901));
#2192=CARTESIAN_POINT('Ctrl Pts',(10.3442290770353,-7.48231364518726,6.9246784567108));
#2193=CARTESIAN_POINT('Ctrl Pts',(10.5044205193065,-9.16009056076897,6.96111697600121));
#2194=CARTESIAN_POINT('Ctrl Pts',(10.5044205193065,-10.,6.96111697600121));
#2195=CARTESIAN_POINT('Ctrl Pts',(7.06434633916088,-10.,11.0058489499657));
#2196=CARTESIAN_POINT('Ctrl Pts',(7.06434633916088,-9.10479981532008,11.0058489499657));
#2197=CARTESIAN_POINT('Ctrl Pts',(6.98808448542193,-7.31626277633093,10.8184648239401));
#2198=CARTESIAN_POINT('Ctrl Pts',(6.83951351947801,-5.34145448763899,10.0785556629404));
#2199=CARTESIAN_POINT('Ctrl Pts',(6.94510186033457,-4.14877072928899,9.1936159082495));
#2200=CARTESIAN_POINT('Ctrl Pts',(7.22867410555601,-3.55313873496997,8.44748744217217));
#2201=CARTESIAN_POINT('Ctrl Pts',(7.74622268410034,-3.34488913297559,7.74965046099841));
#2202=CARTESIAN_POINT('Ctrl Pts',(8.68496613034277,-3.62113442999528,7.05037797996332));
#2203=CARTESIAN_POINT('Ctrl Pts',(9.93915438017934,-4.94488910005828,6.80268600463657));
#2204=CARTESIAN_POINT('Ctrl Pts',(10.8148370204797,-7.31733572699822,6.99143929193888));
#2205=CARTESIAN_POINT('Ctrl Pts',(11.0058489499657,-9.10479981532005,7.06434633916089));
#2206=CARTESIAN_POINT('Ctrl Pts',(11.0058489499657,-10.,7.06434633916089));
#2207=CARTESIAN_POINT('Ctrl Pts',(6.88989523616502,-10.,11.9512568666588));
#2208=CARTESIAN_POINT('Ctrl Pts',(6.88989523616502,-9.00900160020871,11.9512568666588));
#2209=CARTESIAN_POINT('Ctrl Pts',(6.77281761396088,-7.02973489875997,11.6840728892646));
#2210=CARTESIAN_POINT('Ctrl Pts',(6.5385504934914,-4.88532413157187,10.6656868608619));
#2211=CARTESIAN_POINT('Ctrl Pts',(6.64069753491533,-3.60463948100823,9.49029158429636));
#2212=CARTESIAN_POINT('Ctrl Pts',(6.98019852777645,-2.96671719270138,8.518928575337));
#2213=CARTESIAN_POINT('Ctrl Pts',(7.62480260784573,-2.74324558029308,7.62900801379289));
#2214=CARTESIAN_POINT('Ctrl Pts',(8.82155307992583,-3.0399638626512,6.75793300971672));
#2215=CARTESIAN_POINT('Ctrl Pts',(10.4724255207137,-4.45526469426371,6.48356922319546));
#2216=CARTESIAN_POINT('Ctrl Pts',(11.6796927087349,-7.03056242307978,6.77691208093498));
#2217=CARTESIAN_POINT('Ctrl Pts',(11.9512568666588,-9.00900160020863,6.88989523616502));
#2218=CARTESIAN_POINT('Ctrl Pts',(11.9512568666588,-10.,6.88989523616502));
#2219=CARTESIAN_POINT('Ctrl Pts',(6.1849064924189,-10.,12.5656020742964));
#2220=CARTESIAN_POINT('Ctrl Pts',(6.1849064924189,-8.95933168824555,12.5656020742964));
#2221=CARTESIAN_POINT('Ctrl Pts',(6.08662135700051,-6.87997415240632,12.2487413733123));
#2222=CARTESIAN_POINT('Ctrl Pts',(5.91388352867415,-4.58741573502223,11.0292484300544));
#2223=CARTESIAN_POINT('Ctrl Pts',(6.10401004095907,-3.20506226623029,9.60888321507533));
#2224=CARTESIAN_POINT('Ctrl Pts',(6.54448400007322,-2.51508865744136,8.42903432843644));
#2225=CARTESIAN_POINT('Ctrl Pts',(7.33769566723333,-2.27383727163186,7.34250652941178));
#2226=CARTESIAN_POINT('Ctrl Pts',(8.79834154078918,-2.59389384916857,6.27189857133731));
#2227=CARTESIAN_POINT('Ctrl Pts',(10.7982972623271,-4.12708689648641,5.87114844727354));
#2228=CARTESIAN_POINT('Ctrl Pts',(12.2432098637993,-6.88118474851951,6.0907785586414));
#2229=CARTESIAN_POINT('Ctrl Pts',(12.5656020742964,-8.95933168824545,6.18490649241891));
#2230=CARTESIAN_POINT('Ctrl Pts',(12.5656020742964,-10.,6.18490649241891));
#2231=CARTESIAN_POINT('Ctrl Pts',(5.83589805819327,-10.,12.7256549479536));
#2232=CARTESIAN_POINT('Ctrl Pts',(5.83589805819327,-8.9501132009613,12.7256549479536));
#2233=CARTESIAN_POINT('Ctrl Pts',(5.75083449000734,-6.85134809760176,12.4001929280255));
#2234=CARTESIAN_POINT('Ctrl Pts',(5.61713614508127,-4.50373617730936,11.1282032282215));
#2235=CARTESIAN_POINT('Ctrl Pts',(5.85172307791645,-3.07524781391964,9.62347429458123));
#2236=CARTESIAN_POINT('Ctrl Pts',(6.33780791622834,-2.36074389441666,8.36444302088519));
#2237=CARTESIAN_POINT('Ctrl Pts',(7.19345082276136,-2.11126927808282,7.19856041250324));
#2238=CARTESIAN_POINT('Ctrl Pts',(8.7607137568665,-2.44198950489105,6.04405979966661));
#2239=CARTESIAN_POINT('Ctrl Pts',(10.8883026894426,-4.03187090799335,5.58227141691656));
#2240=CARTESIAN_POINT('Ctrl Pts',(12.3940528293785,-6.85289205648406,5.7550078431815));
#2241=CARTESIAN_POINT('Ctrl Pts',(12.7256549479536,-8.9501132009612,5.83589805819327));
#2242=CARTESIAN_POINT('Ctrl Pts',(12.7256549479536,-10.,5.83589805819327));
#2243=CARTESIAN_POINT('',(10.5044205193065,-10.,6.96111697600121));
#2244=CARTESIAN_POINT('',(12.7256549479536,-10.,5.83589805819327));
#2245=CARTESIAN_POINT('Origin',(10.9077042411031,-10.,5.00219833559423));
#2246=CARTESIAN_POINT('Ctrl Pts',(12.7256549479536,-10.,5.83589805819327));
#2247=CARTESIAN_POINT('Ctrl Pts',(12.7256549479536,-8.9501132009612,5.83589805819327));
#2248=CARTESIAN_POINT('Ctrl Pts',(12.3940528293785,-6.85289205648406,5.7550078431815));
#2249=CARTESIAN_POINT('Ctrl Pts',(10.8883026894426,-4.03187090799335,5.58227141691656));
#2250=CARTESIAN_POINT('Ctrl Pts',(8.7607137568665,-2.44198950489105,6.04405979966661));
#2251=CARTESIAN_POINT('Ctrl Pts',(7.19345082276136,-2.11126927808282,7.19856041250324));
#2252=CARTESIAN_POINT('Ctrl Pts',(6.33780791622834,-2.36074389441666,8.36444302088519));
#2253=CARTESIAN_POINT('Ctrl Pts',(5.85172307791645,-3.07524781391964,9.62347429458123));
#2254=CARTESIAN_POINT('Ctrl Pts',(5.61713614508127,-4.50373617730936,11.1282032282215));
#2255=CARTESIAN_POINT('Ctrl Pts',(5.75083449000734,-6.85134809760176,12.4001929280255));
#2256=CARTESIAN_POINT('Ctrl Pts',(5.83589805819327,-8.9501132009613,12.7256549479536));
#2257=CARTESIAN_POINT('Ctrl Pts',(5.83589805819327,-10.,12.7256549479536));
#2258=CARTESIAN_POINT('Ctrl Pts',(6.9611169760012,-10.,10.5044205193065));
#2259=CARTESIAN_POINT('Ctrl Pts',(6.9611169760012,-9.16009056076897,10.5044205193065));
#2260=CARTESIAN_POINT('Ctrl Pts',(6.9220683775519,-7.48107847808143,10.347336767604));
#2261=CARTESIAN_POINT('Ctrl Pts',(6.87146963787232,-5.60298894184747,9.73058520977326));
#2262=CARTESIAN_POINT('Ctrl Pts',(7.01737421620985,-4.4601982511357,8.99017013035028));
#2263=CARTESIAN_POINT('Ctrl Pts',(7.29156126255227,-3.88859511553333,8.35891337973312));
#2264=CARTESIAN_POINT('Ctrl Pts',(7.75322623459375,-3.68901542246626,7.7560741876434));
#2265=CARTESIAN_POINT('Ctrl Pts',(8.56408734458255,-3.95359160391284,7.13278830456882));
#2266=CARTESIAN_POINT('Ctrl Pts',(9.61449402504628,-5.22549672639468,6.85618838188901));
#2267=CARTESIAN_POINT('Ctrl Pts',(10.3442290770353,-7.48231364518726,6.9246784567108));
#2268=CARTESIAN_POINT('Ctrl Pts',(10.5044205193065,-9.16009056076897,6.96111697600121));
#2269=CARTESIAN_POINT('Ctrl Pts',(10.5044205193065,-10.,6.96111697600121));
#2270=CARTESIAN_POINT('Origin',(10.9077042411031,0.,5.00219833559423));
#2271=CARTESIAN_POINT('',(12.7256549479536,0.,5.83589805819327));
#2272=CARTESIAN_POINT('',(10.5044205193065,0.,6.96111697600121));
#2273=CARTESIAN_POINT('Origin',(0.,-51.,0.));
#2274=CARTESIAN_POINT('Origin',(0.,-51.,0.));
#2275=CARTESIAN_POINT('Origin',(0.,-50.,0.));
#2276=CARTESIAN_POINT('Origin',(9.89949493661166,-49.,9.89949493661167));
#2277=CARTESIAN_POINT('Origin',(9.89949493661166,-49.,9.89949493661167));
#2278=CARTESIAN_POINT('Origin',(9.89949493661166,-50.,9.89949493661167));
#2279=CARTESIAN_POINT('Origin',(0.,0.,0.));
#2280=CARTESIAN_POINT('',(-1.71450551880629E-15,-53.2759431871256,-14.));
#2281=CARTESIAN_POINT('',(-14.,-53.2759431871256,-1.71450551880629E-15));
#2282=CARTESIAN_POINT('Origin',(0.,-53.2759431871256,0.));
#2283=CARTESIAN_POINT('Origin',(0.,-53.2759431871256,0.));
#2284=CARTESIAN_POINT('',(-14.,-51.,-1.71450551880629E-15));
#2285=CARTESIAN_POINT('',(-14.,0.,-1.71450551880629E-15));
#2286=CARTESIAN_POINT('',(-13.8846153846154,-51.,-1.79372674097862));
#2287=CARTESIAN_POINT('Origin',(0.,-51.,0.));
#2288=CARTESIAN_POINT('',(-13.125,-49.,-4.87179381747627));
#2289=CARTESIAN_POINT('Ctrl Pts',(-13.125,-49.,-4.87179381747628));
#2290=CARTESIAN_POINT('Ctrl Pts',(-13.125,-49.1716941288813,-4.87179381747628));
#2291=CARTESIAN_POINT('Ctrl Pts',(-13.1503359983817,-49.4985408554653,-4.8038398608304));
#2292=CARTESIAN_POINT('Ctrl Pts',(-13.2772713438835,-50.1149684802238,-4.45062208549539));
#2293=CARTESIAN_POINT('Ctrl Pts',(-13.527967877268,-50.7425816599244,-3.66630292251789));
#2294=CARTESIAN_POINT('Ctrl Pts',(-13.7192335215627,-50.9558144269495,-2.81830991745896));
#2295=CARTESIAN_POINT('Ctrl Pts',(-13.8252444787069,-51.0016263289897,-2.2164466213872));
#2296=CARTESIAN_POINT('Ctrl Pts',(-13.8609252038274,-51.,-1.97710419815653));
#2297=CARTESIAN_POINT('Ctrl Pts',(-13.8846153846154,-51.,-1.79372674097862));
#2298=CARTESIAN_POINT('',(-13.125,-10.,-4.87179381747627));
#2299=CARTESIAN_POINT('',(-13.125,0.,-4.87179381747627));
#2300=CARTESIAN_POINT('',(-12.7256549479536,-10.,-5.83589805819327));
#2301=CARTESIAN_POINT('Origin',(0.,-10.,0.));
#2302=CARTESIAN_POINT('',(-12.7256549479536,-49.,-5.83589805819327));
#2303=CARTESIAN_POINT('',(-12.7256549479536,0.,-5.83589805819327));
#2304=CARTESIAN_POINT('',(-11.0862620347702,-51.,-8.54954935048698));
#2305=CARTESIAN_POINT('Ctrl Pts',(-11.0862620347702,-51.000000000056,-8.54954935048698));
#2306=CARTESIAN_POINT('Ctrl Pts',(-11.1991779907771,-51.000000000056,-8.40313041951402));
#2307=CARTESIAN_POINT('Ctrl Pts',(-11.3431894536344,-51.001624003338,-8.20865794963652));
#2308=CARTESIAN_POINT('Ctrl Pts',(-11.6938101486261,-50.9558111075101,-7.70811465488897));
#2309=CARTESIAN_POINT('Ctrl Pts',(-12.1581863931886,-50.7425751638503,-6.97324690726977));
#2310=CARTESIAN_POINT('Ctrl Pts',(-12.535513717645,-50.1149651813693,-6.24138257970052));
#2311=CARTESIAN_POINT('Ctrl Pts',(-12.6955197737412,-49.4985384626418,-5.90186292066389));
#2312=CARTESIAN_POINT('Ctrl Pts',(-12.7256549479536,-49.1716941288813,-5.83589805819327));
#2313=CARTESIAN_POINT('Ctrl Pts',(-12.7256549479536,-49.,-5.83589805819327));
#2314=CARTESIAN_POINT('',(-8.54954935048698,-51.,-11.0862620347702));
#2315=CARTESIAN_POINT('Origin',(0.,-51.,0.));
#2316=CARTESIAN_POINT('',(-5.83589805819327,-49.,-12.7256549479536));
#2317=CARTESIAN_POINT('Ctrl Pts',(-5.83589805819327,-49.,-12.7256549479536));
#2318=CARTESIAN_POINT('Ctrl Pts',(-5.83589805819327,-49.1716941288812,-12.7256549479536));
#2319=CARTESIAN_POINT('Ctrl Pts',(-5.90186292066646,-49.4985384626372,-12.6955197737402));
#2320=CARTESIAN_POINT('Ctrl Pts',(-6.2413825796962,-50.1149651813541,-12.5355137176464));
#2321=CARTESIAN_POINT('Ctrl Pts',(-6.97324690726952,-50.7425751638355,-12.158186393189));
#2322=CARTESIAN_POINT('Ctrl Pts',(-7.70811465489223,-50.9558111074743,-11.693810148624));
#2323=CARTESIAN_POINT('Ctrl Pts',(-8.20865794963603,-51.0016240032979,-11.3431894536346));
#2324=CARTESIAN_POINT('Ctrl Pts',(-8.40313041951704,-51.,-11.1991779907748));
#2325=CARTESIAN_POINT('Ctrl Pts',(-8.54954935048698,-51.,-11.0862620347702));
#2326=CARTESIAN_POINT('',(-5.83589805819327,-10.,-12.7256549479536));
#2327=CARTESIAN_POINT('',(-5.83589805819327,0.,-12.7256549479536));
#2328=CARTESIAN_POINT('',(-4.87179381747627,-10.,-13.125));
#2329=CARTESIAN_POINT('Origin',(0.,-10.,0.));
#2330=CARTESIAN_POINT('',(-4.87179381747627,-49.,-13.125));
#2331=CARTESIAN_POINT('',(-4.87179381747627,0.,-13.125));
#2332=CARTESIAN_POINT('',(-1.79372674097862,-51.,-13.8846153846154));
#2333=CARTESIAN_POINT('Ctrl Pts',(-1.79372674097862,-51.000000000056,-13.8846153846154));
#2334=CARTESIAN_POINT('Ctrl Pts',(-1.97710419816031,-51.000000000056,-13.8609252038269));
#2335=CARTESIAN_POINT('Ctrl Pts',(-2.35953095737577,-51.0023470612617,-13.803841314207));
#2336=CARTESIAN_POINT('Ctrl Pts',(-3.1867035245066,-50.8989276794134,-13.6451529278212));
#2337=CARTESIAN_POINT('Ctrl Pts',(-4.18427004742108,-50.4227776839626,-13.3734997205271));
#2338=CARTESIAN_POINT('Ctrl Pts',(-4.77216460235674,-49.6561705128345,-13.1614145320614));
#2339=CARTESIAN_POINT('Ctrl Pts',(-4.87179381747627,-49.1716941288813,-13.125));
#2340=CARTESIAN_POINT('Ctrl Pts',(-4.87179381747627,-49.,-13.125));
#2341=CARTESIAN_POINT('',(1.79372674097862,-51.,-13.8846153846154));
#2342=CARTESIAN_POINT('Origin',(0.,-51.,0.));
#2343=CARTESIAN_POINT('',(4.87179381747627,-49.,-13.125));
#2344=CARTESIAN_POINT('Ctrl Pts',(4.87179381747627,-49.,-13.125));
#2345=CARTESIAN_POINT('Ctrl Pts',(4.87179381747627,-49.1716941288813,-13.125));
#2346=CARTESIAN_POINT('Ctrl Pts',(4.77216460235437,-49.6561705128176,-13.1614145320618));
#2347=CARTESIAN_POINT('Ctrl Pts',(4.18427004742837,-50.4227776839444,-13.373499720524));
#2348=CARTESIAN_POINT('Ctrl Pts',(3.18670352449978,-50.8989276793802,-13.6451529278231));
#2349=CARTESIAN_POINT('Ctrl Pts',(2.35953095737531,-51.0023470612198,-13.8038413142069));
#2350=CARTESIAN_POINT('Ctrl Pts',(1.97710419815653,-51.,-13.8609252038274));
#2351=CARTESIAN_POINT('Ctrl Pts',(1.79372674097862,-51.,-13.8846153846154));
#2352=CARTESIAN_POINT('',(4.87179381747627,-10.,-13.125));
#2353=CARTESIAN_POINT('',(4.87179381747627,0.,-13.125));
#2354=CARTESIAN_POINT('',(5.83589805819327,-10.,-12.7256549479536));
#2355=CARTESIAN_POINT('Origin',(0.,-10.,0.));
#2356=CARTESIAN_POINT('',(5.83589805819327,-49.,-12.7256549479536));
#2357=CARTESIAN_POINT('',(5.83589805819327,0.,-12.7256549479536));
#2358=CARTESIAN_POINT('',(8.54954935048698,-51.,-11.0862620347702));
#2359=CARTESIAN_POINT('Ctrl Pts',(8.54954935048698,-51.000000000056,-11.0862620347702));
#2360=CARTESIAN_POINT('Ctrl Pts',(8.40313041951402,-51.000000000056,-11.1991779907771));
#2361=CARTESIAN_POINT('Ctrl Pts',(8.20865794963652,-51.001624003338,-11.3431894536344));
#2362=CARTESIAN_POINT('Ctrl Pts',(7.70811465488897,-50.9558111075101,-11.6938101486261));
#2363=CARTESIAN_POINT('Ctrl Pts',(6.97324690726977,-50.7425751638503,-12.1581863931886));
#2364=CARTESIAN_POINT('Ctrl Pts',(6.24138257970052,-50.1149651813692,-12.535513717645));
#2365=CARTESIAN_POINT('Ctrl Pts',(5.90186292066389,-49.4985384626418,-12.6955197737412));
#2366=CARTESIAN_POINT('Ctrl Pts',(5.83589805819327,-49.1716941288813,-12.7256549479536));
#2367=CARTESIAN_POINT('Ctrl Pts',(5.83589805819327,-49.,-12.7256549479536));
#2368=CARTESIAN_POINT('',(11.0862620347702,-51.,-8.54954935048698));
#2369=CARTESIAN_POINT('Origin',(0.,-51.,0.));
#2370=CARTESIAN_POINT('',(12.7256549479536,-49.,-5.83589805819327));
#2371=CARTESIAN_POINT('Ctrl Pts',(12.7256549479536,-49.,-5.83589805819327));
#2372=CARTESIAN_POINT('Ctrl Pts',(12.7256549479536,-49.1716941288813,-5.83589805819327));
#2373=CARTESIAN_POINT('Ctrl Pts',(12.6955197737402,-49.4985384626372,-5.90186292066646));
#2374=CARTESIAN_POINT('Ctrl Pts',(12.5355137176464,-50.114965181354,-6.2413825796962));
#2375=CARTESIAN_POINT('Ctrl Pts',(12.158186393189,-50.7425751638355,-6.97324690726952));
#2376=CARTESIAN_POINT('Ctrl Pts',(11.693810148624,-50.9558111074742,-7.70811465489223));
#2377=CARTESIAN_POINT('Ctrl Pts',(11.3431894536346,-51.0016240032979,-8.20865794963603));
#2378=CARTESIAN_POINT('Ctrl Pts',(11.1991779907748,-51.,-8.40313041951704));
#2379=CARTESIAN_POINT('Ctrl Pts',(11.0862620347702,-51.,-8.54954935048698));
#2380=CARTESIAN_POINT('',(12.7256549479536,-10.,-5.83589805819327));
#2381=CARTESIAN_POINT('',(12.7256549479536,0.,-5.83589805819327));
#2382=CARTESIAN_POINT('',(13.125,-10.,-4.87179381747627));
#2383=CARTESIAN_POINT('Origin',(0.,-10.,0.));
#2384=CARTESIAN_POINT('',(13.125,-49.,-4.87179381747627));
#2385=CARTESIAN_POINT('',(13.125,0.,-4.87179381747627));
#2386=CARTESIAN_POINT('',(13.8846153846154,-51.,-1.79372674097862));
#2387=CARTESIAN_POINT('Ctrl Pts',(13.8846153846154,-51.000000000056,-1.79372674097862));
#2388=CARTESIAN_POINT('Ctrl Pts',(13.8609252038269,-51.000000000056,-1.97710419816031));
#2389=CARTESIAN_POINT('Ctrl Pts',(13.803841314207,-51.0023470612617,-2.35953095737578));
#2390=CARTESIAN_POINT('Ctrl Pts',(13.6451529278212,-50.8989276794134,-3.1867035245066));
#2391=CARTESIAN_POINT('Ctrl Pts',(13.3734997205271,-50.4227776839626,-4.18427004742108));
#2392=CARTESIAN_POINT('Ctrl Pts',(13.1614145320614,-49.6561705128345,-4.77216460235674));
#2393=CARTESIAN_POINT('Ctrl Pts',(13.125,-49.1716941288813,-4.87179381747627));
#2394=CARTESIAN_POINT('Ctrl Pts',(13.125,-49.,-4.87179381747627));
#2395=CARTESIAN_POINT('',(13.8846153846154,-51.,1.79372674097862));
#2396=CARTESIAN_POINT('Origin',(0.,-51.,0.));
#2397=CARTESIAN_POINT('',(13.125,-49.,4.87179381747627));
#2398=CARTESIAN_POINT('Ctrl Pts',(13.125,-49.,4.87179381747627));
#2399=CARTESIAN_POINT('Ctrl Pts',(13.125,-49.1716941288813,4.87179381747627));
#2400=CARTESIAN_POINT('Ctrl Pts',(13.1614145320618,-49.6561705128176,4.77216460235438));
#2401=CARTESIAN_POINT('Ctrl Pts',(13.373499720524,-50.4227776839445,4.18427004742838));
#2402=CARTESIAN_POINT('Ctrl Pts',(13.6451529278231,-50.8989276793802,3.18670352449978));
#2403=CARTESIAN_POINT('Ctrl Pts',(13.8038413142069,-51.0023470612198,2.35953095737531));
#2404=CARTESIAN_POINT('Ctrl Pts',(13.8609252038274,-51.,1.97710419815653));
#2405=CARTESIAN_POINT('Ctrl Pts',(13.8846153846154,-51.,1.79372674097862));
#2406=CARTESIAN_POINT('',(13.125,-10.,4.87179381747627));
#2407=CARTESIAN_POINT('',(13.125,0.,4.87179381747627));
#2408=CARTESIAN_POINT('Origin',(0.,-10.,0.));
#2409=CARTESIAN_POINT('',(4.87179381747627,-10.,13.125));
#2410=CARTESIAN_POINT('Origin',(0.,-10.,0.));
#2411=CARTESIAN_POINT('',(4.87179381747627,-49.,13.125));
#2412=CARTESIAN_POINT('',(4.87179381747627,0.,13.125));
#2413=CARTESIAN_POINT('',(1.79372674097862,-51.,13.8846153846154));
#2414=CARTESIAN_POINT('Ctrl Pts',(1.79372674097862,-51.000000000056,13.8846153846154));
#2415=CARTESIAN_POINT('Ctrl Pts',(1.97710419816031,-51.000000000056,13.8609252038269));
#2416=CARTESIAN_POINT('Ctrl Pts',(2.35953095737577,-51.0023470612617,13.803841314207));
#2417=CARTESIAN_POINT('Ctrl Pts',(3.1867035245066,-50.8989276794134,13.6451529278212));
#2418=CARTESIAN_POINT('Ctrl Pts',(4.18427004742108,-50.4227776839626,13.3734997205271));
#2419=CARTESIAN_POINT('Ctrl Pts',(4.77216460235674,-49.6561705128345,13.1614145320614));
#2420=CARTESIAN_POINT('Ctrl Pts',(4.87179381747627,-49.1716941288813,13.125));
#2421=CARTESIAN_POINT('Ctrl Pts',(4.87179381747627,-49.,13.125));
#2422=CARTESIAN_POINT('',(-1.79372674097862,-51.,13.8846153846154));
#2423=CARTESIAN_POINT('Origin',(0.,-51.,0.));
#2424=CARTESIAN_POINT('',(-4.87179381747627,-49.,13.125));
#2425=CARTESIAN_POINT('Ctrl Pts',(-4.87179381747627,-49.,13.125));
#2426=CARTESIAN_POINT('Ctrl Pts',(-4.87179381747627,-49.1716941288813,13.125));
#2427=CARTESIAN_POINT('Ctrl Pts',(-4.77216460235437,-49.6561705128176,13.1614145320618));
#2428=CARTESIAN_POINT('Ctrl Pts',(-4.18427004742838,-50.4227776839445,13.373499720524));
#2429=CARTESIAN_POINT('Ctrl Pts',(-3.18670352449978,-50.8989276793802,13.6451529278231));
#2430=CARTESIAN_POINT('Ctrl Pts',(-2.35953095737531,-51.0023470612198,13.8038413142069));
#2431=CARTESIAN_POINT('Ctrl Pts',(-1.97710419815652,-51.,13.8609252038274));
#2432=CARTESIAN_POINT('Ctrl Pts',(-1.79372674097862,-51.,13.8846153846154));
#2433=CARTESIAN_POINT('',(-4.87179381747627,-10.,13.125));
#2434=CARTESIAN_POINT('',(-4.87179381747627,0.,13.125));
#2435=CARTESIAN_POINT('',(-5.83589805819327,-10.,12.7256549479536));
#2436=CARTESIAN_POINT('Origin',(0.,-10.,0.));
#2437=CARTESIAN_POINT('',(-5.83589805819327,-49.,12.7256549479536));
#2438=CARTESIAN_POINT('',(-5.83589805819327,0.,12.7256549479536));
#2439=CARTESIAN_POINT('',(-8.54954935048698,-51.,11.0862620347702));
#2440=CARTESIAN_POINT('Ctrl Pts',(-8.54954935048698,-51.000000000056,11.0862620347702));
#2441=CARTESIAN_POINT('Ctrl Pts',(-8.40313041951402,-51.000000000056,11.1991779907771));
#2442=CARTESIAN_POINT('Ctrl Pts',(-8.20865794963652,-51.001624003338,11.3431894536344));
#2443=CARTESIAN_POINT('Ctrl Pts',(-7.70811465488897,-50.9558111075101,11.6938101486261));
#2444=CARTESIAN_POINT('Ctrl Pts',(-6.97324690726977,-50.7425751638503,12.1581863931886));
#2445=CARTESIAN_POINT('Ctrl Pts',(-6.24138257970052,-50.1149651813692,12.535513717645));
#2446=CARTESIAN_POINT('Ctrl Pts',(-5.90186292066389,-49.4985384626418,12.6955197737412));
#2447=CARTESIAN_POINT('Ctrl Pts',(-5.83589805819328,-49.1716941288813,12.7256549479536));
#2448=CARTESIAN_POINT('Ctrl Pts',(-5.83589805819328,-49.,12.7256549479536));
#2449=CARTESIAN_POINT('',(-11.0862620347702,-51.,8.54954935048698));
#2450=CARTESIAN_POINT('Origin',(0.,-51.,0.));
#2451=CARTESIAN_POINT('',(-12.7256549479536,-49.,5.83589805819327));
#2452=CARTESIAN_POINT('Ctrl Pts',(-12.7256549479536,-49.,5.83589805819326));
#2453=CARTESIAN_POINT('Ctrl Pts',(-12.7256549479536,-49.1716941288812,5.83589805819326));
#2454=CARTESIAN_POINT('Ctrl Pts',(-12.6955155286816,-49.498326704081,5.90178723302261));
#2455=CARTESIAN_POINT('Ctrl Pts',(-12.5355105024262,-50.1157890556357,6.24173678161828));
#2456=CARTESIAN_POINT('Ctrl Pts',(-12.2177393733119,-50.6424017362937,6.8573047264764));
#2457=CARTESIAN_POINT('Ctrl Pts',(-11.7827735949493,-50.9224125011504,7.56987753885904));
#2458=CARTESIAN_POINT('Ctrl Pts',(-11.4299604972061,-51.0041801871769,8.09208156532311));
#2459=CARTESIAN_POINT('Ctrl Pts',(-11.1991779907748,-51.,8.40313041951704));
#2460=CARTESIAN_POINT('Ctrl Pts',(-11.0862620347702,-51.,8.54954935048698));
#2461=CARTESIAN_POINT('',(-12.7256549479536,-10.,5.83589805819327));
#2462=CARTESIAN_POINT('',(-12.7256549479536,0.,5.83589805819327));
#2463=CARTESIAN_POINT('',(-13.125,-10.,4.87179381747627));
#2464=CARTESIAN_POINT('Origin',(0.,-10.,0.));
#2465=CARTESIAN_POINT('',(-13.125,-49.,4.87179381747627));
#2466=CARTESIAN_POINT('',(-13.125,0.,4.87179381747627));
#2467=CARTESIAN_POINT('',(-13.8846153846154,-51.,1.79372674097862));
#2468=CARTESIAN_POINT('Ctrl Pts',(-13.8846153846154,-51.000000000056,1.79372674097862));
#2469=CARTESIAN_POINT('Ctrl Pts',(-13.8609252038269,-51.000000000056,1.97710419816031));
#2470=CARTESIAN_POINT('Ctrl Pts',(-13.803841314207,-51.0023470612617,2.35953095737578));
#2471=CARTESIAN_POINT('Ctrl Pts',(-13.6451529278212,-50.8989276794134,3.18670352450661));
#2472=CARTESIAN_POINT('Ctrl Pts',(-13.3734997205272,-50.4227776839626,4.18427004742108));
#2473=CARTESIAN_POINT('Ctrl Pts',(-13.1614145320614,-49.6561705128345,4.77216460235674));
#2474=CARTESIAN_POINT('Ctrl Pts',(-13.125,-49.1716941288813,4.87179381747627));
#2475=CARTESIAN_POINT('Ctrl Pts',(-13.125,-49.,4.87179381747627));
#2476=CARTESIAN_POINT('Origin',(0.,-51.,0.));
#2477=CARTESIAN_POINT('Origin',(9.89949493661166,0.,9.89949493661167));
#2478=CARTESIAN_POINT('Origin',(9.89949493661166,-50.,9.89949493661167));
#2479=CARTESIAN_POINT('Ctrl Pts',(13.125,-49.,-4.87179381747627));
#2480=CARTESIAN_POINT('Ctrl Pts',(13.125,-49.1716941288813,-4.87179381747627));
#2481=CARTESIAN_POINT('Ctrl Pts',(13.1614145320614,-49.6561705128345,-4.77216460235674));
#2482=CARTESIAN_POINT('Ctrl Pts',(13.3734997205271,-50.4227776839626,-4.18427004742108));
#2483=CARTESIAN_POINT('Ctrl Pts',(13.6451529278212,-50.8989276794134,-3.1867035245066));
#2484=CARTESIAN_POINT('Ctrl Pts',(13.803841314207,-51.0023470612617,-2.35953095737578));
#2485=CARTESIAN_POINT('Ctrl Pts',(13.8609252038269,-51.000000000056,-1.97710419816031));
#2486=CARTESIAN_POINT('Ctrl Pts',(13.8846153846154,-51.000000000056,-1.79372674097862));
#2487=CARTESIAN_POINT('Ctrl Pts',(13.2075215563125,-49.,-4.6494741817979));
#2488=CARTESIAN_POINT('Ctrl Pts',(13.2075215563125,-49.1428475497357,-4.6494741817979));
#2489=CARTESIAN_POINT('Ctrl Pts',(13.2334260853872,-49.547066788167,-4.57259841966656));
#2490=CARTESIAN_POINT('Ctrl Pts',(13.4076765370822,-50.263805994931,-4.065521559311));
#2491=CARTESIAN_POINT('Ctrl Pts',(13.653992349855,-50.7496195876478,-3.14322072015627));
#2492=CARTESIAN_POINT('Ctrl Pts',(13.8047267165959,-50.8681278314758,-2.35333356928224));
#2493=CARTESIAN_POINT('Ctrl Pts',(13.860819327809,-50.8675541807006,-1.97844064168612));
#2494=CARTESIAN_POINT('Ctrl Pts',(13.8846153846191,-50.8653129941101,-1.7937267409791));
#2495=CARTESIAN_POINT('Ctrl Pts',(13.3023939913405,-49.,-4.14612872939004));
#2496=CARTESIAN_POINT('Ctrl Pts',(13.3023939913405,-49.0880467481895,-4.14612872939004));
#2497=CARTESIAN_POINT('Ctrl Pts',(13.3126168820317,-49.3389143290279,-4.10668170616798));
#2498=CARTESIAN_POINT('Ctrl Pts',(13.4206985654302,-49.9373804284722,-3.76471950918021));
#2499=CARTESIAN_POINT('Ctrl Pts',(13.6206097703196,-50.4314778950202,-3.01814943532957));
#2500=CARTESIAN_POINT('Ctrl Pts',(13.7563520745044,-50.5777204196724,-2.32079722963498));
#2501=CARTESIAN_POINT('Ctrl Pts',(13.8081315629605,-50.5802507024014,-1.96950681910764));
#2502=CARTESIAN_POINT('Ctrl Pts',(13.8298841673026,-50.5717549730862,-1.7866561203427));
#2503=CARTESIAN_POINT('Ctrl Pts',(13.099651936834,-49.,-3.20717416072215));
#2504=CARTESIAN_POINT('Ctrl Pts',(13.099651936834,-49.0305572468201,-3.20717416072215));
#2505=CARTESIAN_POINT('Ctrl Pts',(13.0974309929017,-49.1178961256787,-3.19973810231121));
#2506=CARTESIAN_POINT('Ctrl Pts',(13.1532593764988,-49.5108142328375,-3.09002608157468));
#2507=CARTESIAN_POINT('Ctrl Pts',(13.3224776783132,-49.9550477880696,-2.67533092931734));
#2508=CARTESIAN_POINT('Ctrl Pts',(13.4430782611698,-50.1237492631935,-2.17857725830503));
#2509=CARTESIAN_POINT('Ctrl Pts',(13.4754019099269,-50.1314933518616,-1.8981706933293));
#2510=CARTESIAN_POINT('Ctrl Pts',(13.4780549936351,-50.1160445019616,-1.74120398648215));
#2511=CARTESIAN_POINT('Ctrl Pts',(12.647077602725,-49.,-2.70113524267048));
#2512=CARTESIAN_POINT('Ctrl Pts',(12.647077602725,-49.0391312662743,-2.70113524267048));
#2513=CARTESIAN_POINT('Ctrl Pts',(12.6571295661128,-49.1522004385783,-2.69778081162084));
#2514=CARTESIAN_POINT('Ctrl Pts',(12.7577748773701,-49.4702965377794,-2.66579049595883));
#2515=CARTESIAN_POINT('Ctrl Pts',(12.9654972585718,-49.8358041616025,-2.41147148046398));
#2516=CARTESIAN_POINT('Ctrl Pts',(13.0922886859537,-49.9919647908718,-2.03859084610742));
#2517=CARTESIAN_POINT('Ctrl Pts',(13.1083867251592,-50.0070985815691,-1.81562535604423));
#2518=CARTESIAN_POINT('Ctrl Pts',(13.0932225651585,-50.,-1.69148822564666));
#2519=CARTESIAN_POINT('Ctrl Pts',(12.35,-49.,-2.50549396327351));
#2520=CARTESIAN_POINT('Ctrl Pts',(12.35,-49.0572313762938,-2.50549396327351));
#2521=CARTESIAN_POINT('Ctrl Pts',(12.3773526394603,-49.2188048876264,-2.50552181108431));
#2522=CARTESIAN_POINT('Ctrl Pts',(12.5294379114088,-49.520004061085,-2.4915441714238));
#2523=CARTESIAN_POINT('Ctrl Pts',(12.7687133485663,-49.8384043240553,-2.28931336734945));
#2524=CARTESIAN_POINT('Ctrl Pts',(12.9037881631069,-49.9809931734242,-1.96642637164348));
#2525=CARTESIAN_POINT('Ctrl Pts',(12.9134802913114,-50.,-1.77176249542008));
#2526=CARTESIAN_POINT('Ctrl Pts',(12.8928571428571,-50.,-1.66560340233729));
#2527=CARTESIAN_POINT('',(12.35,-49.,-2.50549396327351));
#2528=CARTESIAN_POINT('Origin',(11.25,-49.,-4.17582327212252));
#2529=CARTESIAN_POINT('',(12.8928571428571,-50.,-1.66560340233729));
#2530=CARTESIAN_POINT('Ctrl Pts',(12.35,-49.,-2.50549396327351));
#2531=CARTESIAN_POINT('Ctrl Pts',(12.35,-49.0572313762938,-2.50549396327351));
#2532=CARTESIAN_POINT('Ctrl Pts',(12.3773526394603,-49.2188048876264,-2.50552181108431));
#2533=CARTESIAN_POINT('Ctrl Pts',(12.5294379114088,-49.520004061085,-2.4915441714238));
#2534=CARTESIAN_POINT('Ctrl Pts',(12.7687133485663,-49.8384043240553,-2.28931336734945));
#2535=CARTESIAN_POINT('Ctrl Pts',(12.9037881631069,-49.9809931734242,-1.96642637164348));
#2536=CARTESIAN_POINT('Ctrl Pts',(12.9134802913114,-50.,-1.77176249542008));
#2537=CARTESIAN_POINT('Ctrl Pts',(12.8928571428571,-50.,-1.66560340233729));
#2538=CARTESIAN_POINT('Origin',(12.8928571428571,-51.,-1.66560340233729));
#2539=CARTESIAN_POINT('Ctrl Pts',(13.8846153846154,-51.,1.79372674097862));
#2540=CARTESIAN_POINT('Ctrl Pts',(13.8609252038274,-51.,1.97710419815653));
#2541=CARTESIAN_POINT('Ctrl Pts',(13.8038413142069,-51.0023470612198,2.35953095737531));
#2542=CARTESIAN_POINT('Ctrl Pts',(13.6451529278231,-50.8989276793802,3.18670352449978));
#2543=CARTESIAN_POINT('Ctrl Pts',(13.373499720524,-50.4227776839445,4.18427004742838));
#2544=CARTESIAN_POINT('Ctrl Pts',(13.1614145320618,-49.6561705128176,4.77216460235438));
#2545=CARTESIAN_POINT('Ctrl Pts',(13.125,-49.1716941288813,4.87179381747627));
#2546=CARTESIAN_POINT('Ctrl Pts',(13.125,-49.,4.87179381747627));
#2547=CARTESIAN_POINT('Ctrl Pts',(13.8846153846154,-50.8653129940597,1.79372674097862));
#2548=CARTESIAN_POINT('Ctrl Pts',(13.8608193278057,-50.8675541806502,1.97844064168189));
#2549=CARTESIAN_POINT('Ctrl Pts',(13.8047267165931,-50.8681278314381,2.35333356928134));
#2550=CARTESIAN_POINT('Ctrl Pts',(13.6539923498544,-50.749619587618,3.14322072014956));
#2551=CARTESIAN_POINT('Ctrl Pts',(13.4076765370788,-50.2638059949147,4.0655215593174));
#2552=CARTESIAN_POINT('Ctrl Pts',(13.2334260853867,-49.5470667881516,4.57259841966417));
#2553=CARTESIAN_POINT('Ctrl Pts',(13.2075215563125,-49.1428475497357,4.6494741817979));
#2554=CARTESIAN_POINT('Ctrl Pts',(13.2075215563125,-49.,4.6494741817979));
#2555=CARTESIAN_POINT('Ctrl Pts',(13.8298841672922,-50.5717549730506,1.78665612034135));
#2556=CARTESIAN_POINT('Ctrl Pts',(13.8081315629503,-50.5802507023657,1.96950681910268));
#2557=CARTESIAN_POINT('Ctrl Pts',(13.7563520744967,-50.5777204196457,2.3207972296333));
#2558=CARTESIAN_POINT('Ctrl Pts',(13.6206097703144,-50.4314778949991,3.01814943532332));
#2559=CARTESIAN_POINT('Ctrl Pts',(13.4206985654265,-49.9373804284606,3.76471950918453));
#2560=CARTESIAN_POINT('Ctrl Pts',(13.3126168820292,-49.3389143290165,4.10668170616562));
#2561=CARTESIAN_POINT('Ctrl Pts',(13.3023939913405,-49.0880467481895,4.14612872939004));
#2562=CARTESIAN_POINT('Ctrl Pts',(13.3023939913405,-49.,4.14612872939004));
#2563=CARTESIAN_POINT('Ctrl Pts',(13.4780549936248,-50.1160445019546,1.74120398648081));
#2564=CARTESIAN_POINT('Ctrl Pts',(13.4754019099164,-50.1314933518539,1.89817069332516));
#2565=CARTESIAN_POINT('Ctrl Pts',(13.4430782611622,-50.1237492631879,2.17857725830334));
#2566=CARTESIAN_POINT('Ctrl Pts',(13.3224776783072,-49.9550477880653,2.67533092931299));
#2567=CARTESIAN_POINT('Ctrl Pts',(13.1532593764964,-49.5108142328342,3.09002608157623));
#2568=CARTESIAN_POINT('Ctrl Pts',(13.0974309928988,-49.1178961256751,3.1997381023096));
#2569=CARTESIAN_POINT('Ctrl Pts',(13.099651936834,-49.0305572468201,3.20717416072215));
#2570=CARTESIAN_POINT('Ctrl Pts',(13.099651936834,-49.,3.20717416072215));
#2571=CARTESIAN_POINT('Ctrl Pts',(13.0932225651557,-50.,1.6914882256463));
#2572=CARTESIAN_POINT('Ctrl Pts',(13.1083867251558,-50.0070985815688,1.81562535604164));
#2573=CARTESIAN_POINT('Ctrl Pts',(13.0922886859513,-49.9919647908715,2.03859084610657));
#2574=CARTESIAN_POINT('Ctrl Pts',(12.9654972585702,-49.8358041616027,2.41147148046059));
#2575=CARTESIAN_POINT('Ctrl Pts',(12.757774877369,-49.4702965377776,2.66579049596037));
#2576=CARTESIAN_POINT('Ctrl Pts',(12.6571295661115,-49.1522004385769,2.69778081161994));
#2577=CARTESIAN_POINT('Ctrl Pts',(12.647077602725,-49.0391312662743,2.70113524267048));
#2578=CARTESIAN_POINT('Ctrl Pts',(12.647077602725,-49.,2.70113524267048));
#2579=CARTESIAN_POINT('Ctrl Pts',(12.8928571428571,-50.,1.66560340233729));
#2580=CARTESIAN_POINT('Ctrl Pts',(12.9134802913109,-50.,1.77176249541789));
#2581=CARTESIAN_POINT('Ctrl Pts',(12.9037881631065,-49.9809931734239,1.96642637164294));
#2582=CARTESIAN_POINT('Ctrl Pts',(12.7687133485668,-49.8384043240558,2.28931336734597));
#2583=CARTESIAN_POINT('Ctrl Pts',(12.5294379114078,-49.5200040610826,2.49154417142583));
#2584=CARTESIAN_POINT('Ctrl Pts',(12.3773526394598,-49.2188048876251,2.50552181108363));
#2585=CARTESIAN_POINT('Ctrl Pts',(12.35,-49.0572313762938,2.50549396327351));
#2586=CARTESIAN_POINT('Ctrl Pts',(12.35,-49.,2.50549396327351));
#2587=CARTESIAN_POINT('',(12.35,-49.,2.50549396327351));
#2588=CARTESIAN_POINT('',(12.8928571428571,-50.,1.66560340233729));
#2589=CARTESIAN_POINT('Ctrl Pts',(12.8928571428571,-50.,1.66560340233729));
#2590=CARTESIAN_POINT('Ctrl Pts',(12.9134802913109,-50.,1.77176249541789));
#2591=CARTESIAN_POINT('Ctrl Pts',(12.9037881631065,-49.9809931734239,1.96642637164294));
#2592=CARTESIAN_POINT('Ctrl Pts',(12.7687133485668,-49.8384043240558,2.28931336734597));
#2593=CARTESIAN_POINT('Ctrl Pts',(12.5294379114078,-49.5200040610826,2.49154417142583));
#2594=CARTESIAN_POINT('Ctrl Pts',(12.3773526394598,-49.2188048876251,2.50552181108363));
#2595=CARTESIAN_POINT('Ctrl Pts',(12.35,-49.0572313762938,2.50549396327351));
#2596=CARTESIAN_POINT('Ctrl Pts',(12.35,-49.,2.50549396327351));
#2597=CARTESIAN_POINT('Origin',(11.25,-49.,4.17582327212252));
#2598=CARTESIAN_POINT('Origin',(12.8928571428571,-51.,1.66560340233729));
#2599=CARTESIAN_POINT('Origin',(11.25,0.,4.17582327212252));
#2600=CARTESIAN_POINT('',(12.35,-10.,2.50549396327351));
#2601=CARTESIAN_POINT('Origin',(11.25,-10.,4.17582327212252));
#2602=CARTESIAN_POINT('',(12.35,0.,2.50549396327351));
#2603=CARTESIAN_POINT('Ctrl Pts',(12.35,-10.,2.50549396327351));
#2604=CARTESIAN_POINT('Ctrl Pts',(12.35,-9.16009212861705,2.50549396327351));
#2605=CARTESIAN_POINT('Ctrl Pts',(12.2129026958239,-7.48292878570603,2.42190004931979));
#2606=CARTESIAN_POINT('Ctrl Pts',(11.7386586643669,-5.60209758593372,2.02175483179976));
#2607=CARTESIAN_POINT('Ctrl Pts',(11.3188424005615,-4.45998147840593,1.39498855659585));
#2608=CARTESIAN_POINT('Ctrl Pts',(11.0663255106787,-3.88831585100431,0.754749462716934));
#2609=CARTESIAN_POINT('Ctrl Pts',(10.9666446838984,-3.68889756730166,0.00197666110143334));
#2610=CARTESIAN_POINT('Ctrl Pts',(11.0992985243559,-3.95348363552078,-1.01219045164835));
#2611=CARTESIAN_POINT('Ctrl Pts',(11.6465149187626,-5.22550423055657,-1.95042040991857));
#2612=CARTESIAN_POINT('Ctrl Pts',(12.2109588550935,-7.48231556808947,-2.41797560507186));
#2613=CARTESIAN_POINT('Ctrl Pts',(12.35,-9.16009212861706,-2.50549396327351));
#2614=CARTESIAN_POINT('Ctrl Pts',(12.35,-10.,-2.50549396327351));
#2615=CARTESIAN_POINT('Ctrl Pts',(12.7775576263066,-10.,2.78706322416456));
#2616=CARTESIAN_POINT('Ctrl Pts',(12.7775576263066,-9.10480148637867,2.78706322416456));
#2617=CARTESIAN_POINT('Ctrl Pts',(12.5932183248451,-7.31796084989623,2.70844115389634));
#2618=CARTESIAN_POINT('Ctrl Pts',(11.962015498316,-5.34064664956993,2.29023119915306));
#2619=CARTESIAN_POINT('Ctrl Pts',(11.4115364899814,-4.14857120924486,1.58995171102021));
#2620=CARTESIAN_POINT('Ctrl Pts',(11.084474958763,-3.55288473990725,0.861795964301907));
#2621=CARTESIAN_POINT('Ctrl Pts',(10.9571490672166,-3.34477833782687,0.00237320987165877));
#2622=CARTESIAN_POINT('Ctrl Pts',(11.1265113106459,-3.62103983576738,-1.15597630199544));
#2623=CARTESIAN_POINT('Ctrl Pts',(11.8382630434334,-4.94490474240149,-2.21781501987094));
#2624=CARTESIAN_POINT('Ctrl Pts',(12.5909372984351,-7.31734751408493,-2.70354252258951));
#2625=CARTESIAN_POINT('Ctrl Pts',(12.7775576263066,-9.10480148637866,-2.78706322416456));
#2626=CARTESIAN_POINT('Ctrl Pts',(12.7775576263066,-10.,-2.78706322416456));
#2627=CARTESIAN_POINT('Ctrl Pts',(13.3227147589248,-10.,3.57892108751463));
#2628=CARTESIAN_POINT('Ctrl Pts',(13.3227147589248,-9.0090034500926,3.57892108751463));
#2629=CARTESIAN_POINT('Ctrl Pts',(13.0534859855828,-7.0312701952741,3.47289129882886));
#2630=CARTESIAN_POINT('Ctrl Pts',(12.1639918050698,-4.88458805223539,2.91829027443417));
#2631=CARTESIAN_POINT('Ctrl Pts',(11.4060354638721,-3.60445774555332,2.01493111254028));
#2632=CARTESIAN_POINT('Ctrl Pts',(10.9591595643652,-2.96648697146529,1.08803536130546));
#2633=CARTESIAN_POINT('Ctrl Pts',(10.7859306254371,-2.74314296872754,0.00290364548962408));
#2634=CARTESIAN_POINT('Ctrl Pts',(11.016239996321,-3.03988356966839,-1.45937384899298));
#2635=CARTESIAN_POINT('Ctrl Pts',(11.9896768163353,-4.45528165954705,-2.82055306254746));
#2636=CARTESIAN_POINT('Ctrl Pts',(13.0508005557779,-7.03055964387274,-3.46676812728457));
#2637=CARTESIAN_POINT('Ctrl Pts',(13.3227147589248,-9.00900345009257,-3.57892108751463));
#2638=CARTESIAN_POINT('Ctrl Pts',(13.3227147589248,-10.,-3.57892108751463));
#2639=CARTESIAN_POINT('Ctrl Pts',(13.2586117582208,-10.,4.5118331146326));
#2640=CARTESIAN_POINT('Ctrl Pts',(13.2586117582208,-8.95933363084761,4.5118331146326));
#2641=CARTESIAN_POINT('Ctrl Pts',(12.9681158699446,-6.88190450471209,4.35736516898707));
#2642=CARTESIAN_POINT('Ctrl Pts',(11.9791705992695,-4.5864972110591,3.61709163743489));
#2643=CARTESIAN_POINT('Ctrl Pts',(11.1103132487332,-3.20483686107638,2.47829116196283));
#2644=CARTESIAN_POINT('Ctrl Pts',(10.5874509892507,-2.51480057178348,1.33257580143162));
#2645=CARTESIAN_POINT('Ctrl Pts',(10.3803125066886,-2.27371183357719,0.00332291319314334));
#2646=CARTESIAN_POINT('Ctrl Pts',(10.6561561595149,-2.59378742118194,-1.78666747499646));
#2647=CARTESIAN_POINT('Ctrl Pts',(11.7870550728363,-4.12710486675835,-3.48402953054755));
#2648=CARTESIAN_POINT('Ctrl Pts',(12.9640871460623,-6.88119466954329,-4.35040641813064));
#2649=CARTESIAN_POINT('Ctrl Pts',(13.2586117582208,-8.95933363084758,-4.5118331146326));
#2650=CARTESIAN_POINT('Ctrl Pts',(13.2586117582208,-10.,-4.5118331146326));
#2651=CARTESIAN_POINT('Ctrl Pts',(13.125,-10.,4.87179381747627));
#2652=CARTESIAN_POINT('Ctrl Pts',(13.125,-8.95011516077139,4.87179381747627));
#2653=CARTESIAN_POINT('Ctrl Pts',(12.8380467407464,-6.85366098213254,4.70189023116973));
#2654=CARTESIAN_POINT('Ctrl Pts',(11.8391370388883,-4.50262198241715,3.8968577326207));
#2655=CARTESIAN_POINT('Ctrl Pts',(10.9421925412002,-3.07497684800741,2.66700929999227));
#2656=CARTESIAN_POINT('Ctrl Pts',(10.3955807810055,-2.36039481375538,1.43303459814508));
#2657=CARTESIAN_POINT('Ctrl Pts',(10.1765097519294,-2.11112195912708,0.00352939436534315));
#2658=CARTESIAN_POINT('Ctrl Pts',(10.4684264579354,-2.44185454440097,-1.92118414619616));
#2659=CARTESIAN_POINT('Ctrl Pts',(11.6464219202416,-4.03188028819571,-3.75193839532395));
#2660=CARTESIAN_POINT('Ctrl Pts',(12.8333162900688,-6.85289446011184,-4.69449619350746));
#2661=CARTESIAN_POINT('Ctrl Pts',(13.125,-8.95011516077135,-4.87179381747627));
#2662=CARTESIAN_POINT('Ctrl Pts',(13.125,-10.,-4.87179381747627));
#2663=CARTESIAN_POINT('',(12.35,-10.,-2.50549396327351));
#2664=CARTESIAN_POINT('Origin',(11.25,-10.,-4.17582327212252));
#2665=CARTESIAN_POINT('Ctrl Pts',(13.125,-10.,-4.87179381747627));
#2666=CARTESIAN_POINT('Ctrl Pts',(13.125,-8.95011516077135,-4.87179381747627));
#2667=CARTESIAN_POINT('Ctrl Pts',(12.8333162900688,-6.85289446011184,-4.69449619350746));
#2668=CARTESIAN_POINT('Ctrl Pts',(11.6464219202416,-4.03188028819571,-3.75193839532395));
#2669=CARTESIAN_POINT('Ctrl Pts',(10.4684264579354,-2.44185454440097,-1.92118414619616));
#2670=CARTESIAN_POINT('Ctrl Pts',(10.1765097519294,-2.11112195912708,0.00352939436534315));
#2671=CARTESIAN_POINT('Ctrl Pts',(10.3955807810055,-2.36039481375538,1.43303459814508));
#2672=CARTESIAN_POINT('Ctrl Pts',(10.9421925412002,-3.07497684800741,2.66700929999227));
#2673=CARTESIAN_POINT('Ctrl Pts',(11.8391370388883,-4.50262198241715,3.8968577326207));
#2674=CARTESIAN_POINT('Ctrl Pts',(12.8380467407464,-6.85366098213254,4.70189023116973));
#2675=CARTESIAN_POINT('Ctrl Pts',(13.125,-8.95011516077139,4.87179381747627));
#2676=CARTESIAN_POINT('Ctrl Pts',(13.125,-10.,4.87179381747627));
#2677=CARTESIAN_POINT('Ctrl Pts',(12.35,-10.,2.50549396327351));
#2678=CARTESIAN_POINT('Ctrl Pts',(12.35,-9.16009212861705,2.50549396327351));
#2679=CARTESIAN_POINT('Ctrl Pts',(12.2129026958239,-7.48292878570603,2.42190004931979));
#2680=CARTESIAN_POINT('Ctrl Pts',(11.7386586643669,-5.60209758593372,2.02175483179976));
#2681=CARTESIAN_POINT('Ctrl Pts',(11.3188424005615,-4.45998147840593,1.39498855659585));
#2682=CARTESIAN_POINT('Ctrl Pts',(11.0663255106787,-3.88831585100431,0.754749462716934));
#2683=CARTESIAN_POINT('Ctrl Pts',(10.9666446838984,-3.68889756730166,0.00197666110143334));
#2684=CARTESIAN_POINT('Ctrl Pts',(11.0992985243559,-3.95348363552078,-1.01219045164835));
#2685=CARTESIAN_POINT('Ctrl Pts',(11.6465149187626,-5.22550423055657,-1.95042040991857));
#2686=CARTESIAN_POINT('Ctrl Pts',(12.2109588550935,-7.48231556808947,-2.41797560507186));
#2687=CARTESIAN_POINT('Ctrl Pts',(12.35,-9.16009212861706,-2.50549396327351));
#2688=CARTESIAN_POINT('Ctrl Pts',(12.35,-10.,-2.50549396327351));
#2689=CARTESIAN_POINT('Origin',(11.25,0.,-4.17582327212252));
#2690=CARTESIAN_POINT('',(12.35,0.,-2.50549396327351));
#2691=CARTESIAN_POINT('Origin',(0.,-51.,0.));
#2692=CARTESIAN_POINT('Origin',(0.,-50.,0.));
#2693=CARTESIAN_POINT('Origin',(14.,-49.,0.));
#2694=CARTESIAN_POINT('Origin',(14.,-49.,0.));
#2695=CARTESIAN_POINT('Origin',(14.,-50.,0.));
#2696=CARTESIAN_POINT('Origin',(14.,0.,0.));
#2697=CARTESIAN_POINT('Origin',(14.,-50.,0.));
#2698=CARTESIAN_POINT('Ctrl Pts',(5.83589805819327,-49.,-12.7256549479536));
#2699=CARTESIAN_POINT('Ctrl Pts',(5.83589805819327,-49.1716941288813,-12.7256549479536));
#2700=CARTESIAN_POINT('Ctrl Pts',(5.90186292066389,-49.4985384626418,-12.6955197737412));
#2701=CARTESIAN_POINT('Ctrl Pts',(6.24138257970052,-50.1149651813692,-12.535513717645));
#2702=CARTESIAN_POINT('Ctrl Pts',(6.97324690726977,-50.7425751638503,-12.1581863931886));
#2703=CARTESIAN_POINT('Ctrl Pts',(7.70811465488897,-50.9558111075101,-11.6938101486261));
#2704=CARTESIAN_POINT('Ctrl Pts',(8.20865794963652,-51.001624003338,-11.3431894536344));
#2705=CARTESIAN_POINT('Ctrl Pts',(8.40313041951402,-51.000000000056,-11.1991779907771));
#2706=CARTESIAN_POINT('Ctrl Pts',(8.54954935048698,-51.000000000056,-11.0862620347702));
#2707=CARTESIAN_POINT('Ctrl Pts',(6.051453332235,-49.,-12.6268027780371));
#2708=CARTESIAN_POINT('Ctrl Pts',(6.051453332235,-49.1428475497357,-12.6268027780371));
#2709=CARTESIAN_POINT('Ctrl Pts',(6.10246838505885,-49.4160135377293,-12.6021472528783));
#2710=CARTESIAN_POINT('Ctrl Pts',(6.38496111836714,-49.9707870676898,-12.4627497637756));
#2711=CARTESIAN_POINT('Ctrl Pts',(7.03820047256645,-50.584296452606,-12.1179443389481));
#2712=CARTESIAN_POINT('Ctrl Pts',(7.72923833528558,-50.8140890540369,-11.6794640499637));
#2713=CARTESIAN_POINT('Ctrl Pts',(8.21138792984642,-50.8680889757034,-11.3411230211633));
#2714=CARTESIAN_POINT('Ctrl Pts',(8.40211054558401,-50.8675541807006,-11.2000481334066));
#2715=CARTESIAN_POINT('Ctrl Pts',(8.54954935048928,-50.8653129941101,-11.0862620347732));
#2716=CARTESIAN_POINT('Ctrl Pts',(6.47445287342289,-49.,-12.337971803662));
#2717=CARTESIAN_POINT('Ctrl Pts',(6.47445287342289,-49.0880467481895,-12.337971803662));
#2718=CARTESIAN_POINT('Ctrl Pts',(6.50088497668619,-49.2588251588497,-12.3234185232843));
#2719=CARTESIAN_POINT('Ctrl Pts',(6.67784588631065,-49.6823165905102,-12.2284847309679));
#2720=CARTESIAN_POINT('Ctrl Pts',(7.16599507219685,-50.2511009447356,-11.964905574054));
#2721=CARTESIAN_POINT('Ctrl Pts',(7.75729378432534,-50.5098932671068,-11.5940160688276));
#2722=CARTESIAN_POINT('Ctrl Pts',(8.19264696010324,-50.5787383419166,-11.2890053753175));
#2723=CARTESIAN_POINT('Ctrl Pts',(8.37117381036414,-50.5802548525838,-11.1564776508511));
#2724=CARTESIAN_POINT('Ctrl Pts',(8.51585019344435,-50.5717591232685,-11.0425640958486));
#2725=CARTESIAN_POINT('Ctrl Pts',(6.99502753719187,-49.,-11.5306751691592));
#2726=CARTESIAN_POINT('Ctrl Pts',(6.99502753719187,-49.0305572468201,-11.5306751691592));
#2727=CARTESIAN_POINT('Ctrl Pts',(6.99923318089836,-49.0920835552427,-11.5266515829986));
#2728=CARTESIAN_POINT('Ctrl Pts',(7.05798296488395,-49.3333751271686,-11.5022729643584));
#2729=CARTESIAN_POINT('Ctrl Pts',(7.3071985524307,-49.7760278742926,-11.4142407237585));
#2730=CARTESIAN_POINT('Ctrl Pts',(7.71924145631778,-50.044183192423,-11.2037794675901));
#2731=CARTESIAN_POINT('Ctrl Pts',(8.04777494487824,-50.1265070222596,-10.980435958004));
#2732=CARTESIAN_POINT('Ctrl Pts',(8.18634296469618,-50.1315042048923,-10.8707629680834));
#2733=CARTESIAN_POINT('Ctrl Pts',(8.2992112010094,-50.1160553549924,-10.7616467587323));
#2734=CARTESIAN_POINT('Ctrl Pts',(7.03284328808507,-49.,-10.8528253820736));
#2735=CARTESIAN_POINT('Ctrl Pts',(7.03284328808507,-49.0391312662743,-10.8528253820736));
#2736=CARTESIAN_POINT('Ctrl Pts',(7.03912852648439,-49.1165838628327,-10.8571779661461));
#2737=CARTESIAN_POINT('Ctrl Pts',(7.09134737941482,-49.3305037334669,-10.8825403050303));
#2738=CARTESIAN_POINT('Ctrl Pts',(7.28448885349049,-49.6830173072837,-10.9104649070236));
#2739=CARTESIAN_POINT('Ctrl Pts',(7.61832839814675,-49.916790134378,-10.8082950841859));
#2740=CARTESIAN_POINT('Ctrl Pts',(7.87904340687665,-49.9971059908921,-10.6443154882469));
#2741=CARTESIAN_POINT('Ctrl Pts',(7.98518814242265,-50.0070985815691,-10.5528701451289));
#2742=CARTESIAN_POINT('Ctrl Pts',(8.06224366875634,-50.,-10.4543692580603));
#2743=CARTESIAN_POINT('Ctrl Pts',(6.96111697600121,-49.,-10.5044205193065));
#2744=CARTESIAN_POINT('Ctrl Pts',(6.96111697600121,-49.0572313762938,-10.5044205193065));
#2745=CARTESIAN_POINT('Ctrl Pts',(6.97351191885559,-49.1670892597816,-10.5179041144474));
#2746=CARTESIAN_POINT('Ctrl Pts',(7.04497040614395,-49.3938942688604,-10.5771549359146));
#2747=CARTESIAN_POINT('Ctrl Pts',(7.24314521172421,-49.7046085194832,-10.6576892315618));
#2748=CARTESIAN_POINT('Ctrl Pts',(7.55418428218708,-49.9115236724877,-10.60189198115));
#2749=CARTESIAN_POINT('Ctrl Pts',(7.78803783508808,-49.9876640186875,-10.4656278406259));
#2750=CARTESIAN_POINT('Ctrl Pts',(7.87838420754156,-50.,-10.3840347578686));
#2751=CARTESIAN_POINT('Ctrl Pts',(7.93886725402362,-50.,-10.2943861751438));
#2752=CARTESIAN_POINT('',(6.96111697600121,-49.,-10.5044205193065));
#2753=CARTESIAN_POINT('Origin',(5.00219833559423,-49.,-10.9077042411031));
#2754=CARTESIAN_POINT('',(7.93886725402362,-50.,-10.2943861751438));
#2755=CARTESIAN_POINT('Ctrl Pts',(6.96111697600121,-49.,-10.5044205193065));
#2756=CARTESIAN_POINT('Ctrl Pts',(6.96111697600121,-49.0572313762938,-10.5044205193065));
#2757=CARTESIAN_POINT('Ctrl Pts',(6.97351191885559,-49.1670892597816,-10.5179041144474));
#2758=CARTESIAN_POINT('Ctrl Pts',(7.04497040614395,-49.3938942688604,-10.5771549359146));
#2759=CARTESIAN_POINT('Ctrl Pts',(7.24314521172421,-49.7046085194832,-10.6576892315618));
#2760=CARTESIAN_POINT('Ctrl Pts',(7.55418428218708,-49.9115236724877,-10.60189198115));
#2761=CARTESIAN_POINT('Ctrl Pts',(7.78803783508808,-49.9876640186875,-10.4656278406259));
#2762=CARTESIAN_POINT('Ctrl Pts',(7.87838420754156,-50.,-10.3840347578686));
#2763=CARTESIAN_POINT('Ctrl Pts',(7.93886725402362,-50.,-10.2943861751438));
#2764=CARTESIAN_POINT('Origin',(7.93886725402362,-51.,-10.2943861751438));
#2765=CARTESIAN_POINT('Ctrl Pts',(11.0862620347702,-51.,-8.54954935048698));
#2766=CARTESIAN_POINT('Ctrl Pts',(11.1991779907748,-51.,-8.40313041951704));
#2767=CARTESIAN_POINT('Ctrl Pts',(11.3431894536346,-51.0016240032979,-8.20865794963603));
#2768=CARTESIAN_POINT('Ctrl Pts',(11.693810148624,-50.9558111074742,-7.70811465489223));
#2769=CARTESIAN_POINT('Ctrl Pts',(12.158186393189,-50.7425751638355,-6.97324690726952));
#2770=CARTESIAN_POINT('Ctrl Pts',(12.5355137176464,-50.114965181354,-6.2413825796962));
#2771=CARTESIAN_POINT('Ctrl Pts',(12.6955197737402,-49.4985384626372,-5.90186292066646));
#2772=CARTESIAN_POINT('Ctrl Pts',(12.7256549479536,-49.1716941288813,-5.83589805819327));
#2773=CARTESIAN_POINT('Ctrl Pts',(12.7256549479536,-49.,-5.83589805819327));
#2774=CARTESIAN_POINT('Ctrl Pts',(11.0862620347702,-50.8653129940597,-8.54954935048698));
#2775=CARTESIAN_POINT('Ctrl Pts',(11.2000481334013,-50.8675541806502,-8.40211054558464));
#2776=CARTESIAN_POINT('Ctrl Pts',(11.3411230211614,-50.8680889756673,-8.21138792984434));
#2777=CARTESIAN_POINT('Ctrl Pts',(11.6794640499597,-50.8140890540046,-7.72923833528724));
#2778=CARTESIAN_POINT('Ctrl Pts',(12.1179443389477,-50.5842964525927,-7.03820047256546));
#2779=CARTESIAN_POINT('Ctrl Pts',(12.4627497637763,-49.9707870676762,-6.38496111836313));
#2780=CARTESIAN_POINT('Ctrl Pts',(12.6021472528771,-49.416013537725,-6.10246838506082));
#2781=CARTESIAN_POINT('Ctrl Pts',(12.6268027780371,-49.1428475497357,-6.051453332235));
#2782=CARTESIAN_POINT('Ctrl Pts',(12.6268027780371,-49.,-6.051453332235));
#2783=CARTESIAN_POINT('Ctrl Pts',(11.0425640958402,-50.571759123233,-8.51585019343791));
#2784=CARTESIAN_POINT('Ctrl Pts',(11.1564776508404,-50.5802548525481,-8.37117381036048));
#2785=CARTESIAN_POINT('Ctrl Pts',(11.2890053753117,-50.5787383418909,-8.19264696009837));
#2786=CARTESIAN_POINT('Ctrl Pts',(11.5940160688203,-50.509893267084,-7.75729378432402));
#2787=CARTESIAN_POINT('Ctrl Pts',(11.9649055740522,-50.2511009447259,-7.16599507219465));
#2788=CARTESIAN_POINT('Ctrl Pts',(12.2284847309673,-49.6823165905005,-6.67784588630738));
#2789=CARTESIAN_POINT('Ctrl Pts',(12.3234185232829,-49.2588251588462,-6.50088497668701));
#2790=CARTESIAN_POINT('Ctrl Pts',(12.337971803662,-49.0880467481895,-6.47445287342289));
#2791=CARTESIAN_POINT('Ctrl Pts',(12.337971803662,-49.,-6.47445287342289));
#2792=CARTESIAN_POINT('Ctrl Pts',(10.7616467587241,-50.1160553549854,-8.29921120100306));
#2793=CARTESIAN_POINT('Ctrl Pts',(10.870762968073,-50.1315042048847,-8.18634296469167));
#2794=CARTESIAN_POINT('Ctrl Pts',(10.980435957998,-50.1265070222542,-8.04777494487365));
#2795=CARTESIAN_POINT('Ctrl Pts',(11.2037794675833,-50.0441831924183,-7.71924145631546));
#2796=CARTESIAN_POINT('Ctrl Pts',(11.4142407237565,-49.7760278742904,-7.30719855242891));
#2797=CARTESIAN_POINT('Ctrl Pts',(11.5022729643573,-49.3333751271658,-7.05798296488226));
#2798=CARTESIAN_POINT('Ctrl Pts',(11.5266515829973,-49.0920835552413,-6.99923318089817));
#2799=CARTESIAN_POINT('Ctrl Pts',(11.5306751691592,-49.0305572468201,-6.99502753719187));
#2800=CARTESIAN_POINT('Ctrl Pts',(11.5306751691592,-49.,-6.99502753719187));
#2801=CARTESIAN_POINT('Ctrl Pts',(10.454369258058,-50.,-8.06224366875461));
#2802=CARTESIAN_POINT('Ctrl Pts',(10.5528701451247,-50.0070985815688,-7.98518814242212));
#2803=CARTESIAN_POINT('Ctrl Pts',(10.6443154882451,-49.9971059908919,-7.87904340687529));
#2804=CARTESIAN_POINT('Ctrl Pts',(10.808295084183,-49.9167901343779,-7.618328398147));
#2805=CARTESIAN_POINT('Ctrl Pts',(10.910464907023,-49.6830173072838,-7.2844888534904));
#2806=CARTESIAN_POINT('Ctrl Pts',(10.8825403050301,-49.3305037334652,-7.09134737941357));
#2807=CARTESIAN_POINT('Ctrl Pts',(10.8571779661455,-49.1165838628323,-7.03912852648454));
#2808=CARTESIAN_POINT('Ctrl Pts',(10.8528253820736,-49.0391312662743,-7.03284328808507));
#2809=CARTESIAN_POINT('Ctrl Pts',(10.8528253820736,-49.,-7.03284328808507));
#2810=CARTESIAN_POINT('Ctrl Pts',(10.2943861751438,-50.,-7.93886725402362));
#2811=CARTESIAN_POINT('Ctrl Pts',(10.3840347578668,-50.,-7.87838420754281));
#2812=CARTESIAN_POINT('Ctrl Pts',(10.4656278406257,-49.9876640186874,-7.78803783508793));
#2813=CARTESIAN_POINT('Ctrl Pts',(10.6018919811485,-49.9115236724877,-7.55418428218863));
#2814=CARTESIAN_POINT('Ctrl Pts',(10.6576892315619,-49.7046085194836,-7.24314521172481));
#2815=CARTESIAN_POINT('Ctrl Pts',(10.5771549359148,-49.3938942688581,-7.04497040614249));
#2816=CARTESIAN_POINT('Ctrl Pts',(10.5179041144471,-49.1670892597816,-6.97351191885607));
#2817=CARTESIAN_POINT('Ctrl Pts',(10.5044205193065,-49.0572313762938,-6.9611169760012));
#2818=CARTESIAN_POINT('Ctrl Pts',(10.5044205193065,-49.,-6.9611169760012));
#2819=CARTESIAN_POINT('',(10.5044205193065,-49.,-6.9611169760012));
#2820=CARTESIAN_POINT('',(10.2943861751438,-50.,-7.93886725402362));
#2821=CARTESIAN_POINT('Ctrl Pts',(10.2943861751438,-50.,-7.93886725402362));
#2822=CARTESIAN_POINT('Ctrl Pts',(10.3840347578668,-50.,-7.87838420754281));
#2823=CARTESIAN_POINT('Ctrl Pts',(10.4656278406257,-49.9876640186874,-7.78803783508793));
#2824=CARTESIAN_POINT('Ctrl Pts',(10.6018919811485,-49.9115236724877,-7.55418428218863));
#2825=CARTESIAN_POINT('Ctrl Pts',(10.6576892315619,-49.7046085194836,-7.24314521172481));
#2826=CARTESIAN_POINT('Ctrl Pts',(10.5771549359148,-49.3938942688581,-7.04497040614249));
#2827=CARTESIAN_POINT('Ctrl Pts',(10.5179041144471,-49.1670892597816,-6.97351191885607));
#2828=CARTESIAN_POINT('Ctrl Pts',(10.5044205193065,-49.0572313762938,-6.9611169760012));
#2829=CARTESIAN_POINT('Ctrl Pts',(10.5044205193065,-49.,-6.9611169760012));
#2830=CARTESIAN_POINT('Origin',(10.9077042411031,-49.,-5.00219833559423));
#2831=CARTESIAN_POINT('Origin',(10.2943861751438,-51.,-7.93886725402362));
#2832=CARTESIAN_POINT('Origin',(10.9077042411031,0.,-5.00219833559423));
#2833=CARTESIAN_POINT('',(10.5044205193065,-10.,-6.9611169760012));
#2834=CARTESIAN_POINT('Origin',(10.9077042411031,-10.,-5.00219833559423));
#2835=CARTESIAN_POINT('',(10.5044205193065,0.,-6.9611169760012));
#2836=CARTESIAN_POINT('Ctrl Pts',(10.5044205193065,-10.,-6.9611169760012));
#2837=CARTESIAN_POINT('Ctrl Pts',(10.5044205193065,-9.16009056076897,-6.9611169760012));
#2838=CARTESIAN_POINT('Ctrl Pts',(10.3483845189759,-7.48294541182079,-6.92328852613155));
#2839=CARTESIAN_POINT('Ctrl Pts',(9.7300866517779,-5.6020783864643,-6.87087015244806));
#2840=CARTESIAN_POINT('Ctrl Pts',(8.99001951827339,-4.45995171160303,-7.01722356077273));
#2841=CARTESIAN_POINT('Ctrl Pts',(8.35875909385353,-3.88831632209437,-7.29137899763479));
#2842=CARTESIAN_POINT('Ctrl Pts',(7.75601869187398,-3.68892119289521,-7.75316711495185));
#2843=CARTESIAN_POINT('Ctrl Pts',(7.13272883971741,-3.95348493953114,-8.56401793496618));
#2844=CARTESIAN_POINT('Ctrl Pts',(6.85617874082364,-5.22548110820547,-9.6144845547204));
#2845=CARTESIAN_POINT('Ctrl Pts',(6.92466912589224,-7.48229665464776,-10.3442179159591));
#2846=CARTESIAN_POINT('Ctrl Pts',(6.96111697600121,-9.16009056076897,-10.5044205193065));
#2847=CARTESIAN_POINT('Ctrl Pts',(6.96111697600121,-10.,-10.5044205193065));
#2848=CARTESIAN_POINT('Ctrl Pts',(11.0058489499657,-10.,-7.06434633916089));
#2849=CARTESIAN_POINT('Ctrl Pts',(11.0058489499657,-9.10479981532008,-7.06434633916089));
#2850=CARTESIAN_POINT('Ctrl Pts',(10.8199263692723,-7.31796915717712,-6.98960658551989));
#2851=CARTESIAN_POINT('Ctrl Pts',(10.0778570522521,-5.34062413186712,-6.83895363162368));
#2852=CARTESIAN_POINT('Ctrl Pts',(9.19341022687137,-4.14853780263859,-6.94489030847169));
#2853=CARTESIAN_POINT('Ctrl Pts',(8.44727182298103,-3.55288358911419,-7.22849812595537));
#2854=CARTESIAN_POINT('Ctrl Pts',(7.74957403834481,-3.34480117337814,-7.74614994949827));
#2855=CARTESIAN_POINT('Ctrl Pts',(7.0502950238027,-3.62103658856385,-8.68489707688121));
#2856=CARTESIAN_POINT('Ctrl Pts',(6.80267286899147,-4.94487429327485,-9.93914057141081));
#2857=CARTESIAN_POINT('Ctrl Pts',(6.99142622750246,-7.3173202145641,-10.8148265804646));
#2858=CARTESIAN_POINT('Ctrl Pts',(7.06434633916089,-9.10479981532004,-11.0058489499657));
#2859=CARTESIAN_POINT('Ctrl Pts',(7.06434633916089,-10.,-11.0058489499657));
#2860=CARTESIAN_POINT('Ctrl Pts',(11.9512568666588,-10.,-6.88989523616502));
#2861=CARTESIAN_POINT('Ctrl Pts',(11.9512568666588,-9.00900160020872,-6.88989523616502));
#2862=CARTESIAN_POINT('Ctrl Pts',(11.6859353864449,-7.03129034555263,-6.77449243571252));
#2863=CARTESIAN_POINT('Ctrl Pts',(10.6647891624718,-4.88457173265751,-6.53766960948836));
#2864=CARTESIAN_POINT('Ctrl Pts',(9.49003075147195,-3.60442602530167,-6.64051030089686));
#2865=CARTESIAN_POINT('Ctrl Pts',(8.51865181066785,-2.96648578315863,-6.97993389570914));
#2866=CARTESIAN_POINT('Ctrl Pts',(7.62891067087831,-2.74316528349052,-7.62472422304638));
#2867=CARTESIAN_POINT('Ctrl Pts',(6.75782662663597,-3.03987505572741,-8.82145327372111));
#2868=CARTESIAN_POINT('Ctrl Pts',(6.48355258655972,-4.45525110996132,-10.4724139912645));
#2869=CARTESIAN_POINT('Ctrl Pts',(6.77689529553359,-7.03054836493881,-11.6796763439205));
#2870=CARTESIAN_POINT('Ctrl Pts',(6.88989523616502,-9.00900160020864,-11.9512568666588));
#2871=CARTESIAN_POINT('Ctrl Pts',(6.88989523616502,-10.,-11.9512568666588));
#2872=CARTESIAN_POINT('Ctrl Pts',(12.5656020742964,-10.,-6.1849064924189));
#2873=CARTESIAN_POINT('Ctrl Pts',(12.5656020742964,-8.95933168824556,-6.1849064924189));
#2874=CARTESIAN_POINT('Ctrl Pts',(12.2509984549917,-6.88191694113343,-6.08872229390673));
#2875=CARTESIAN_POINT('Ctrl Pts',(11.0282248419945,-4.58647253638357,-5.91284791713833));
#2876=CARTESIAN_POINT('Ctrl Pts',(9.60855540064958,-3.20479870151682,-6.10375530186011));
#2877=CARTESIAN_POINT('Ctrl Pts',(8.42871608931262,-2.51479898324339,-6.54416972917877));
#2878=CARTESIAN_POINT('Ctrl Pts',(7.34238799690424,-2.27373761636724,-7.33759491761504));
#2879=CARTESIAN_POINT('Ctrl Pts',(6.27177538677089,-2.5937827941589,-8.79822201573378));
#2880=CARTESIAN_POINT('Ctrl Pts',(5.87112735000568,-4.12707014782553,-10.7982812869922));
#2881=CARTESIAN_POINT('Ctrl Pts',(6.09075939962561,-6.88116713237212,-12.243190593799));
#2882=CARTESIAN_POINT('Ctrl Pts',(6.1849064924189,-8.95933168824545,-12.5656020742964));
#2883=CARTESIAN_POINT('Ctrl Pts',(6.1849064924189,-10.,-12.5656020742964));
#2884=CARTESIAN_POINT('Ctrl Pts',(12.7256549479536,-10.,-5.83589805819327));
#2885=CARTESIAN_POINT('Ctrl Pts',(12.7256549479536,-8.95011320096131,-5.83589805819327));
#2886=CARTESIAN_POINT('Ctrl Pts',(12.4026445052285,-6.853681764776,-5.753139743214));
#2887=CARTESIAN_POINT('Ctrl Pts',(11.1270339925706,-4.50259798308037,-5.61600585486239));
#2888=CARTESIAN_POINT('Ctrl Pts',(9.62312267903048,-3.0749396395038,-5.85143647783168));
#2889=CARTESIAN_POINT('Ctrl Pts',(8.36408133354507,-2.36039540261797,-6.33746400416421));
#2890=CARTESIAN_POINT('Ctrl Pts',(7.19843066080008,-2.111151491119,-7.19333872028625));
#2891=CARTESIAN_POINT('Ctrl Pts',(6.04392044310904,-2.44185617441393,-8.76058271749475));
#2892=CARTESIAN_POINT('Ctrl Pts',(5.58224891855822,-4.03185138525683,-10.8882846559367));
#2893=CARTESIAN_POINT('Ctrl Pts',(5.75498596183861,-6.85287081830971,-12.3940317815827));
#2894=CARTESIAN_POINT('Ctrl Pts',(5.83589805819327,-8.9501132009612,-12.7256549479536));
#2895=CARTESIAN_POINT('Ctrl Pts',(5.83589805819327,-10.,-12.7256549479536));
#2896=CARTESIAN_POINT('',(6.96111697600121,-10.,-10.5044205193065));
#2897=CARTESIAN_POINT('Origin',(5.00219833559423,-10.,-10.9077042411031));
#2898=CARTESIAN_POINT('Ctrl Pts',(5.83589805819327,-10.,-12.7256549479536));
#2899=CARTESIAN_POINT('Ctrl Pts',(5.83589805819327,-8.9501132009612,-12.7256549479536));
#2900=CARTESIAN_POINT('Ctrl Pts',(5.75498596183861,-6.85287081830971,-12.3940317815827));
#2901=CARTESIAN_POINT('Ctrl Pts',(5.58224891855822,-4.03185138525683,-10.8882846559367));
#2902=CARTESIAN_POINT('Ctrl Pts',(6.04392044310904,-2.44185617441393,-8.76058271749475));
#2903=CARTESIAN_POINT('Ctrl Pts',(7.19843066080008,-2.111151491119,-7.19333872028625));
#2904=CARTESIAN_POINT('Ctrl Pts',(8.36408133354507,-2.36039540261797,-6.33746400416421));
#2905=CARTESIAN_POINT('Ctrl Pts',(9.62312267903048,-3.0749396395038,-5.85143647783168));
#2906=CARTESIAN_POINT('Ctrl Pts',(11.1270339925706,-4.50259798308037,-5.61600585486239));
#2907=CARTESIAN_POINT('Ctrl Pts',(12.4026445052285,-6.853681764776,-5.753139743214));
#2908=CARTESIAN_POINT('Ctrl Pts',(12.7256549479536,-8.95011320096131,-5.83589805819327));
#2909=CARTESIAN_POINT('Ctrl Pts',(12.7256549479536,-10.,-5.83589805819327));
#2910=CARTESIAN_POINT('Ctrl Pts',(10.5044205193065,-10.,-6.9611169760012));
#2911=CARTESIAN_POINT('Ctrl Pts',(10.5044205193065,-9.16009056076897,-6.9611169760012));
#2912=CARTESIAN_POINT('Ctrl Pts',(10.3483845189759,-7.48294541182079,-6.92328852613155));
#2913=CARTESIAN_POINT('Ctrl Pts',(9.7300866517779,-5.6020783864643,-6.87087015244806));
#2914=CARTESIAN_POINT('Ctrl Pts',(8.99001951827339,-4.45995171160303,-7.01722356077273));
#2915=CARTESIAN_POINT('Ctrl Pts',(8.35875909385353,-3.88831632209437,-7.29137899763479));
#2916=CARTESIAN_POINT('Ctrl Pts',(7.75601869187398,-3.68892119289521,-7.75316711495185));
#2917=CARTESIAN_POINT('Ctrl Pts',(7.13272883971741,-3.95348493953114,-8.56401793496618));
#2918=CARTESIAN_POINT('Ctrl Pts',(6.85617874082364,-5.22548110820547,-9.6144845547204));
#2919=CARTESIAN_POINT('Ctrl Pts',(6.92466912589224,-7.48229665464776,-10.3442179159591));
#2920=CARTESIAN_POINT('Ctrl Pts',(6.96111697600121,-9.16009056076897,-10.5044205193065));
#2921=CARTESIAN_POINT('Ctrl Pts',(6.96111697600121,-10.,-10.5044205193065));
#2922=CARTESIAN_POINT('Origin',(5.00219833559423,0.,-10.9077042411031));
#2923=CARTESIAN_POINT('',(6.9611169760012,0.,-10.5044205193065));
#2924=CARTESIAN_POINT('Origin',(0.,-51.,0.));
#2925=CARTESIAN_POINT('Origin',(0.,-50.,0.));
#2926=CARTESIAN_POINT('Origin',(9.89949493661167,-49.,-9.89949493661167));
#2927=CARTESIAN_POINT('Origin',(9.89949493661167,-49.,-9.89949493661167));
#2928=CARTESIAN_POINT('Origin',(9.89949493661167,-50.,-9.89949493661167));
#2929=CARTESIAN_POINT('Origin',(9.89949493661167,0.,-9.89949493661167));
#2930=CARTESIAN_POINT('Origin',(9.89949493661167,-50.,-9.89949493661167));
#2931=CARTESIAN_POINT('Ctrl Pts',(-4.87179381747627,-49.,-13.125));
#2932=CARTESIAN_POINT('Ctrl Pts',(-4.87179381747627,-49.1716941288813,-13.125));
#2933=CARTESIAN_POINT('Ctrl Pts',(-4.77216460235674,-49.6561705128345,-13.1614145320614));
#2934=CARTESIAN_POINT('Ctrl Pts',(-4.18427004742108,-50.4227776839626,-13.3734997205271));
#2935=CARTESIAN_POINT('Ctrl Pts',(-3.1867035245066,-50.8989276794134,-13.6451529278212));
#2936=CARTESIAN_POINT('Ctrl Pts',(-2.35953095737577,-51.0023470612617,-13.803841314207));
#2937=CARTESIAN_POINT('Ctrl Pts',(-1.97710419816031,-51.000000000056,-13.8609252038269));
#2938=CARTESIAN_POINT('Ctrl Pts',(-1.79372674097862,-51.000000000056,-13.8846153846154));
#2939=CARTESIAN_POINT('Ctrl Pts',(-4.6494741817979,-49.,-13.2075215563125));
#2940=CARTESIAN_POINT('Ctrl Pts',(-4.6494741817979,-49.1428475497357,-13.2075215563125));
#2941=CARTESIAN_POINT('Ctrl Pts',(-4.57259841966656,-49.5470667881669,-13.2334260853872));
#2942=CARTESIAN_POINT('Ctrl Pts',(-4.06552155931101,-50.263805994931,-13.4076765370822));
#2943=CARTESIAN_POINT('Ctrl Pts',(-3.14322072015627,-50.7496195876478,-13.653992349855));
#2944=CARTESIAN_POINT('Ctrl Pts',(-2.35333356928224,-50.8681278314758,-13.8047267165959));
#2945=CARTESIAN_POINT('Ctrl Pts',(-1.97844064168612,-50.8675541807006,-13.860819327809));
#2946=CARTESIAN_POINT('Ctrl Pts',(-1.7937267409791,-50.8653129941101,-13.8846153846191));
#2947=CARTESIAN_POINT('Ctrl Pts',(-4.14612872939004,-49.,-13.3023939913405));
#2948=CARTESIAN_POINT('Ctrl Pts',(-4.14612872939004,-49.0880467481895,-13.3023939913405));
#2949=CARTESIAN_POINT('Ctrl Pts',(-4.10668170616798,-49.3389143290279,-13.3126168820317));
#2950=CARTESIAN_POINT('Ctrl Pts',(-3.76471950918021,-49.9373804284722,-13.4206985654302));
#2951=CARTESIAN_POINT('Ctrl Pts',(-3.01814943532957,-50.4314778950202,-13.6206097703196));
#2952=CARTESIAN_POINT('Ctrl Pts',(-2.32079722963498,-50.5777204196724,-13.7563520745044));
#2953=CARTESIAN_POINT('Ctrl Pts',(-1.96950681910764,-50.5802507024015,-13.8081315629605));
#2954=CARTESIAN_POINT('Ctrl Pts',(-1.7866561203427,-50.5717549730862,-13.8298841673026));
#2955=CARTESIAN_POINT('Ctrl Pts',(-3.20717416072215,-49.,-13.0996519368341));
#2956=CARTESIAN_POINT('Ctrl Pts',(-3.20717416072215,-49.0305572468201,-13.0996519368341));
#2957=CARTESIAN_POINT('Ctrl Pts',(-3.19973810231121,-49.1178961256787,-13.0974309929017));
#2958=CARTESIAN_POINT('Ctrl Pts',(-3.09002608157468,-49.5108142328374,-13.1532593764988));
#2959=CARTESIAN_POINT('Ctrl Pts',(-2.67533092931734,-49.9550477880696,-13.3224776783132));
#2960=CARTESIAN_POINT('Ctrl Pts',(-2.17857725830503,-50.1237492631935,-13.4430782611698));
#2961=CARTESIAN_POINT('Ctrl Pts',(-1.8981706933293,-50.1314933518616,-13.4754019099269));
#2962=CARTESIAN_POINT('Ctrl Pts',(-1.74120398648214,-50.1160445019616,-13.4780549936351));
#2963=CARTESIAN_POINT('Ctrl Pts',(-2.70113524267048,-49.,-12.647077602725));
#2964=CARTESIAN_POINT('Ctrl Pts',(-2.70113524267048,-49.0391312662743,-12.647077602725));
#2965=CARTESIAN_POINT('Ctrl Pts',(-2.69778081162084,-49.1522004385783,-12.6571295661128));
#2966=CARTESIAN_POINT('Ctrl Pts',(-2.66579049595883,-49.4702965377794,-12.7577748773701));
#2967=CARTESIAN_POINT('Ctrl Pts',(-2.41147148046398,-49.8358041616025,-12.9654972585718));
#2968=CARTESIAN_POINT('Ctrl Pts',(-2.03859084610741,-49.9919647908718,-13.0922886859537));
#2969=CARTESIAN_POINT('Ctrl Pts',(-1.81562535604423,-50.0070985815691,-13.1083867251592));
#2970=CARTESIAN_POINT('Ctrl Pts',(-1.69148822564666,-50.,-13.0932225651585));
#2971=CARTESIAN_POINT('Ctrl Pts',(-2.50549396327351,-49.,-12.35));
#2972=CARTESIAN_POINT('Ctrl Pts',(-2.50549396327351,-49.0572313762938,-12.35));
#2973=CARTESIAN_POINT('Ctrl Pts',(-2.50552181108431,-49.2188048876264,-12.3773526394603));
#2974=CARTESIAN_POINT('Ctrl Pts',(-2.4915441714238,-49.5200040610849,-12.5294379114088));
#2975=CARTESIAN_POINT('Ctrl Pts',(-2.28931336734945,-49.8384043240553,-12.7687133485663));
#2976=CARTESIAN_POINT('Ctrl Pts',(-1.96642637164348,-49.9809931734242,-12.9037881631069));
#2977=CARTESIAN_POINT('Ctrl Pts',(-1.77176249542008,-50.,-12.9134802913114));
#2978=CARTESIAN_POINT('Ctrl Pts',(-1.66560340233729,-50.,-12.8928571428571));
#2979=CARTESIAN_POINT('',(-2.50549396327351,-49.,-12.35));
#2980=CARTESIAN_POINT('Origin',(-4.17582327212252,-49.,-11.25));
#2981=CARTESIAN_POINT('',(-1.66560340233729,-50.,-12.8928571428571));
#2982=CARTESIAN_POINT('Ctrl Pts',(-2.50549396327351,-49.,-12.35));
#2983=CARTESIAN_POINT('Ctrl Pts',(-2.50549396327351,-49.0572313762938,-12.35));
#2984=CARTESIAN_POINT('Ctrl Pts',(-2.50552181108431,-49.2188048876264,-12.3773526394603));
#2985=CARTESIAN_POINT('Ctrl Pts',(-2.4915441714238,-49.5200040610849,-12.5294379114088));
#2986=CARTESIAN_POINT('Ctrl Pts',(-2.28931336734945,-49.8384043240553,-12.7687133485663));
#2987=CARTESIAN_POINT('Ctrl Pts',(-1.96642637164348,-49.9809931734242,-12.9037881631069));
#2988=CARTESIAN_POINT('Ctrl Pts',(-1.77176249542008,-50.,-12.9134802913114));
#2989=CARTESIAN_POINT('Ctrl Pts',(-1.66560340233729,-50.,-12.8928571428571));
#2990=CARTESIAN_POINT('Origin',(-1.66560340233729,-51.,-12.8928571428571));
#2991=CARTESIAN_POINT('Ctrl Pts',(1.79372674097862,-51.,-13.8846153846154));
#2992=CARTESIAN_POINT('Ctrl Pts',(1.97710419815653,-51.,-13.8609252038274));
#2993=CARTESIAN_POINT('Ctrl Pts',(2.35953095737531,-51.0023470612198,-13.8038413142069));
#2994=CARTESIAN_POINT('Ctrl Pts',(3.18670352449978,-50.8989276793802,-13.6451529278231));
#2995=CARTESIAN_POINT('Ctrl Pts',(4.18427004742837,-50.4227776839444,-13.373499720524));
#2996=CARTESIAN_POINT('Ctrl Pts',(4.77216460235437,-49.6561705128176,-13.1614145320618));
#2997=CARTESIAN_POINT('Ctrl Pts',(4.87179381747627,-49.1716941288813,-13.125));
#2998=CARTESIAN_POINT('Ctrl Pts',(4.87179381747627,-49.,-13.125));
#2999=CARTESIAN_POINT('Ctrl Pts',(1.79372674097862,-50.8653129940597,-13.8846153846154));
#3000=CARTESIAN_POINT('Ctrl Pts',(1.97844064168189,-50.8675541806502,-13.8608193278057));
#3001=CARTESIAN_POINT('Ctrl Pts',(2.35333356928134,-50.8681278314381,-13.8047267165931));
#3002=CARTESIAN_POINT('Ctrl Pts',(3.14322072014956,-50.749619587618,-13.6539923498543));
#3003=CARTESIAN_POINT('Ctrl Pts',(4.06552155931739,-50.2638059949147,-13.4076765370788));
#3004=CARTESIAN_POINT('Ctrl Pts',(4.57259841966416,-49.5470667881516,-13.2334260853867));
#3005=CARTESIAN_POINT('Ctrl Pts',(4.6494741817979,-49.1428475497357,-13.2075215563125));
#3006=CARTESIAN_POINT('Ctrl Pts',(4.6494741817979,-49.,-13.2075215563125));
#3007=CARTESIAN_POINT('Ctrl Pts',(1.78665612034135,-50.5717549730506,-13.8298841672922));
#3008=CARTESIAN_POINT('Ctrl Pts',(1.96950681910268,-50.5802507023657,-13.8081315629503));
#3009=CARTESIAN_POINT('Ctrl Pts',(2.32079722963329,-50.5777204196457,-13.7563520744967));
#3010=CARTESIAN_POINT('Ctrl Pts',(3.01814943532332,-50.4314778949991,-13.6206097703144));
#3011=CARTESIAN_POINT('Ctrl Pts',(3.76471950918453,-49.9373804284606,-13.4206985654265));
#3012=CARTESIAN_POINT('Ctrl Pts',(4.10668170616562,-49.3389143290165,-13.3126168820292));
#3013=CARTESIAN_POINT('Ctrl Pts',(4.14612872939004,-49.0880467481895,-13.3023939913405));
#3014=CARTESIAN_POINT('Ctrl Pts',(4.14612872939004,-49.,-13.3023939913405));
#3015=CARTESIAN_POINT('Ctrl Pts',(1.74120398648081,-50.1160445019546,-13.4780549936248));
#3016=CARTESIAN_POINT('Ctrl Pts',(1.89817069332516,-50.1314933518539,-13.4754019099164));
#3017=CARTESIAN_POINT('Ctrl Pts',(2.17857725830334,-50.1237492631879,-13.4430782611622));
#3018=CARTESIAN_POINT('Ctrl Pts',(2.67533092931299,-49.9550477880653,-13.3224776783072));
#3019=CARTESIAN_POINT('Ctrl Pts',(3.09002608157623,-49.5108142328342,-13.1532593764964));
#3020=CARTESIAN_POINT('Ctrl Pts',(3.1997381023096,-49.1178961256751,-13.0974309928988));
#3021=CARTESIAN_POINT('Ctrl Pts',(3.20717416072215,-49.0305572468201,-13.099651936834));
#3022=CARTESIAN_POINT('Ctrl Pts',(3.20717416072215,-49.,-13.099651936834));
#3023=CARTESIAN_POINT('Ctrl Pts',(1.6914882256463,-50.,-13.0932225651557));
#3024=CARTESIAN_POINT('Ctrl Pts',(1.81562535604164,-50.0070985815688,-13.1083867251558));
#3025=CARTESIAN_POINT('Ctrl Pts',(2.03859084610657,-49.9919647908715,-13.0922886859513));
#3026=CARTESIAN_POINT('Ctrl Pts',(2.41147148046059,-49.8358041616027,-12.9654972585702));
#3027=CARTESIAN_POINT('Ctrl Pts',(2.66579049596037,-49.4702965377775,-12.757774877369));
#3028=CARTESIAN_POINT('Ctrl Pts',(2.69778081161994,-49.1522004385769,-12.6571295661115));
#3029=CARTESIAN_POINT('Ctrl Pts',(2.70113524267048,-49.0391312662743,-12.647077602725));
#3030=CARTESIAN_POINT('Ctrl Pts',(2.70113524267048,-49.,-12.647077602725));
#3031=CARTESIAN_POINT('Ctrl Pts',(1.66560340233729,-50.,-12.8928571428571));
#3032=CARTESIAN_POINT('Ctrl Pts',(1.77176249541789,-50.,-12.9134802913109));
#3033=CARTESIAN_POINT('Ctrl Pts',(1.96642637164294,-49.9809931734239,-12.9037881631065));
#3034=CARTESIAN_POINT('Ctrl Pts',(2.28931336734597,-49.8384043240558,-12.7687133485668));
#3035=CARTESIAN_POINT('Ctrl Pts',(2.49154417142583,-49.5200040610826,-12.5294379114078));
#3036=CARTESIAN_POINT('Ctrl Pts',(2.50552181108362,-49.2188048876251,-12.3773526394598));
#3037=CARTESIAN_POINT('Ctrl Pts',(2.50549396327351,-49.0572313762938,-12.35));
#3038=CARTESIAN_POINT('Ctrl Pts',(2.50549396327351,-49.,-12.35));
#3039=CARTESIAN_POINT('',(2.50549396327351,-49.,-12.35));
#3040=CARTESIAN_POINT('',(1.66560340233729,-50.,-12.8928571428571));
#3041=CARTESIAN_POINT('Ctrl Pts',(1.66560340233729,-50.,-12.8928571428571));
#3042=CARTESIAN_POINT('Ctrl Pts',(1.77176249541789,-50.,-12.9134802913109));
#3043=CARTESIAN_POINT('Ctrl Pts',(1.96642637164294,-49.9809931734239,-12.9037881631065));
#3044=CARTESIAN_POINT('Ctrl Pts',(2.28931336734597,-49.8384043240558,-12.7687133485668));
#3045=CARTESIAN_POINT('Ctrl Pts',(2.49154417142583,-49.5200040610826,-12.5294379114078));
#3046=CARTESIAN_POINT('Ctrl Pts',(2.50552181108362,-49.2188048876251,-12.3773526394598));
#3047=CARTESIAN_POINT('Ctrl Pts',(2.50549396327351,-49.0572313762938,-12.35));
#3048=CARTESIAN_POINT('Ctrl Pts',(2.50549396327351,-49.,-12.35));
#3049=CARTESIAN_POINT('Origin',(4.17582327212252,-49.,-11.25));
#3050=CARTESIAN_POINT('Origin',(1.66560340233729,-51.,-12.8928571428571));
#3051=CARTESIAN_POINT('Origin',(4.17582327212252,0.,-11.25));
#3052=CARTESIAN_POINT('',(2.50549396327351,-10.,-12.35));
#3053=CARTESIAN_POINT('Origin',(4.17582327212252,-10.,-11.25));
#3054=CARTESIAN_POINT('',(2.50549396327351,0.,-12.35));
#3055=CARTESIAN_POINT('Ctrl Pts',(2.50549396327351,-10.,-12.35));
#3056=CARTESIAN_POINT('Ctrl Pts',(2.50549396327351,-9.16009212861705,-12.35));
#3057=CARTESIAN_POINT('Ctrl Pts',(2.42190004931979,-7.48292878570603,-12.2129026958239));
#3058=CARTESIAN_POINT('Ctrl Pts',(2.02175483179976,-5.60209758593372,-11.7386586643669));
#3059=CARTESIAN_POINT('Ctrl Pts',(1.39498855659585,-4.45998147840593,-11.3188424005615));
#3060=CARTESIAN_POINT('Ctrl Pts',(0.754749462716933,-3.88831585100431,-11.0663255106787));
#3061=CARTESIAN_POINT('Ctrl Pts',(0.00197666110143298,-3.68889756730166,
-10.9666446838984));
#3062=CARTESIAN_POINT('Ctrl Pts',(-1.01219045164835,-3.95348363552078,-11.0992985243559));
#3063=CARTESIAN_POINT('Ctrl Pts',(-1.95042040991857,-5.22550423055656,-11.6465149187626));
#3064=CARTESIAN_POINT('Ctrl Pts',(-2.41797560507186,-7.48231556808947,-12.2109588550935));
#3065=CARTESIAN_POINT('Ctrl Pts',(-2.50549396327351,-9.16009212861705,-12.35));
#3066=CARTESIAN_POINT('Ctrl Pts',(-2.50549396327351,-10.,-12.35));
#3067=CARTESIAN_POINT('Ctrl Pts',(2.78706322416456,-10.,-12.7775576263066));
#3068=CARTESIAN_POINT('Ctrl Pts',(2.78706322416456,-9.10480148637865,-12.7775576263066));
#3069=CARTESIAN_POINT('Ctrl Pts',(2.70844115389634,-7.31796084989625,-12.5932183248451));
#3070=CARTESIAN_POINT('Ctrl Pts',(2.29023119915306,-5.34064664956993,-11.962015498316));
#3071=CARTESIAN_POINT('Ctrl Pts',(1.58995171102021,-4.14857120924486,-11.4115364899814));
#3072=CARTESIAN_POINT('Ctrl Pts',(0.861795964301905,-3.55288473990725,-11.084474958763));
#3073=CARTESIAN_POINT('Ctrl Pts',(0.0023732098716606,-3.34477833782687,
-10.9571490672166));
#3074=CARTESIAN_POINT('Ctrl Pts',(-1.15597630199544,-3.62103983576738,-11.1265113106459));
#3075=CARTESIAN_POINT('Ctrl Pts',(-2.21781501987093,-4.94490474240149,-11.8382630434334));
#3076=CARTESIAN_POINT('Ctrl Pts',(-2.70354252258951,-7.31734751408493,-12.5909372984351));
#3077=CARTESIAN_POINT('Ctrl Pts',(-2.78706322416456,-9.10480148637867,-12.7775576263066));
#3078=CARTESIAN_POINT('Ctrl Pts',(-2.78706322416456,-10.,-12.7775576263066));
#3079=CARTESIAN_POINT('Ctrl Pts',(3.57892108751463,-10.,-13.3227147589248));
#3080=CARTESIAN_POINT('Ctrl Pts',(3.57892108751463,-9.00900345009253,-13.3227147589248));
#3081=CARTESIAN_POINT('Ctrl Pts',(3.47289129882886,-7.0312701952741,-13.0534859855828));
#3082=CARTESIAN_POINT('Ctrl Pts',(2.91829027443418,-4.8845880522354,-12.1639918050698));
#3083=CARTESIAN_POINT('Ctrl Pts',(2.01493111254028,-3.60445774555332,-11.4060354638721));
#3084=CARTESIAN_POINT('Ctrl Pts',(1.08803536130546,-2.96648697146529,-10.9591595643652));
#3085=CARTESIAN_POINT('Ctrl Pts',(0.00290364548962781,-2.74314296872754,
-10.7859306254371));
#3086=CARTESIAN_POINT('Ctrl Pts',(-1.45937384899298,-3.03988356966839,-11.016239996321));
#3087=CARTESIAN_POINT('Ctrl Pts',(-2.82055306254746,-4.45528165954706,-11.9896768163353));
#3088=CARTESIAN_POINT('Ctrl Pts',(-3.46676812728457,-7.03055964387273,-13.0508005557779));
#3089=CARTESIAN_POINT('Ctrl Pts',(-3.57892108751463,-9.0090034500926,-13.3227147589248));
#3090=CARTESIAN_POINT('Ctrl Pts',(-3.57892108751463,-10.,-13.3227147589248));
#3091=CARTESIAN_POINT('Ctrl Pts',(4.5118331146326,-10.,-13.2586117582208));
#3092=CARTESIAN_POINT('Ctrl Pts',(4.5118331146326,-8.95933363084753,-13.2586117582208));
#3093=CARTESIAN_POINT('Ctrl Pts',(4.35736516898707,-6.8819045047121,-12.9681158699446));
#3094=CARTESIAN_POINT('Ctrl Pts',(3.61709163743489,-4.5864972110591,-11.9791705992695));
#3095=CARTESIAN_POINT('Ctrl Pts',(2.47829116196282,-3.20483686107638,-11.1103132487332));
#3096=CARTESIAN_POINT('Ctrl Pts',(1.33257580143162,-2.51480057178348,-10.5874509892507));
#3097=CARTESIAN_POINT('Ctrl Pts',(0.00332291319315054,-2.27371183357719,
-10.3803125066886));
#3098=CARTESIAN_POINT('Ctrl Pts',(-1.78666747499647,-2.59378742118194,-10.6561561595149));
#3099=CARTESIAN_POINT('Ctrl Pts',(-3.48402953054754,-4.12710486675836,-11.7870550728363));
#3100=CARTESIAN_POINT('Ctrl Pts',(-4.35040641813064,-6.88119466954328,-12.9640871460623));
#3101=CARTESIAN_POINT('Ctrl Pts',(-4.5118331146326,-8.95933363084761,-13.2586117582208));
#3102=CARTESIAN_POINT('Ctrl Pts',(-4.5118331146326,-10.,-13.2586117582208));
#3103=CARTESIAN_POINT('Ctrl Pts',(4.87179381747627,-10.,-13.125));
#3104=CARTESIAN_POINT('Ctrl Pts',(4.87179381747627,-8.9501151607713,-13.125));
#3105=CARTESIAN_POINT('Ctrl Pts',(4.70189023116972,-6.85366098213254,-12.8380467407464));
#3106=CARTESIAN_POINT('Ctrl Pts',(3.8968577326207,-4.50262198241714,-11.8391370388883));
#3107=CARTESIAN_POINT('Ctrl Pts',(2.66700929999226,-3.07497684800741,-10.9421925412002));
#3108=CARTESIAN_POINT('Ctrl Pts',(1.43303459814508,-2.36039481375538,-10.3955807810055));
#3109=CARTESIAN_POINT('Ctrl Pts',(0.00352939436535033,-2.11112195912708,
-10.1765097519294));
#3110=CARTESIAN_POINT('Ctrl Pts',(-1.92118414619617,-2.44185454440097,-10.4684264579354));
#3111=CARTESIAN_POINT('Ctrl Pts',(-3.75193839532394,-4.03188028819573,-11.6464219202415));
#3112=CARTESIAN_POINT('Ctrl Pts',(-4.69449619350746,-6.85289446011183,-12.8333162900688));
#3113=CARTESIAN_POINT('Ctrl Pts',(-4.87179381747627,-8.95011516077139,-13.125));
#3114=CARTESIAN_POINT('Ctrl Pts',(-4.87179381747627,-10.,-13.125));
#3115=CARTESIAN_POINT('',(-2.50549396327351,-10.,-12.35));
#3116=CARTESIAN_POINT('Origin',(-4.17582327212252,-10.,-11.25));
#3117=CARTESIAN_POINT('',(-1.00927064927792E-15,-2.193752502002,-10.25));
#3118=CARTESIAN_POINT('Ctrl Pts',(-4.87179381747627,-10.,-13.125));
#3119=CARTESIAN_POINT('Ctrl Pts',(-4.87179381747627,-8.95011516077139,-13.125));
#3120=CARTESIAN_POINT('Ctrl Pts',(-4.69449619350746,-6.85289446011183,-12.8333162900688));
#3121=CARTESIAN_POINT('Ctrl Pts',(-3.75193839532394,-4.03188028819573,-11.6464219202415));
#3122=CARTESIAN_POINT('Ctrl Pts',(-1.92148776590746,-2.4421182407204,-10.4686218214815));
#3123=CARTESIAN_POINT('Ctrl Pts',(-0.478446970163827,-2.19394228446582,
-10.2496099973305));
#3124=CARTESIAN_POINT('Ctrl Pts',(-1.27378354443906E-7,-2.19400867179559,
-10.2495112735872));
#3125=CARTESIAN_POINT('Ctrl Pts',(0.00116478822246648,-2.19400899694985,
-10.2495111772116));
#3126=CARTESIAN_POINT('Ctrl Pts',(0.48001369392815,-2.19420987042909,-10.2495307563974));
#3127=CARTESIAN_POINT('Ctrl Pts',(1.43302707303325,-2.36039045604066,-10.3955774476189));
#3128=CARTESIAN_POINT('Ctrl Pts',(2.66700929999226,-3.07497684800741,-10.9421925412002));
#3129=CARTESIAN_POINT('Ctrl Pts',(3.8968577326207,-4.50262198241715,-11.8391370388883));
#3130=CARTESIAN_POINT('Ctrl Pts',(4.70189023116972,-6.85366098213254,-12.8380467407464));
#3131=CARTESIAN_POINT('Ctrl Pts',(4.87179381747627,-8.9501151607713,-13.125));
#3132=CARTESIAN_POINT('Ctrl Pts',(4.87179381747627,-10.,-13.125));
#3133=CARTESIAN_POINT('Ctrl Pts',(2.50549396327351,-10.,-12.35));
#3134=CARTESIAN_POINT('Ctrl Pts',(2.50549396327351,-9.16009212861705,-12.35));
#3135=CARTESIAN_POINT('Ctrl Pts',(2.42190004931979,-7.48292878570603,-12.2129026958239));
#3136=CARTESIAN_POINT('Ctrl Pts',(2.02175483179976,-5.60209758593372,-11.7386586643669));
#3137=CARTESIAN_POINT('Ctrl Pts',(1.39498855659585,-4.45998147840593,-11.3188424005615));
#3138=CARTESIAN_POINT('Ctrl Pts',(0.754749462716933,-3.88831585100431,-11.0663255106787));
#3139=CARTESIAN_POINT('Ctrl Pts',(0.00197666110143298,-3.68889756730166,
-10.9666446838984));
#3140=CARTESIAN_POINT('Ctrl Pts',(-1.01219045164835,-3.95348363552078,-11.0992985243559));
#3141=CARTESIAN_POINT('Ctrl Pts',(-1.95042040991857,-5.22550423055656,-11.6465149187626));
#3142=CARTESIAN_POINT('Ctrl Pts',(-2.41797560507186,-7.48231556808947,-12.2109588550935));
#3143=CARTESIAN_POINT('Ctrl Pts',(-2.50549396327351,-9.16009212861705,-12.35));
#3144=CARTESIAN_POINT('Ctrl Pts',(-2.50549396327351,-10.,-12.35));
#3145=CARTESIAN_POINT('Origin',(-4.17582327212252,0.,-11.25));
#3146=CARTESIAN_POINT('',(-2.50549396327351,0.,-12.35));
#3147=CARTESIAN_POINT('Origin',(0.,-51.,0.));
#3148=CARTESIAN_POINT('Origin',(0.,-50.,0.));
#3149=CARTESIAN_POINT('Origin',(8.57252759403147E-16,-49.,-14.));
#3150=CARTESIAN_POINT('Origin',(8.57252759403147E-16,-49.,-14.));
#3151=CARTESIAN_POINT('Origin',(8.57252759403147E-16,-50.,-14.));
#3152=CARTESIAN_POINT('Origin',(8.57252759403147E-16,0.,-14.));
#3153=CARTESIAN_POINT('Origin',(8.57252759403147E-16,-50.,-14.));
#3154=CARTESIAN_POINT('Ctrl Pts',(-12.7256549479536,-49.,-5.83589805819327));
#3155=CARTESIAN_POINT('Ctrl Pts',(-12.7256549479536,-49.1716941288813,-5.83589805819327));
#3156=CARTESIAN_POINT('Ctrl Pts',(-12.6955197737412,-49.4985384626418,-5.90186292066389));
#3157=CARTESIAN_POINT('Ctrl Pts',(-12.535513717645,-50.1149651813693,-6.24138257970052));
#3158=CARTESIAN_POINT('Ctrl Pts',(-12.1581863931886,-50.7425751638503,-6.97324690726977));
#3159=CARTESIAN_POINT('Ctrl Pts',(-11.6938101486261,-50.9558111075101,-7.70811465488897));
#3160=CARTESIAN_POINT('Ctrl Pts',(-11.3431894536344,-51.001624003338,-8.20865794963652));
#3161=CARTESIAN_POINT('Ctrl Pts',(-11.1991779907771,-51.000000000056,-8.40313041951402));
#3162=CARTESIAN_POINT('Ctrl Pts',(-11.0862620347702,-51.000000000056,-8.54954935048698));
#3163=CARTESIAN_POINT('Ctrl Pts',(-12.6268027780371,-49.,-6.051453332235));
#3164=CARTESIAN_POINT('Ctrl Pts',(-12.6268027780371,-49.1428475497357,-6.051453332235));
#3165=CARTESIAN_POINT('Ctrl Pts',(-12.6021472528783,-49.4160135377293,-6.10246838505885));
#3166=CARTESIAN_POINT('Ctrl Pts',(-12.4627497637756,-49.9707870676898,-6.38496111836714));
#3167=CARTESIAN_POINT('Ctrl Pts',(-12.1179443389481,-50.584296452606,-7.03820047256645));
#3168=CARTESIAN_POINT('Ctrl Pts',(-11.6794640499637,-50.8140890540369,-7.72923833528558));
#3169=CARTESIAN_POINT('Ctrl Pts',(-11.3411230211633,-50.8680889757034,-8.21138792984642));
#3170=CARTESIAN_POINT('Ctrl Pts',(-11.2000481334066,-50.8675541807006,-8.40211054558401));
#3171=CARTESIAN_POINT('Ctrl Pts',(-11.0862620347732,-50.8653129941101,-8.54954935048928));
#3172=CARTESIAN_POINT('Ctrl Pts',(-12.337971803662,-49.,-6.47445287342289));
#3173=CARTESIAN_POINT('Ctrl Pts',(-12.337971803662,-49.0880467481895,-6.47445287342289));
#3174=CARTESIAN_POINT('Ctrl Pts',(-12.3234185232843,-49.2588251588497,-6.50088497668619));
#3175=CARTESIAN_POINT('Ctrl Pts',(-12.2284847309679,-49.6823165905102,-6.67784588631065));
#3176=CARTESIAN_POINT('Ctrl Pts',(-11.964905574054,-50.2511009447356,-7.16599507219685));
#3177=CARTESIAN_POINT('Ctrl Pts',(-11.5940160688276,-50.5098932671068,-7.75729378432534));
#3178=CARTESIAN_POINT('Ctrl Pts',(-11.2890053753175,-50.5787383419166,-8.19264696010324));
#3179=CARTESIAN_POINT('Ctrl Pts',(-11.1564776508511,-50.5802548525838,-8.37117381036414));
#3180=CARTESIAN_POINT('Ctrl Pts',(-11.0425640958486,-50.5717591232685,-8.51585019344435));
#3181=CARTESIAN_POINT('Ctrl Pts',(-11.5306751691592,-49.,-6.99502753719187));
#3182=CARTESIAN_POINT('Ctrl Pts',(-11.5306751691592,-49.0305572468201,-6.99502753719187));
#3183=CARTESIAN_POINT('Ctrl Pts',(-11.5266515829986,-49.0920835552427,-6.99923318089836));
#3184=CARTESIAN_POINT('Ctrl Pts',(-11.5022729643584,-49.3333751271686,-7.05798296488396));
#3185=CARTESIAN_POINT('Ctrl Pts',(-11.4142407237585,-49.7760278742926,-7.3071985524307));
#3186=CARTESIAN_POINT('Ctrl Pts',(-11.2037794675901,-50.044183192423,-7.71924145631779));
#3187=CARTESIAN_POINT('Ctrl Pts',(-10.980435958004,-50.1265070222597,-8.04777494487824));
#3188=CARTESIAN_POINT('Ctrl Pts',(-10.8707629680834,-50.1315042048923,-8.18634296469619));
#3189=CARTESIAN_POINT('Ctrl Pts',(-10.7616467587323,-50.1160553549924,-8.2992112010094));
#3190=CARTESIAN_POINT('Ctrl Pts',(-10.8528253820736,-49.,-7.03284328808507));
#3191=CARTESIAN_POINT('Ctrl Pts',(-10.8528253820736,-49.0391312662743,-7.03284328808507));
#3192=CARTESIAN_POINT('Ctrl Pts',(-10.8571779661461,-49.1165838628327,-7.03912852648439));
#3193=CARTESIAN_POINT('Ctrl Pts',(-10.8825403050303,-49.3305037334669,-7.09134737941482));
#3194=CARTESIAN_POINT('Ctrl Pts',(-10.9104649070236,-49.6830173072837,-7.28448885349049));
#3195=CARTESIAN_POINT('Ctrl Pts',(-10.8082950841859,-49.916790134378,-7.61832839814675));
#3196=CARTESIAN_POINT('Ctrl Pts',(-10.6443154882469,-49.9971059908921,-7.87904340687665));
#3197=CARTESIAN_POINT('Ctrl Pts',(-10.5528701451289,-50.0070985815691,-7.98518814242265));
#3198=CARTESIAN_POINT('Ctrl Pts',(-10.4543692580603,-50.,-8.06224366875634));
#3199=CARTESIAN_POINT('Ctrl Pts',(-10.5044205193065,-49.,-6.96111697600121));
#3200=CARTESIAN_POINT('Ctrl Pts',(-10.5044205193065,-49.0572313762938,-6.96111697600121));
#3201=CARTESIAN_POINT('Ctrl Pts',(-10.5179041144474,-49.1670892597816,-6.97351191885559));
#3202=CARTESIAN_POINT('Ctrl Pts',(-10.5771549359146,-49.3938942688604,-7.04497040614395));
#3203=CARTESIAN_POINT('Ctrl Pts',(-10.6576892315618,-49.7046085194832,-7.24314521172421));
#3204=CARTESIAN_POINT('Ctrl Pts',(-10.60189198115,-49.9115236724877,-7.55418428218708));
#3205=CARTESIAN_POINT('Ctrl Pts',(-10.4656278406259,-49.9876640186875,-7.78803783508809));
#3206=CARTESIAN_POINT('Ctrl Pts',(-10.3840347578686,-50.,-7.87838420754156));
#3207=CARTESIAN_POINT('Ctrl Pts',(-10.2943861751438,-50.,-7.93886725402362));
#3208=CARTESIAN_POINT('',(-10.5044205193065,-49.,-6.96111697600121));
#3209=CARTESIAN_POINT('Origin',(-10.9077042411031,-49.,-5.00219833559423));
#3210=CARTESIAN_POINT('',(-10.2943861751438,-50.,-7.93886725402362));
#3211=CARTESIAN_POINT('Ctrl Pts',(-10.5044205193065,-49.,-6.96111697600121));
#3212=CARTESIAN_POINT('Ctrl Pts',(-10.5044205193065,-49.0572313762938,-6.96111697600121));
#3213=CARTESIAN_POINT('Ctrl Pts',(-10.5179041144474,-49.1670892597816,-6.97351191885559));
#3214=CARTESIAN_POINT('Ctrl Pts',(-10.5771549359146,-49.3938942688604,-7.04497040614395));
#3215=CARTESIAN_POINT('Ctrl Pts',(-10.6576892315618,-49.7046085194832,-7.24314521172421));
#3216=CARTESIAN_POINT('Ctrl Pts',(-10.60189198115,-49.9115236724877,-7.55418428218708));
#3217=CARTESIAN_POINT('Ctrl Pts',(-10.4656278406259,-49.9876640186875,-7.78803783508809));
#3218=CARTESIAN_POINT('Ctrl Pts',(-10.3840347578686,-50.,-7.87838420754156));
#3219=CARTESIAN_POINT('Ctrl Pts',(-10.2943861751438,-50.,-7.93886725402362));
#3220=CARTESIAN_POINT('Origin',(-10.2943861751438,-51.,-7.93886725402362));
#3221=CARTESIAN_POINT('Ctrl Pts',(-8.54954935048698,-51.,-11.0862620347702));
#3222=CARTESIAN_POINT('Ctrl Pts',(-8.40313041951704,-51.,-11.1991779907748));
#3223=CARTESIAN_POINT('Ctrl Pts',(-8.20865794963603,-51.0016240032979,-11.3431894536346));
#3224=CARTESIAN_POINT('Ctrl Pts',(-7.70811465489223,-50.9558111074743,-11.693810148624));
#3225=CARTESIAN_POINT('Ctrl Pts',(-6.97324690726952,-50.7425751638355,-12.158186393189));
#3226=CARTESIAN_POINT('Ctrl Pts',(-6.2413825796962,-50.1149651813541,-12.5355137176464));
#3227=CARTESIAN_POINT('Ctrl Pts',(-5.90186292066646,-49.4985384626372,-12.6955197737402));
#3228=CARTESIAN_POINT('Ctrl Pts',(-5.83589805819327,-49.1716941288812,-12.7256549479536));
#3229=CARTESIAN_POINT('Ctrl Pts',(-5.83589805819327,-49.,-12.7256549479536));
#3230=CARTESIAN_POINT('Ctrl Pts',(-8.54954935048698,-50.8653129940597,-11.0862620347702));
#3231=CARTESIAN_POINT('Ctrl Pts',(-8.40211054558464,-50.8675541806502,-11.2000481334013));
#3232=CARTESIAN_POINT('Ctrl Pts',(-8.21138792984433,-50.8680889756673,-11.3411230211614));
#3233=CARTESIAN_POINT('Ctrl Pts',(-7.72923833528725,-50.8140890540047,-11.6794640499597));
#3234=CARTESIAN_POINT('Ctrl Pts',(-7.03820047256546,-50.5842964525926,-12.1179443389477));
#3235=CARTESIAN_POINT('Ctrl Pts',(-6.38496111836313,-49.9707870676762,-12.4627497637763));
#3236=CARTESIAN_POINT('Ctrl Pts',(-6.10246838506082,-49.416013537725,-12.6021472528771));
#3237=CARTESIAN_POINT('Ctrl Pts',(-6.051453332235,-49.1428475497357,-12.6268027780371));
#3238=CARTESIAN_POINT('Ctrl Pts',(-6.051453332235,-49.,-12.6268027780371));
#3239=CARTESIAN_POINT('Ctrl Pts',(-8.51585019343791,-50.571759123233,-11.0425640958402));
#3240=CARTESIAN_POINT('Ctrl Pts',(-8.37117381036048,-50.5802548525481,-11.1564776508404));
#3241=CARTESIAN_POINT('Ctrl Pts',(-8.19264696009837,-50.5787383418909,-11.2890053753117));
#3242=CARTESIAN_POINT('Ctrl Pts',(-7.75729378432402,-50.5098932670841,-11.5940160688204));
#3243=CARTESIAN_POINT('Ctrl Pts',(-7.16599507219465,-50.2511009447259,-11.9649055740522));
#3244=CARTESIAN_POINT('Ctrl Pts',(-6.67784588630738,-49.6823165905005,-12.2284847309673));
#3245=CARTESIAN_POINT('Ctrl Pts',(-6.50088497668701,-49.2588251588462,-12.3234185232829));
#3246=CARTESIAN_POINT('Ctrl Pts',(-6.47445287342288,-49.0880467481895,-12.337971803662));
#3247=CARTESIAN_POINT('Ctrl Pts',(-6.47445287342288,-49.,-12.337971803662));
#3248=CARTESIAN_POINT('Ctrl Pts',(-8.29921120100306,-50.1160553549854,-10.7616467587241));
#3249=CARTESIAN_POINT('Ctrl Pts',(-8.18634296469167,-50.1315042048847,-10.870762968073));
#3250=CARTESIAN_POINT('Ctrl Pts',(-8.04777494487365,-50.1265070222542,-10.980435957998));
#3251=CARTESIAN_POINT('Ctrl Pts',(-7.71924145631547,-50.0441831924183,-11.2037794675833));
#3252=CARTESIAN_POINT('Ctrl Pts',(-7.30719855242891,-49.7760278742904,-11.4142407237565));
#3253=CARTESIAN_POINT('Ctrl Pts',(-7.05798296488227,-49.3333751271658,-11.5022729643573));
#3254=CARTESIAN_POINT('Ctrl Pts',(-6.99923318089817,-49.0920835552413,-11.5266515829973));
#3255=CARTESIAN_POINT('Ctrl Pts',(-6.99502753719187,-49.0305572468201,-11.5306751691592));
#3256=CARTESIAN_POINT('Ctrl Pts',(-6.99502753719187,-49.,-11.5306751691592));
#3257=CARTESIAN_POINT('Ctrl Pts',(-8.06224366875461,-50.,-10.454369258058));
#3258=CARTESIAN_POINT('Ctrl Pts',(-7.98518814242212,-50.0070985815688,-10.5528701451247));
#3259=CARTESIAN_POINT('Ctrl Pts',(-7.87904340687529,-49.9971059908919,-10.6443154882451));
#3260=CARTESIAN_POINT('Ctrl Pts',(-7.61832839814701,-49.9167901343779,-10.808295084183));
#3261=CARTESIAN_POINT('Ctrl Pts',(-7.2844888534904,-49.6830173072837,-10.910464907023));
#3262=CARTESIAN_POINT('Ctrl Pts',(-7.09134737941357,-49.3305037334652,-10.8825403050301));
#3263=CARTESIAN_POINT('Ctrl Pts',(-7.03912852648454,-49.1165838628323,-10.8571779661455));
#3264=CARTESIAN_POINT('Ctrl Pts',(-7.03284328808507,-49.0391312662743,-10.8528253820736));
#3265=CARTESIAN_POINT('Ctrl Pts',(-7.03284328808507,-49.,-10.8528253820736));
#3266=CARTESIAN_POINT('Ctrl Pts',(-7.93886725402362,-50.,-10.2943861751438));
#3267=CARTESIAN_POINT('Ctrl Pts',(-7.87838420754281,-50.,-10.3840347578668));
#3268=CARTESIAN_POINT('Ctrl Pts',(-7.78803783508793,-49.9876640186874,-10.4656278406257));
#3269=CARTESIAN_POINT('Ctrl Pts',(-7.55418428218863,-49.9115236724878,-10.6018919811485));
#3270=CARTESIAN_POINT('Ctrl Pts',(-7.24314521172481,-49.7046085194836,-10.6576892315619));
#3271=CARTESIAN_POINT('Ctrl Pts',(-7.04497040614249,-49.3938942688581,-10.5771549359148));
#3272=CARTESIAN_POINT('Ctrl Pts',(-6.97351191885607,-49.1670892597815,-10.5179041144471));
#3273=CARTESIAN_POINT('Ctrl Pts',(-6.96111697600121,-49.0572313762938,-10.5044205193065));
#3274=CARTESIAN_POINT('Ctrl Pts',(-6.96111697600121,-49.,-10.5044205193065));
#3275=CARTESIAN_POINT('',(-6.9611169760012,-49.,-10.5044205193065));
#3276=CARTESIAN_POINT('',(-7.93886725402362,-50.,-10.2943861751438));
#3277=CARTESIAN_POINT('Ctrl Pts',(-7.93886725402362,-50.,-10.2943861751438));
#3278=CARTESIAN_POINT('Ctrl Pts',(-7.87838420754281,-50.,-10.3840347578668));
#3279=CARTESIAN_POINT('Ctrl Pts',(-7.78803783508793,-49.9876640186874,-10.4656278406257));
#3280=CARTESIAN_POINT('Ctrl Pts',(-7.55418428218863,-49.9115236724878,-10.6018919811485));
#3281=CARTESIAN_POINT('Ctrl Pts',(-7.24314521172481,-49.7046085194836,-10.6576892315619));
#3282=CARTESIAN_POINT('Ctrl Pts',(-7.04497040614249,-49.3938942688581,-10.5771549359148));
#3283=CARTESIAN_POINT('Ctrl Pts',(-6.97351191885607,-49.1670892597815,-10.5179041144471));
#3284=CARTESIAN_POINT('Ctrl Pts',(-6.96111697600121,-49.0572313762938,-10.5044205193065));
#3285=CARTESIAN_POINT('Ctrl Pts',(-6.96111697600121,-49.,-10.5044205193065));
#3286=CARTESIAN_POINT('Origin',(-5.00219833559423,-49.,-10.9077042411031));
#3287=CARTESIAN_POINT('Origin',(-7.93886725402362,-51.,-10.2943861751438));
#3288=CARTESIAN_POINT('Origin',(-5.00219833559423,0.,-10.9077042411031));
#3289=CARTESIAN_POINT('',(-6.9611169760012,-10.,-10.5044205193065));
#3290=CARTESIAN_POINT('Origin',(-5.00219833559423,-10.,-10.9077042411031));
#3291=CARTESIAN_POINT('',(-6.9611169760012,0.,-10.5044205193065));
#3292=CARTESIAN_POINT('Ctrl Pts',(-6.9611169760012,-10.,-10.5044205193065));
#3293=CARTESIAN_POINT('Ctrl Pts',(-6.9611169760012,-9.16009056076897,-10.5044205193065));
#3294=CARTESIAN_POINT('Ctrl Pts',(-6.92328852613155,-7.48294541182079,-10.3483845189759));
#3295=CARTESIAN_POINT('Ctrl Pts',(-6.87087015244805,-5.6020783864643,-9.73008665177791));
#3296=CARTESIAN_POINT('Ctrl Pts',(-7.01722356077273,-4.45995171160303,-8.99001951827337));
#3297=CARTESIAN_POINT('Ctrl Pts',(-7.29137899763479,-3.88831632209437,-8.35875909385353));
#3298=CARTESIAN_POINT('Ctrl Pts',(-7.75316711495185,-3.68892119289521,-7.75601869187398));
#3299=CARTESIAN_POINT('Ctrl Pts',(-8.56401793496617,-3.95348493953114,-7.13272883971741));
#3300=CARTESIAN_POINT('Ctrl Pts',(-9.6144845547204,-5.22548110820547,-6.85617874082364));
#3301=CARTESIAN_POINT('Ctrl Pts',(-10.3442179159591,-7.48229665464777,-6.92466912589224));
#3302=CARTESIAN_POINT('Ctrl Pts',(-10.5044205193065,-9.16009056076897,-6.96111697600121));
#3303=CARTESIAN_POINT('Ctrl Pts',(-10.5044205193065,-10.,-6.96111697600121));
#3304=CARTESIAN_POINT('Ctrl Pts',(-7.06434633916089,-10.,-11.0058489499657));
#3305=CARTESIAN_POINT('Ctrl Pts',(-7.06434633916089,-9.10479981532008,-11.0058489499657));
#3306=CARTESIAN_POINT('Ctrl Pts',(-6.98960658551989,-7.31796915717711,-10.8199263692723));
#3307=CARTESIAN_POINT('Ctrl Pts',(-6.83895363162369,-5.34062413186712,-10.0778570522521));
#3308=CARTESIAN_POINT('Ctrl Pts',(-6.94489030847169,-4.14853780263858,-9.19341022687137));
#3309=CARTESIAN_POINT('Ctrl Pts',(-7.22849812595537,-3.55288358911419,-8.44727182298102));
#3310=CARTESIAN_POINT('Ctrl Pts',(-7.74614994949827,-3.34480117337814,-7.74957403834481));
#3311=CARTESIAN_POINT('Ctrl Pts',(-8.6848970768812,-3.62103658856385,-7.0502950238027));
#3312=CARTESIAN_POINT('Ctrl Pts',(-9.93914057141081,-4.94487429327486,-6.80267286899147));
#3313=CARTESIAN_POINT('Ctrl Pts',(-10.8148265804646,-7.3173202145641,-6.99142622750246));
#3314=CARTESIAN_POINT('Ctrl Pts',(-11.0058489499657,-9.10479981532006,-7.06434633916089));
#3315=CARTESIAN_POINT('Ctrl Pts',(-11.0058489499657,-10.,-7.06434633916089));
#3316=CARTESIAN_POINT('Ctrl Pts',(-6.88989523616502,-10.,-11.9512568666588));
#3317=CARTESIAN_POINT('Ctrl Pts',(-6.88989523616502,-9.00900160020871,-11.9512568666588));
#3318=CARTESIAN_POINT('Ctrl Pts',(-6.77449243571251,-7.03129034555262,-11.6859353864449));
#3319=CARTESIAN_POINT('Ctrl Pts',(-6.53766960948836,-4.88457173265751,-10.6647891624718));
#3320=CARTESIAN_POINT('Ctrl Pts',(-6.64051030089686,-3.60442602530166,-9.49003075147194));
#3321=CARTESIAN_POINT('Ctrl Pts',(-6.97993389570914,-2.96648578315863,-8.51865181066784));
#3322=CARTESIAN_POINT('Ctrl Pts',(-7.62472422304637,-2.74316528349052,-7.62891067087832));
#3323=CARTESIAN_POINT('Ctrl Pts',(-8.8214532737211,-3.0398750557274,-6.75782662663596));
#3324=CARTESIAN_POINT('Ctrl Pts',(-10.4724139912645,-4.45525110996133,-6.48355258655972));
#3325=CARTESIAN_POINT('Ctrl Pts',(-11.6796763439205,-7.0305483649388,-6.77689529553359));
#3326=CARTESIAN_POINT('Ctrl Pts',(-11.9512568666588,-9.00900160020866,-6.88989523616502));
#3327=CARTESIAN_POINT('Ctrl Pts',(-11.9512568666588,-10.,-6.88989523616502));
#3328=CARTESIAN_POINT('Ctrl Pts',(-6.1849064924189,-10.,-12.5656020742964));
#3329=CARTESIAN_POINT('Ctrl Pts',(-6.1849064924189,-8.95933168824555,-12.5656020742964));
#3330=CARTESIAN_POINT('Ctrl Pts',(-6.08872229390673,-6.88191694113341,-12.2509984549917));
#3331=CARTESIAN_POINT('Ctrl Pts',(-5.91284791713833,-4.58647253638357,-11.0282248419945));
#3332=CARTESIAN_POINT('Ctrl Pts',(-6.10375530186011,-3.20479870151682,-9.60855540064957));
#3333=CARTESIAN_POINT('Ctrl Pts',(-6.54416972917878,-2.51479898324338,-8.42871608931261));
#3334=CARTESIAN_POINT('Ctrl Pts',(-7.33759491761503,-2.27373761636724,-7.34238799690425));
#3335=CARTESIAN_POINT('Ctrl Pts',(-8.79822201573378,-2.59378279415889,-6.27177538677088));
#3336=CARTESIAN_POINT('Ctrl Pts',(-10.7982812869922,-4.12707014782555,-5.87112735000569));
#3337=CARTESIAN_POINT('Ctrl Pts',(-12.243190593799,-6.8811671323721,-6.09075939962561));
#3338=CARTESIAN_POINT('Ctrl Pts',(-12.5656020742964,-8.95933168824549,-6.1849064924189));
#3339=CARTESIAN_POINT('Ctrl Pts',(-12.5656020742964,-10.,-6.1849064924189));
#3340=CARTESIAN_POINT('Ctrl Pts',(-5.83589805819327,-10.,-12.7256549479536));
#3341=CARTESIAN_POINT('Ctrl Pts',(-5.83589805819327,-8.9501132009613,-12.7256549479536));
#3342=CARTESIAN_POINT('Ctrl Pts',(-5.753139743214,-6.85368176477598,-12.4026445052285));
#3343=CARTESIAN_POINT('Ctrl Pts',(-5.61600585486239,-4.50259798308037,-11.1270339925706));
#3344=CARTESIAN_POINT('Ctrl Pts',(-5.85143647783168,-3.0749396395038,-9.62312267903047));
#3345=CARTESIAN_POINT('Ctrl Pts',(-6.33746400416422,-2.36039540261796,-8.36408133354506));
#3346=CARTESIAN_POINT('Ctrl Pts',(-7.19333872028623,-2.11115149111901,-7.19843066080009));
#3347=CARTESIAN_POINT('Ctrl Pts',(-8.76058271749475,-2.44185617441392,-6.04392044310903));
#3348=CARTESIAN_POINT('Ctrl Pts',(-10.8882846559367,-4.03185138525685,-5.58224891855822));
#3349=CARTESIAN_POINT('Ctrl Pts',(-12.3940317815827,-6.85287081830969,-5.75498596183861));
#3350=CARTESIAN_POINT('Ctrl Pts',(-12.7256549479536,-8.95011320096124,-5.83589805819327));
#3351=CARTESIAN_POINT('Ctrl Pts',(-12.7256549479536,-10.,-5.83589805819327));
#3352=CARTESIAN_POINT('',(-10.5044205193065,-10.,-6.96111697600121));
#3353=CARTESIAN_POINT('Origin',(-10.9077042411031,-10.,-5.00219833559423));
#3354=CARTESIAN_POINT('Ctrl Pts',(-12.7256549479536,-10.,-5.83589805819327));
#3355=CARTESIAN_POINT('Ctrl Pts',(-12.7256549479536,-8.95011320096124,-5.83589805819327));
#3356=CARTESIAN_POINT('Ctrl Pts',(-12.3940317815827,-6.85287081830969,-5.75498596183861));
#3357=CARTESIAN_POINT('Ctrl Pts',(-10.8882846559367,-4.03185138525685,-5.58224891855822));
#3358=CARTESIAN_POINT('Ctrl Pts',(-8.76058271749475,-2.44185617441392,-6.04392044310903));
#3359=CARTESIAN_POINT('Ctrl Pts',(-7.19333872028623,-2.11115149111901,-7.19843066080009));
#3360=CARTESIAN_POINT('Ctrl Pts',(-6.33746400416422,-2.36039540261796,-8.36408133354506));
#3361=CARTESIAN_POINT('Ctrl Pts',(-5.85143647783168,-3.0749396395038,-9.62312267903047));
#3362=CARTESIAN_POINT('Ctrl Pts',(-5.61600585486239,-4.50259798308037,-11.1270339925706));
#3363=CARTESIAN_POINT('Ctrl Pts',(-5.753139743214,-6.85368176477598,-12.4026445052285));
#3364=CARTESIAN_POINT('Ctrl Pts',(-5.83589805819327,-8.9501132009613,-12.7256549479536));
#3365=CARTESIAN_POINT('Ctrl Pts',(-5.83589805819327,-10.,-12.7256549479536));
#3366=CARTESIAN_POINT('Ctrl Pts',(-6.9611169760012,-10.,-10.5044205193065));
#3367=CARTESIAN_POINT('Ctrl Pts',(-6.9611169760012,-9.16009056076897,-10.5044205193065));
#3368=CARTESIAN_POINT('Ctrl Pts',(-6.92328852613155,-7.48294541182079,-10.3483845189759));
#3369=CARTESIAN_POINT('Ctrl Pts',(-6.87087015244805,-5.6020783864643,-9.73008665177791));
#3370=CARTESIAN_POINT('Ctrl Pts',(-7.01722356077273,-4.45995171160303,-8.99001951827337));
#3371=CARTESIAN_POINT('Ctrl Pts',(-7.29137899763479,-3.88831632209437,-8.35875909385353));
#3372=CARTESIAN_POINT('Ctrl Pts',(-7.75316711495185,-3.68892119289521,-7.75601869187398));
#3373=CARTESIAN_POINT('Ctrl Pts',(-8.56401793496617,-3.95348493953114,-7.13272883971741));
#3374=CARTESIAN_POINT('Ctrl Pts',(-9.6144845547204,-5.22548110820547,-6.85617874082364));
#3375=CARTESIAN_POINT('Ctrl Pts',(-10.3442179159591,-7.48229665464777,-6.92466912589224));
#3376=CARTESIAN_POINT('Ctrl Pts',(-10.5044205193065,-9.16009056076897,-6.96111697600121));
#3377=CARTESIAN_POINT('Ctrl Pts',(-10.5044205193065,-10.,-6.96111697600121));
#3378=CARTESIAN_POINT('Origin',(-10.9077042411031,0.,-5.00219833559423));
#3379=CARTESIAN_POINT('',(-10.5044205193065,0.,-6.9611169760012));
#3380=CARTESIAN_POINT('Origin',(0.,-51.,0.));
#3381=CARTESIAN_POINT('Origin',(0.,-50.,0.));
#3382=CARTESIAN_POINT('Origin',(-9.89949493661167,-49.,-9.89949493661167));
#3383=CARTESIAN_POINT('Origin',(-9.89949493661167,-49.,-9.89949493661167));
#3384=CARTESIAN_POINT('Origin',(-9.89949493661167,-50.,-9.89949493661167));
#3385=CARTESIAN_POINT('Origin',(-9.89949493661167,0.,-9.89949493661167));
#3386=CARTESIAN_POINT('Origin',(-9.89949493661167,-50.,-9.89949493661167));
#3387=CARTESIAN_POINT('Ctrl Pts',(-13.125,-49.,4.87179381747627));
#3388=CARTESIAN_POINT('Ctrl Pts',(-13.125,-49.1716941288813,4.87179381747627));
#3389=CARTESIAN_POINT('Ctrl Pts',(-13.1614145320614,-49.6561705128345,4.77216460235674));
#3390=CARTESIAN_POINT('Ctrl Pts',(-13.3734997205272,-50.4227776839626,4.18427004742108));
#3391=CARTESIAN_POINT('Ctrl Pts',(-13.6451529278212,-50.8989276794134,3.18670352450661));
#3392=CARTESIAN_POINT('Ctrl Pts',(-13.803841314207,-51.0023470612617,2.35953095737578));
#3393=CARTESIAN_POINT('Ctrl Pts',(-13.8609252038269,-51.000000000056,1.97710419816031));
#3394=CARTESIAN_POINT('Ctrl Pts',(-13.8846153846154,-51.000000000056,1.79372674097862));
#3395=CARTESIAN_POINT('Ctrl Pts',(-13.2075215563125,-49.,4.6494741817979));
#3396=CARTESIAN_POINT('Ctrl Pts',(-13.2075215563125,-49.1428475497357,4.6494741817979));
#3397=CARTESIAN_POINT('Ctrl Pts',(-13.2334260853872,-49.5470667881669,4.57259841966656));
#3398=CARTESIAN_POINT('Ctrl Pts',(-13.4076765370822,-50.263805994931,4.065521559311));
#3399=CARTESIAN_POINT('Ctrl Pts',(-13.653992349855,-50.7496195876478,3.14322072015628));
#3400=CARTESIAN_POINT('Ctrl Pts',(-13.8047267165959,-50.8681278314758,2.35333356928224));
#3401=CARTESIAN_POINT('Ctrl Pts',(-13.860819327809,-50.8675541807006,1.97844064168612));
#3402=CARTESIAN_POINT('Ctrl Pts',(-13.8846153846191,-50.8653129941101,1.7937267409791));
#3403=CARTESIAN_POINT('Ctrl Pts',(-13.3023939913405,-49.,4.14612872939004));
#3404=CARTESIAN_POINT('Ctrl Pts',(-13.3023939913405,-49.0880467481895,4.14612872939004));
#3405=CARTESIAN_POINT('Ctrl Pts',(-13.3126168820317,-49.3389143290279,4.10668170616798));
#3406=CARTESIAN_POINT('Ctrl Pts',(-13.4206985654302,-49.9373804284722,3.76471950918021));
#3407=CARTESIAN_POINT('Ctrl Pts',(-13.6206097703196,-50.4314778950201,3.01814943532958));
#3408=CARTESIAN_POINT('Ctrl Pts',(-13.7563520745044,-50.5777204196724,2.32079722963498));
#3409=CARTESIAN_POINT('Ctrl Pts',(-13.8081315629605,-50.5802507024014,1.96950681910764));
#3410=CARTESIAN_POINT('Ctrl Pts',(-13.8298841673026,-50.5717549730862,1.78665612034271));
#3411=CARTESIAN_POINT('Ctrl Pts',(-13.099651936834,-49.,3.20717416072214));
#3412=CARTESIAN_POINT('Ctrl Pts',(-13.099651936834,-49.0305572468201,3.20717416072214));
#3413=CARTESIAN_POINT('Ctrl Pts',(-13.0974309929017,-49.1178961256787,3.19973810231121));
#3414=CARTESIAN_POINT('Ctrl Pts',(-13.1532593764988,-49.5108142328375,3.09002608157468));
#3415=CARTESIAN_POINT('Ctrl Pts',(-13.3224776783132,-49.9550477880696,2.67533092931734));
#3416=CARTESIAN_POINT('Ctrl Pts',(-13.4430782611698,-50.1237492631935,2.17857725830503));
#3417=CARTESIAN_POINT('Ctrl Pts',(-13.4754019099269,-50.1314933518615,1.8981706933293));
#3418=CARTESIAN_POINT('Ctrl Pts',(-13.4780549936351,-50.1160445019616,1.74120398648215));
#3419=CARTESIAN_POINT('Ctrl Pts',(-12.647077602725,-49.,2.70113524267047));
#3420=CARTESIAN_POINT('Ctrl Pts',(-12.647077602725,-49.0391312662743,2.70113524267047));
#3421=CARTESIAN_POINT('Ctrl Pts',(-12.6571295661128,-49.1522004385783,2.69778081162084));
#3422=CARTESIAN_POINT('Ctrl Pts',(-12.7577748773701,-49.4702965377794,2.66579049595883));
#3423=CARTESIAN_POINT('Ctrl Pts',(-12.9654972585718,-49.8358041616025,2.41147148046398));
#3424=CARTESIAN_POINT('Ctrl Pts',(-13.0922886859537,-49.9919647908718,2.03859084610742));
#3425=CARTESIAN_POINT('Ctrl Pts',(-13.1083867251592,-50.0070985815691,1.81562535604423));
#3426=CARTESIAN_POINT('Ctrl Pts',(-13.0932225651585,-50.,1.69148822564666));
#3427=CARTESIAN_POINT('Ctrl Pts',(-12.35,-49.,2.50549396327351));
#3428=CARTESIAN_POINT('Ctrl Pts',(-12.35,-49.0572313762938,2.50549396327351));
#3429=CARTESIAN_POINT('Ctrl Pts',(-12.3773526394603,-49.2188048876264,2.50552181108431));
#3430=CARTESIAN_POINT('Ctrl Pts',(-12.5294379114088,-49.520004061085,2.4915441714238));
#3431=CARTESIAN_POINT('Ctrl Pts',(-12.7687133485663,-49.8384043240553,2.28931336734945));
#3432=CARTESIAN_POINT('Ctrl Pts',(-12.9037881631069,-49.9809931734242,1.96642637164348));
#3433=CARTESIAN_POINT('Ctrl Pts',(-12.9134802913114,-50.,1.77176249542008));
#3434=CARTESIAN_POINT('Ctrl Pts',(-12.8928571428571,-50.,1.66560340233729));
#3435=CARTESIAN_POINT('',(-12.35,-49.,2.50549396327351));
#3436=CARTESIAN_POINT('Origin',(-11.25,-49.,4.17582327212252));
#3437=CARTESIAN_POINT('',(-12.8928571428571,-50.,1.66560340233729));
#3438=CARTESIAN_POINT('Ctrl Pts',(-12.35,-49.,2.50549396327351));
#3439=CARTESIAN_POINT('Ctrl Pts',(-12.35,-49.0572313762938,2.50549396327351));
#3440=CARTESIAN_POINT('Ctrl Pts',(-12.3773526394603,-49.2188048876264,2.50552181108431));
#3441=CARTESIAN_POINT('Ctrl Pts',(-12.5294379114088,-49.520004061085,2.4915441714238));
#3442=CARTESIAN_POINT('Ctrl Pts',(-12.7687133485663,-49.8384043240553,2.28931336734945));
#3443=CARTESIAN_POINT('Ctrl Pts',(-12.9037881631069,-49.9809931734242,1.96642637164348));
#3444=CARTESIAN_POINT('Ctrl Pts',(-12.9134802913114,-50.,1.77176249542008));
#3445=CARTESIAN_POINT('Ctrl Pts',(-12.8928571428571,-50.,1.66560340233729));
#3446=CARTESIAN_POINT('Origin',(-12.8928571428571,-51.,1.66560340233729));
#3447=CARTESIAN_POINT('Ctrl Pts',(-13.8846153846154,-51.,-1.79372674097862));
#3448=CARTESIAN_POINT('Ctrl Pts',(-13.8609252038274,-51.,-1.97710419815653));
#3449=CARTESIAN_POINT('Ctrl Pts',(-13.8252444787069,-51.0016263289897,-2.2164466213872));
#3450=CARTESIAN_POINT('Ctrl Pts',(-13.7192335215627,-50.9558144269495,-2.81830991745896));
#3451=CARTESIAN_POINT('Ctrl Pts',(-13.527967877268,-50.7425816599244,-3.66630292251789));
#3452=CARTESIAN_POINT('Ctrl Pts',(-13.2772713438835,-50.1149684802238,-4.45062208549539));
#3453=CARTESIAN_POINT('Ctrl Pts',(-13.1503359983817,-49.4985408554653,-4.8038398608304));
#3454=CARTESIAN_POINT('Ctrl Pts',(-13.125,-49.1716941288813,-4.87179381747628));
#3455=CARTESIAN_POINT('Ctrl Pts',(-13.125,-49.,-4.87179381747628));
#3456=CARTESIAN_POINT('Ctrl Pts',(-13.8846153846154,-50.8653129940597,-1.79372674097862));
#3457=CARTESIAN_POINT('Ctrl Pts',(-13.8608193278057,-50.8675541806502,-1.97844064168189));
#3458=CARTESIAN_POINT('Ctrl Pts',(-13.8257135093973,-50.868090821446,-2.21305490229982));
#3459=CARTESIAN_POINT('Ctrl Pts',(-13.7240258508759,-50.8140916583083,-2.79322883374733));
#3460=CARTESIAN_POINT('Ctrl Pts',(-13.5454418184602,-50.5843007132342,-3.59191782370032));
#3461=CARTESIAN_POINT('Ctrl Pts',(-13.3273452678169,-49.9707886945696,-4.29764414249358));
#3462=CARTESIAN_POINT('Ctrl Pts',(-13.2261615211114,-49.4160144774156,-4.59596534733382));
#3463=CARTESIAN_POINT('Ctrl Pts',(-13.2075215563125,-49.1428475497357,-4.6494741817979));
#3464=CARTESIAN_POINT('Ctrl Pts',(-13.2075215563125,-49.,-4.6494741817979));
#3465=CARTESIAN_POINT('Ctrl Pts',(-13.8298841672922,-50.5717549730506,-1.78665612034136));
#3466=CARTESIAN_POINT('Ctrl Pts',(-13.8081315629503,-50.5802507023657,-1.96950681910268));
#3467=CARTESIAN_POINT('Ctrl Pts',(-13.7756065175126,-50.578737343675,-2.18945215108111));
#3468=CARTESIAN_POINT('Ctrl Pts',(-13.6834410665976,-50.5098934476443,-2.71296770375348));
#3469=CARTESIAN_POINT('Ctrl Pts',(-13.5275902931443,-50.2511059025703,-3.39333585858733));
#3470=CARTESIAN_POINT('Ctrl Pts',(-13.3687951926724,-49.6823192747008,-3.92488954882957));
#3471=CARTESIAN_POINT('Ctrl Pts',(-13.3107937631001,-49.2588267089307,-4.11714718455163));
#3472=CARTESIAN_POINT('Ctrl Pts',(-13.3023939913405,-49.0880467481895,-4.14612872939004));
#3473=CARTESIAN_POINT('Ctrl Pts',(-13.3023939913405,-49.,-4.14612872939004));
#3474=CARTESIAN_POINT('Ctrl Pts',(-13.4780549936248,-50.1160445019546,-1.74120398648082));
#3475=CARTESIAN_POINT('Ctrl Pts',(-13.4754019099164,-50.1314933518539,-1.89817069332516));
#3476=CARTESIAN_POINT('Ctrl Pts',(-13.4549710638894,-50.126497436695,-2.07369908675594));
#3477=CARTESIAN_POINT('Ctrl Pts',(-13.3805911235176,-50.0441744156186,-2.46393401402206));
#3478=CARTESIAN_POINT('Ctrl Pts',(-13.2380535316064,-49.7760205055213,-2.90410627417698));
#3479=CARTESIAN_POINT('Ctrl Pts',(-13.1240819975347,-49.333369896225,-3.14257548446835));
#3480=CARTESIAN_POINT('Ctrl Pts',(-13.0997796546506,-49.0920798996967,-3.20135476565469));
#3481=CARTESIAN_POINT('Ctrl Pts',(-13.099651936834,-49.0305572468201,-3.20717416072215));
#3482=CARTESIAN_POINT('Ctrl Pts',(-13.099651936834,-49.,-3.20717416072215));
#3483=CARTESIAN_POINT('Ctrl Pts',(-13.0932225651557,-50.,-1.6914882256463));
#3484=CARTESIAN_POINT('Ctrl Pts',(-13.1083867251558,-50.0070985815688,-1.81562535604164));
#3485=CARTESIAN_POINT('Ctrl Pts',(-13.0979914866893,-49.9971104013012,-1.95534303495093));
#3486=CARTESIAN_POINT('Ctrl Pts',(-13.0295891825366,-49.9167960200969,-2.25564834257226));
#3487=CARTESIAN_POINT('Ctrl Pts',(-12.8657745807352,-49.6830309076729,-2.56395946122676));
#3488=CARTESIAN_POINT('Ctrl Pts',(-12.7094578417069,-49.3305122038631,-2.68078475720365));
#3489=CARTESIAN_POINT('Ctrl Pts',(-12.6545995044687,-49.1165897271685,-2.69977350489958));
#3490=CARTESIAN_POINT('Ctrl Pts',(-12.647077602725,-49.0391312662743,-2.70113524267048));
#3491=CARTESIAN_POINT('Ctrl Pts',(-12.647077602725,-49.,-2.70113524267048));
#3492=CARTESIAN_POINT('Ctrl Pts',(-12.8928571428571,-50.,-1.66560340233729));
#3493=CARTESIAN_POINT('Ctrl Pts',(-12.9134802913109,-50.,-1.77176249541789));
#3494=CARTESIAN_POINT('Ctrl Pts',(-12.9072899546422,-49.987664917686,-1.89334126817666));
#3495=CARTESIAN_POINT('Ctrl Pts',(-12.8382835817311,-49.9115250717456,-2.15505433330249));
#3496=CARTESIAN_POINT('Ctrl Pts',(-12.6577991914248,-49.7046102269434,-2.41444758059691));
#3497=CARTESIAN_POINT('Ctrl Pts',(-12.4607230064775,-49.3938943048966,-2.49763174310824));
#3498=CARTESIAN_POINT('Ctrl Pts',(-12.368298066011,-49.167089436689,-2.50626381332726));
#3499=CARTESIAN_POINT('Ctrl Pts',(-12.35,-49.0572313762938,-2.50549396327351));
#3500=CARTESIAN_POINT('Ctrl Pts',(-12.35,-49.,-2.50549396327351));
#3501=CARTESIAN_POINT('',(-12.35,-49.,-2.50549396327351));
#3502=CARTESIAN_POINT('',(-12.8928571428571,-50.,-1.66560340233729));
#3503=CARTESIAN_POINT('Ctrl Pts',(-12.8928571428571,-50.,-1.66560340233729));
#3504=CARTESIAN_POINT('Ctrl Pts',(-12.9134802913109,-50.,-1.77176249541789));
#3505=CARTESIAN_POINT('Ctrl Pts',(-12.9072899546422,-49.987664917686,-1.89334126817666));
#3506=CARTESIAN_POINT('Ctrl Pts',(-12.8382835817311,-49.9115250717456,-2.15505433330249));
#3507=CARTESIAN_POINT('Ctrl Pts',(-12.6577991914248,-49.7046102269434,-2.41444758059691));
#3508=CARTESIAN_POINT('Ctrl Pts',(-12.4607230064775,-49.3938943048966,-2.49763174310824));
#3509=CARTESIAN_POINT('Ctrl Pts',(-12.368298066011,-49.167089436689,-2.50626381332726));
#3510=CARTESIAN_POINT('Ctrl Pts',(-12.35,-49.0572313762938,-2.50549396327351));
#3511=CARTESIAN_POINT('Ctrl Pts',(-12.35,-49.,-2.50549396327351));
#3512=CARTESIAN_POINT('Origin',(-11.25,-49.,-4.17582327212252));
#3513=CARTESIAN_POINT('Origin',(-12.8928571428571,-51.,-1.66560340233729));
#3514=CARTESIAN_POINT('Origin',(-11.25,0.,-4.17582327212252));
#3515=CARTESIAN_POINT('',(-12.35,-10.,-2.50549396327351));
#3516=CARTESIAN_POINT('Origin',(-11.25,-10.,-4.17582327212252));
#3517=CARTESIAN_POINT('',(-12.35,0.,-2.50549396327351));
#3518=CARTESIAN_POINT('Ctrl Pts',(-12.35,-10.,-2.50549396327351));
#3519=CARTESIAN_POINT('Ctrl Pts',(-12.35,-9.16009212861705,-2.50549396327351));
#3520=CARTESIAN_POINT('Ctrl Pts',(-12.2109622684527,-7.48236607792464,-2.41797795618245));
#3521=CARTESIAN_POINT('Ctrl Pts',(-11.646519987607,-5.2254898877505,-1.95041948716039));
#3522=CARTESIAN_POINT('Ctrl Pts',(-11.099321219987,-3.95354254357848,-1.01225873570674));
#3523=CARTESIAN_POINT('Ctrl Pts',(-10.9666437871906,-3.68889151520067,0.00194873839493168));
#3524=CARTESIAN_POINT('Ctrl Pts',(-11.0663192793706,-3.88831132424258,0.754720479336508));
#3525=CARTESIAN_POINT('Ctrl Pts',(-11.3188289839757,-4.45994529893442,1.39496763987447));
#3526=CARTESIAN_POINT('Ctrl Pts',(-11.7386337957893,-5.60204095121176,2.02172205274281));
#3527=CARTESIAN_POINT('Ctrl Pts',(-12.212908102561,-7.48290115485372,2.42191535412559));
#3528=CARTESIAN_POINT('Ctrl Pts',(-12.35,-9.16009212861705,2.50549396327351));
#3529=CARTESIAN_POINT('Ctrl Pts',(-12.35,-10.,2.50549396327351));
#3530=CARTESIAN_POINT('Ctrl Pts',(-12.7775576263066,-10.,-2.78706322416456));
#3531=CARTESIAN_POINT('Ctrl Pts',(-12.7775576263066,-9.10480148637868,-2.78706322416456));
#3532=CARTESIAN_POINT('Ctrl Pts',(-12.5909420698811,-7.3174014877621,-2.70354433017849));
#3533=CARTESIAN_POINT('Ctrl Pts',(-11.8382696612554,-4.94488891013046,-2.21781396125646));
#3534=CARTESIAN_POINT('Ctrl Pts',(-11.1265407245177,-3.62110145506795,-1.15605393524233));
#3535=CARTESIAN_POINT('Ctrl Pts',(-10.9571478548224,-3.34477191806418,0.00234122757154507));
#3536=CARTESIAN_POINT('Ctrl Pts',(-11.084467083241,-3.55288020019012,0.861762835739621));
#3537=CARTESIAN_POINT('Ctrl Pts',(-11.4115189594547,-4.14853339004954,1.58992817617998));
#3538=CARTESIAN_POINT('Ctrl Pts',(-11.9619828100319,-5.34058788572819,2.29019488673424));
#3539=CARTESIAN_POINT('Ctrl Pts',(-12.5932251481466,-7.31793070384507,2.7084590746437));
#3540=CARTESIAN_POINT('Ctrl Pts',(-12.7775576263066,-9.10480148637865,2.78706322416456));
#3541=CARTESIAN_POINT('Ctrl Pts',(-12.7775576263066,-10.,2.78706322416456));
#3542=CARTESIAN_POINT('Ctrl Pts',(-13.3227147589248,-10.,-3.57892108751463));
#3543=CARTESIAN_POINT('Ctrl Pts',(-13.3227147589248,-9.0090034500926,-3.57892108751463));
#3544=CARTESIAN_POINT('Ctrl Pts',(-13.0508079847692,-7.03061965164747,-3.4667706308127));
#3545=CARTESIAN_POINT('Ctrl Pts',(-11.9896856764717,-4.4552632803482,-2.82055201202996));
#3546=CARTESIAN_POINT('Ctrl Pts',(-11.0162803246141,-3.0399499498886,-1.45947247221348));
#3547=CARTESIAN_POINT('Ctrl Pts',(-10.7859289397424,-2.74313590930742,0.00286347827316041));
#3548=CARTESIAN_POINT('Ctrl Pts',(-10.9591490081384,-2.96648240130064,1.08799338231269));
#3549=CARTESIAN_POINT('Ctrl Pts',(-11.406011384552,-3.60441705210329,2.01490087890212));
#3550=CARTESIAN_POINT('Ctrl Pts',(-12.1639467220038,-4.88452550858891,2.91824317365103));
#3551=CARTESIAN_POINT('Ctrl Pts',(-13.0534945651126,-7.03123573350137,3.47291414106281));
#3552=CARTESIAN_POINT('Ctrl Pts',(-13.3227147589248,-9.00900345009253,3.57892108751463));
#3553=CARTESIAN_POINT('Ctrl Pts',(-13.3227147589248,-10.,3.57892108751463));
#3554=CARTESIAN_POINT('Ctrl Pts',(-13.2586117582208,-10.,-4.5118331146326));
#3555=CARTESIAN_POINT('Ctrl Pts',(-13.2586117582208,-8.95933363084762,-4.5118331146326));
#3556=CARTESIAN_POINT('Ctrl Pts',(-12.9640946311985,-6.88125746938511,-4.3504105402332));
#3557=CARTESIAN_POINT('Ctrl Pts',(-11.7870653469362,-4.12708636948589,-3.48402852490188));
#3558=CARTESIAN_POINT('Ctrl Pts',(-10.6562032275143,-2.59385884904566,-1.7867891612249));
#3559=CARTESIAN_POINT('Ctrl Pts',(-10.3803106244825,-2.27370437466383,0.00327402553774062));
#3560=CARTESIAN_POINT('Ctrl Pts',(-10.5874380692814,-2.51479535332883,1.33252425327343));
#3561=CARTESIAN_POINT('Ctrl Pts',(-11.11028546076,-3.20479302545269,2.47825328809085));
#3562=CARTESIAN_POINT('Ctrl Pts',(-11.9791191276285,-4.5864291455217,3.61703176140191));
#3563=CARTESIAN_POINT('Ctrl Pts',(-12.9681266728497,-6.88186932926949,4.35739283759313));
#3564=CARTESIAN_POINT('Ctrl Pts',(-13.2586117582208,-8.95933363084752,4.5118331146326));
#3565=CARTESIAN_POINT('Ctrl Pts',(-13.2586117582208,-10.,4.51183311463259));
#3566=CARTESIAN_POINT('Ctrl Pts',(-13.125,-10.,-4.87179381747627));
#3567=CARTESIAN_POINT('Ctrl Pts',(-13.125,-8.9501151607714,-4.87179381747627));
#3568=CARTESIAN_POINT('Ctrl Pts',(-12.8333232418266,-6.85295759740581,-4.69450076732077));
#3569=CARTESIAN_POINT('Ctrl Pts',(-11.6464326725341,-4.03186235968813,-3.7519373712902));
#3570=CARTESIAN_POINT('Ctrl Pts',(-10.468475568047,-2.44192817947311,-1.92131515596773));
#3571=CARTESIAN_POINT('Ctrl Pts',(-10.1765078577815,-2.11111439400084,0.0034768747684351));
#3572=CARTESIAN_POINT('Ctrl Pts',(-10.3955669325382,-2.36038915530322,1.43297913407994));
#3573=CARTESIAN_POINT('Ctrl Pts',(-10.9421637414181,-3.07493162366803,2.66696842852528));
#3574=CARTESIAN_POINT('Ctrl Pts',(-11.8390840535883,-4.5025511890147,3.89679300163246));
#3575=CARTESIAN_POINT('Ctrl Pts',(-12.8380586062713,-6.85362644356716,4.70191995129156));
#3576=CARTESIAN_POINT('Ctrl Pts',(-13.125,-8.9501151607713,4.87179381747627));
#3577=CARTESIAN_POINT('Ctrl Pts',(-13.125,-10.,4.87179381747627));
#3578=CARTESIAN_POINT('',(-12.35,-10.,2.50549396327351));
#3579=CARTESIAN_POINT('Origin',(-11.25,-10.,4.17582327212252));
#3580=CARTESIAN_POINT('Ctrl Pts',(-13.125,-10.,4.87179381747627));
#3581=CARTESIAN_POINT('Ctrl Pts',(-13.125,-8.9501151607713,4.87179381747627));
#3582=CARTESIAN_POINT('Ctrl Pts',(-12.8380586062713,-6.85362644356716,4.70191995129156));
#3583=CARTESIAN_POINT('Ctrl Pts',(-11.8390840535883,-4.5025511890147,3.89679300163246));
#3584=CARTESIAN_POINT('Ctrl Pts',(-10.9421637414181,-3.07493162366803,2.66696842852528));
#3585=CARTESIAN_POINT('Ctrl Pts',(-10.3955669325382,-2.36038915530322,1.43297913407994));
#3586=CARTESIAN_POINT('Ctrl Pts',(-10.1765078577815,-2.11111439400084,0.0034768747684351));
#3587=CARTESIAN_POINT('Ctrl Pts',(-10.468475568047,-2.44192817947311,-1.92131515596773));
#3588=CARTESIAN_POINT('Ctrl Pts',(-11.6464326725341,-4.03186235968813,-3.7519373712902));
#3589=CARTESIAN_POINT('Ctrl Pts',(-12.8333232418266,-6.85295759740581,-4.69450076732077));
#3590=CARTESIAN_POINT('Ctrl Pts',(-13.125,-8.9501151607714,-4.87179381747627));
#3591=CARTESIAN_POINT('Ctrl Pts',(-13.125,-10.,-4.87179381747627));
#3592=CARTESIAN_POINT('Ctrl Pts',(-12.35,-10.,-2.50549396327351));
#3593=CARTESIAN_POINT('Ctrl Pts',(-12.35,-9.16009212861705,-2.50549396327351));
#3594=CARTESIAN_POINT('Ctrl Pts',(-12.2109622684527,-7.48236607792464,-2.41797795618245));
#3595=CARTESIAN_POINT('Ctrl Pts',(-11.646519987607,-5.2254898877505,-1.95041948716039));
#3596=CARTESIAN_POINT('Ctrl Pts',(-11.099321219987,-3.95354254357848,-1.01225873570674));
#3597=CARTESIAN_POINT('Ctrl Pts',(-10.9666437871906,-3.68889151520067,0.00194873839493168));
#3598=CARTESIAN_POINT('Ctrl Pts',(-11.0663192793706,-3.88831132424258,0.754720479336508));
#3599=CARTESIAN_POINT('Ctrl Pts',(-11.3188289839757,-4.45994529893442,1.39496763987447));
#3600=CARTESIAN_POINT('Ctrl Pts',(-11.7386337957893,-5.60204095121176,2.02172205274281));
#3601=CARTESIAN_POINT('Ctrl Pts',(-12.212908102561,-7.48290115485372,2.42191535412559));
#3602=CARTESIAN_POINT('Ctrl Pts',(-12.35,-9.16009212861705,2.50549396327351));
#3603=CARTESIAN_POINT('Ctrl Pts',(-12.35,-10.,2.50549396327351));
#3604=CARTESIAN_POINT('Origin',(-11.25,0.,4.17582327212252));
#3605=CARTESIAN_POINT('',(-12.35,0.,2.50549396327351));
#3606=CARTESIAN_POINT('Origin',(0.,-51.,0.));
#3607=CARTESIAN_POINT('Origin',(0.,-50.,0.));
#3608=CARTESIAN_POINT('Origin',(-14.,-49.,-1.71450551880629E-15));
#3609=CARTESIAN_POINT('Origin',(-14.,-49.,-1.71450551880629E-15));
#3610=CARTESIAN_POINT('Origin',(-14.,-50.,-1.71450551880629E-15));
#3611=CARTESIAN_POINT('Origin',(-14.,0.,-1.71450551880629E-15));
#3612=CARTESIAN_POINT('Origin',(-14.,-50.,-1.71450551880629E-15));
#3613=CARTESIAN_POINT('Ctrl Pts',(-5.83589805819328,-49.,12.7256549479536));
#3614=CARTESIAN_POINT('Ctrl Pts',(-5.83589805819328,-49.1716941288813,12.7256549479536));
#3615=CARTESIAN_POINT('Ctrl Pts',(-5.90186292066389,-49.4985384626418,12.6955197737412));
#3616=CARTESIAN_POINT('Ctrl Pts',(-6.24138257970052,-50.1149651813692,12.535513717645));
#3617=CARTESIAN_POINT('Ctrl Pts',(-6.97324690726977,-50.7425751638503,12.1581863931886));
#3618=CARTESIAN_POINT('Ctrl Pts',(-7.70811465488897,-50.9558111075101,11.6938101486261));
#3619=CARTESIAN_POINT('Ctrl Pts',(-8.20865794963652,-51.001624003338,11.3431894536344));
#3620=CARTESIAN_POINT('Ctrl Pts',(-8.40313041951402,-51.000000000056,11.1991779907771));
#3621=CARTESIAN_POINT('Ctrl Pts',(-8.54954935048698,-51.000000000056,11.0862620347702));
#3622=CARTESIAN_POINT('Ctrl Pts',(-6.051453332235,-49.,12.6268027780371));
#3623=CARTESIAN_POINT('Ctrl Pts',(-6.051453332235,-49.1428475497357,12.6268027780371));
#3624=CARTESIAN_POINT('Ctrl Pts',(-6.10246838505886,-49.4160135377293,12.6021472528783));
#3625=CARTESIAN_POINT('Ctrl Pts',(-6.38496111836714,-49.9707870676898,12.4627497637756));
#3626=CARTESIAN_POINT('Ctrl Pts',(-7.03820047256644,-50.584296452606,12.1179443389481));
#3627=CARTESIAN_POINT('Ctrl Pts',(-7.72923833528558,-50.8140890540369,11.6794640499637));
#3628=CARTESIAN_POINT('Ctrl Pts',(-8.21138792984642,-50.8680889757034,11.3411230211633));
#3629=CARTESIAN_POINT('Ctrl Pts',(-8.40211054558401,-50.8675541807006,11.2000481334066));
#3630=CARTESIAN_POINT('Ctrl Pts',(-8.54954935048928,-50.8653129941101,11.0862620347732));
#3631=CARTESIAN_POINT('Ctrl Pts',(-6.47445287342289,-49.,12.337971803662));
#3632=CARTESIAN_POINT('Ctrl Pts',(-6.47445287342289,-49.0880467481895,12.337971803662));
#3633=CARTESIAN_POINT('Ctrl Pts',(-6.50088497668619,-49.2588251588497,12.3234185232843));
#3634=CARTESIAN_POINT('Ctrl Pts',(-6.67784588631065,-49.6823165905102,12.2284847309679));
#3635=CARTESIAN_POINT('Ctrl Pts',(-7.16599507219685,-50.2511009447356,11.964905574054));
#3636=CARTESIAN_POINT('Ctrl Pts',(-7.75729378432534,-50.5098932671068,11.5940160688276));
#3637=CARTESIAN_POINT('Ctrl Pts',(-8.19264696010323,-50.5787383419166,11.2890053753175));
#3638=CARTESIAN_POINT('Ctrl Pts',(-8.37117381036414,-50.5802548525838,11.1564776508511));
#3639=CARTESIAN_POINT('Ctrl Pts',(-8.51585019344435,-50.5717591232685,11.0425640958486));
#3640=CARTESIAN_POINT('Ctrl Pts',(-6.99502753719187,-49.,11.5306751691592));
#3641=CARTESIAN_POINT('Ctrl Pts',(-6.99502753719187,-49.0305572468201,11.5306751691592));
#3642=CARTESIAN_POINT('Ctrl Pts',(-6.99923318089836,-49.0920835552427,11.5266515829986));
#3643=CARTESIAN_POINT('Ctrl Pts',(-7.05798296488395,-49.3333751271686,11.5022729643584));
#3644=CARTESIAN_POINT('Ctrl Pts',(-7.3071985524307,-49.7760278742926,11.4142407237585));
#3645=CARTESIAN_POINT('Ctrl Pts',(-7.71924145631778,-50.044183192423,11.2037794675901));
#3646=CARTESIAN_POINT('Ctrl Pts',(-8.04777494487824,-50.1265070222596,10.980435958004));
#3647=CARTESIAN_POINT('Ctrl Pts',(-8.18634296469619,-50.1315042048923,10.8707629680834));
#3648=CARTESIAN_POINT('Ctrl Pts',(-8.2992112010094,-50.1160553549924,10.7616467587323));
#3649=CARTESIAN_POINT('Ctrl Pts',(-7.03284328808507,-49.,10.8528253820736));
#3650=CARTESIAN_POINT('Ctrl Pts',(-7.03284328808507,-49.0391312662743,10.8528253820736));
#3651=CARTESIAN_POINT('Ctrl Pts',(-7.03912852648439,-49.1165838628327,10.8571779661461));
#3652=CARTESIAN_POINT('Ctrl Pts',(-7.09134737941482,-49.3305037334669,10.8825403050303));
#3653=CARTESIAN_POINT('Ctrl Pts',(-7.28448885349049,-49.6830173072837,10.9104649070236));
#3654=CARTESIAN_POINT('Ctrl Pts',(-7.61832839814675,-49.916790134378,10.8082950841859));
#3655=CARTESIAN_POINT('Ctrl Pts',(-7.87904340687665,-49.9971059908921,10.6443154882469));
#3656=CARTESIAN_POINT('Ctrl Pts',(-7.98518814242265,-50.0070985815691,10.5528701451289));
#3657=CARTESIAN_POINT('Ctrl Pts',(-8.06224366875634,-50.,10.4543692580602));
#3658=CARTESIAN_POINT('Ctrl Pts',(-6.96111697600121,-49.,10.5044205193065));
#3659=CARTESIAN_POINT('Ctrl Pts',(-6.96111697600121,-49.0572313762938,10.5044205193065));
#3660=CARTESIAN_POINT('Ctrl Pts',(-6.97351191885559,-49.1670892597816,10.5179041144474));
#3661=CARTESIAN_POINT('Ctrl Pts',(-7.04497040614395,-49.3938942688604,10.5771549359146));
#3662=CARTESIAN_POINT('Ctrl Pts',(-7.24314521172421,-49.7046085194832,10.6576892315618));
#3663=CARTESIAN_POINT('Ctrl Pts',(-7.55418428218708,-49.9115236724877,10.60189198115));
#3664=CARTESIAN_POINT('Ctrl Pts',(-7.78803783508809,-49.9876640186875,10.4656278406258));
#3665=CARTESIAN_POINT('Ctrl Pts',(-7.87838420754157,-50.,10.3840347578686));
#3666=CARTESIAN_POINT('Ctrl Pts',(-7.93886725402363,-50.,10.2943861751438));
#3667=CARTESIAN_POINT('',(-6.96111697600121,-49.,10.5044205193065));
#3668=CARTESIAN_POINT('Origin',(-5.00219833559423,-49.,10.9077042411031));
#3669=CARTESIAN_POINT('',(-7.93886725402362,-50.,10.2943861751438));
#3670=CARTESIAN_POINT('Ctrl Pts',(-6.96111697600121,-49.,10.5044205193065));
#3671=CARTESIAN_POINT('Ctrl Pts',(-6.96111697600121,-49.0572313762938,10.5044205193065));
#3672=CARTESIAN_POINT('Ctrl Pts',(-6.97351191885559,-49.1670892597816,10.5179041144474));
#3673=CARTESIAN_POINT('Ctrl Pts',(-7.04497040614395,-49.3938942688604,10.5771549359146));
#3674=CARTESIAN_POINT('Ctrl Pts',(-7.24314521172421,-49.7046085194832,10.6576892315618));
#3675=CARTESIAN_POINT('Ctrl Pts',(-7.55418428218708,-49.9115236724877,10.60189198115));
#3676=CARTESIAN_POINT('Ctrl Pts',(-7.78803783508809,-49.9876640186875,10.4656278406258));
#3677=CARTESIAN_POINT('Ctrl Pts',(-7.87838420754157,-50.,10.3840347578686));
#3678=CARTESIAN_POINT('Ctrl Pts',(-7.93886725402363,-50.,10.2943861751438));
#3679=CARTESIAN_POINT('Origin',(-7.93886725402362,-51.,10.2943861751438));
#3680=CARTESIAN_POINT('Ctrl Pts',(-11.0862620347702,-51.,8.54954935048698));
#3681=CARTESIAN_POINT('Ctrl Pts',(-11.1991779907748,-51.,8.40313041951704));
#3682=CARTESIAN_POINT('Ctrl Pts',(-11.4299604972061,-51.0041801871769,8.09208156532311));
#3683=CARTESIAN_POINT('Ctrl Pts',(-11.7827735949493,-50.9224125011504,7.56987753885904));
#3684=CARTESIAN_POINT('Ctrl Pts',(-12.2177393733119,-50.6424017362937,6.8573047264764));
#3685=CARTESIAN_POINT('Ctrl Pts',(-12.5355105024262,-50.1157890556357,6.24173678161828));
#3686=CARTESIAN_POINT('Ctrl Pts',(-12.6955155286816,-49.498326704081,5.90178723302261));
#3687=CARTESIAN_POINT('Ctrl Pts',(-12.7256549479536,-49.1716941288812,5.83589805819326));
#3688=CARTESIAN_POINT('Ctrl Pts',(-12.7256549479536,-49.,5.83589805819326));
#3689=CARTESIAN_POINT('Ctrl Pts',(-11.0862620347702,-50.8653129940597,8.54954935048698));
#3690=CARTESIAN_POINT('Ctrl Pts',(-11.2000481334013,-50.8675541806502,8.40211054558464));
#3691=CARTESIAN_POINT('Ctrl Pts',(-11.4261034042718,-50.8698781231952,8.09705197039016));
#3692=CARTESIAN_POINT('Ctrl Pts',(-11.7635632659706,-50.777043880496,7.59891323376182));
#3693=CARTESIAN_POINT('Ctrl Pts',(-12.1724060835434,-50.4863715094218,6.93468402636936));
#3694=CARTESIAN_POINT('Ctrl Pts',(-12.4627390259222,-49.9715495263716,6.38530942201323));
#3695=CARTESIAN_POINT('Ctrl Pts',(-12.6021523786738,-49.4158029213732,6.102395933282));
#3696=CARTESIAN_POINT('Ctrl Pts',(-12.6268027780371,-49.1428475497357,6.05145333223499));
#3697=CARTESIAN_POINT('Ctrl Pts',(-12.6268027780371,-49.,6.05145333223499));
#3698=CARTESIAN_POINT('Ctrl Pts',(-11.0425640958402,-50.571759123233,8.51585019343791));
#3699=CARTESIAN_POINT('Ctrl Pts',(-11.1564776508404,-50.5802548525481,8.37117381036048));
#3700=CARTESIAN_POINT('Ctrl Pts',(-11.3687629655031,-50.5791451207126,8.08557497954494));
#3701=CARTESIAN_POINT('Ctrl Pts',(-11.6654421861984,-50.4661981163063,7.64497474798575));
#3702=CARTESIAN_POINT('Ctrl Pts',(-12.0065288999162,-50.1604828239658,7.08873636929591));
#3703=CARTESIAN_POINT('Ctrl Pts',(-12.2284754122918,-49.682963004829,6.67813078202323));
#3704=CARTESIAN_POINT('Ctrl Pts',(-12.3234208378315,-49.2586671962541,6.50085273867796));
#3705=CARTESIAN_POINT('Ctrl Pts',(-12.337971803662,-49.0880467481895,6.47445287342288));
#3706=CARTESIAN_POINT('Ctrl Pts',(-12.337971803662,-49.,6.47445287342288));
#3707=CARTESIAN_POINT('Ctrl Pts',(-10.7616467587241,-50.1160553549854,8.29921120100306));
#3708=CARTESIAN_POINT('Ctrl Pts',(-10.870762968073,-50.1315042048847,8.18634296469167));
#3709=CARTESIAN_POINT('Ctrl Pts',(-11.0465248429782,-50.1242822370036,7.96412108384609));
#3710=CARTESIAN_POINT('Ctrl Pts',(-11.2451030824711,-49.9966175400078,7.63925941060953));
#3711=CARTESIAN_POINT('Ctrl Pts',(-11.4282128072002,-49.7055505820013,7.26792582910084));
#3712=CARTESIAN_POINT('Ctrl Pts',(-11.5023092894043,-49.3338160159209,7.05795281491316));
#3713=CARTESIAN_POINT('Ctrl Pts',(-11.5266700060177,-49.0919650211852,6.99924867893273));
#3714=CARTESIAN_POINT('Ctrl Pts',(-11.5306751691592,-49.0305572468201,6.99502753719187));
#3715=CARTESIAN_POINT('Ctrl Pts',(-11.5306751691592,-49.,6.99502753719187));
#3716=CARTESIAN_POINT('Ctrl Pts',(-10.454369258058,-50.,8.06224366875461));
#3717=CARTESIAN_POINT('Ctrl Pts',(-10.5528701451247,-50.0070985815688,7.98518814242212));
#3718=CARTESIAN_POINT('Ctrl Pts',(-10.6994062056366,-49.9917518400777,7.81476975985987));
#3719=CARTESIAN_POINT('Ctrl Pts',(-10.8293419350968,-49.8749008868839,7.55247927443449));
#3720=CARTESIAN_POINT('Ctrl Pts',(-10.9059614583217,-49.6271904002582,7.25481851157256));
#3721=CARTESIAN_POINT('Ctrl Pts',(-10.8826422289174,-49.3308868655654,7.09100713730794));
#3722=CARTESIAN_POINT('Ctrl Pts',(-10.8571643041757,-49.1165644659352,7.03929936045768));
#3723=CARTESIAN_POINT('Ctrl Pts',(-10.8528253820736,-49.0391312662743,7.03284328808507));
#3724=CARTESIAN_POINT('Ctrl Pts',(-10.8528253820736,-49.,7.03284328808507));
#3725=CARTESIAN_POINT('Ctrl Pts',(-10.2943861751438,-50.,7.93886725402362));
#3726=CARTESIAN_POINT('Ctrl Pts',(-10.3840347578668,-50.,7.87838420754281));
#3727=CARTESIAN_POINT('Ctrl Pts',(-10.5148687481326,-49.9806181620603,7.7327268897874));
#3728=CARTESIAN_POINT('Ctrl Pts',(-10.6143028416905,-49.874534074755,7.49256963267779));
#3729=CARTESIAN_POINT('Ctrl Pts',(-10.6449075096306,-49.6551495467957,7.21242835110966));
#3730=CARTESIAN_POINT('Ctrl Pts',(-10.5772785442906,-49.3942675063458,7.04451972571786));
#3731=CARTESIAN_POINT('Ctrl Pts',(-10.5178937965534,-49.167010814627,6.97362360217139));
#3732=CARTESIAN_POINT('Ctrl Pts',(-10.5044205193065,-49.0572313762938,6.9611169760012));
#3733=CARTESIAN_POINT('Ctrl Pts',(-10.5044205193065,-49.,6.9611169760012));
#3734=CARTESIAN_POINT('',(-10.5044205193065,-49.,6.9611169760012));
#3735=CARTESIAN_POINT('',(-10.2943861751438,-50.,7.93886725402362));
#3736=CARTESIAN_POINT('Ctrl Pts',(-10.2943861751438,-50.,7.93886725402362));
#3737=CARTESIAN_POINT('Ctrl Pts',(-10.3840347578668,-50.,7.87838420754281));
#3738=CARTESIAN_POINT('Ctrl Pts',(-10.5148687481326,-49.9806181620603,7.7327268897874));
#3739=CARTESIAN_POINT('Ctrl Pts',(-10.6143028416905,-49.874534074755,7.49256963267779));
#3740=CARTESIAN_POINT('Ctrl Pts',(-10.6449075096306,-49.6551495467957,7.21242835110966));
#3741=CARTESIAN_POINT('Ctrl Pts',(-10.5772785442906,-49.3942675063458,7.04451972571786));
#3742=CARTESIAN_POINT('Ctrl Pts',(-10.5178937965534,-49.167010814627,6.97362360217139));
#3743=CARTESIAN_POINT('Ctrl Pts',(-10.5044205193065,-49.0572313762938,6.9611169760012));
#3744=CARTESIAN_POINT('Ctrl Pts',(-10.5044205193065,-49.,6.9611169760012));
#3745=CARTESIAN_POINT('Origin',(-10.9077042411031,-49.,5.00219833559423));
#3746=CARTESIAN_POINT('Origin',(-10.2943861751438,-51.,7.93886725402362));
#3747=CARTESIAN_POINT('Origin',(-10.9077042411031,0.,5.00219833559423));
#3748=CARTESIAN_POINT('',(-10.5044205193065,-10.,6.9611169760012));
#3749=CARTESIAN_POINT('Origin',(-10.9077042411031,-10.,5.00219833559423));
#3750=CARTESIAN_POINT('',(-10.5044205193065,0.,6.9611169760012));
#3751=CARTESIAN_POINT('Ctrl Pts',(-10.5044205193065,-10.,6.9611169760012));
#3752=CARTESIAN_POINT('Ctrl Pts',(-10.5044205193065,-9.16009056076897,6.9611169760012));
#3753=CARTESIAN_POINT('Ctrl Pts',(-10.3442312551827,-7.48235963688927,6.92467005914199));
#3754=CARTESIAN_POINT('Ctrl Pts',(-9.6144853100275,-5.22547971175502,6.85618590262438));
#3755=CARTESIAN_POINT('Ctrl Pts',(-8.56408329018329,-3.95354434927719,7.13269952436518));
#3756=CARTESIAN_POINT('Ctrl Pts',(-7.75320714644793,-3.68891826764528,7.75597867112036));
#3757=CARTESIAN_POINT('Ctrl Pts',(-7.29141365564345,-3.88828548718635,8.35870096795846));
#3758=CARTESIAN_POINT('Ctrl Pts',(-7.01723322716208,-4.45990718866566,8.98998495029237));
#3759=CARTESIAN_POINT('Ctrl Pts',(-6.87087208012973,-5.60205227857013,9.73006661665888));
#3760=CARTESIAN_POINT('Ctrl Pts',(-6.92328442132049,-7.4828881751028,10.3483805116338));
#3761=CARTESIAN_POINT('Ctrl Pts',(-6.96111697600121,-9.16009056076897,10.5044205193065));
#3762=CARTESIAN_POINT('Ctrl Pts',(-6.96111697600121,-10.,10.5044205193065));
#3763=CARTESIAN_POINT('Ctrl Pts',(-11.0058489499657,-10.,7.06434633916089));
#3764=CARTESIAN_POINT('Ctrl Pts',(-11.0058489499657,-9.10479981532007,7.06434633916089));
#3765=CARTESIAN_POINT('Ctrl Pts',(-10.8148423704161,-7.3173871161238,6.99142962318854));
#3766=CARTESIAN_POINT('Ctrl Pts',(-9.93914197096655,-4.94487222216251,6.80268210118318));
#3767=CARTESIAN_POINT('Ctrl Pts',(-8.68497418523752,-3.62109862645584,7.05026446004129));
#3768=CARTESIAN_POINT('Ctrl Pts',(-7.74619568964491,-3.34479804996965,7.74952825835401));
#3769=CARTESIAN_POINT('Ctrl Pts',(-7.22853587493716,-3.55285158197276,8.447203878667));
#3770=CARTESIAN_POINT('Ctrl Pts',(-6.94489898998716,-4.14849134218069,9.19336903060027));
#3771=CARTESIAN_POINT('Ctrl Pts',(-6.83895366323671,-5.34059720596384,10.0778330896413));
#3772=CARTESIAN_POINT('Ctrl Pts',(-6.98960019208406,-7.31790807101117,10.8199216155663));
#3773=CARTESIAN_POINT('Ctrl Pts',(-7.06434633916089,-9.10479981532004,11.0058489499657));
#3774=CARTESIAN_POINT('Ctrl Pts',(-7.06434633916089,-10.,11.0058489499657));
#3775=CARTESIAN_POINT('Ctrl Pts',(-11.9512568666588,-10.,6.88989523616502));
#3776=CARTESIAN_POINT('Ctrl Pts',(-11.9512568666588,-9.00900160020869,6.88989523616502));
#3777=CARTESIAN_POINT('Ctrl Pts',(-11.6796984688288,-7.03062209516301,6.7769009651095));
#3778=CARTESIAN_POINT('Ctrl Pts',(-10.4724166854703,-4.45524790562239,6.48356456600138));
#3779=CARTESIAN_POINT('Ctrl Pts',(-8.82155356668078,-3.03994171076797,6.75778986504006));
#3780=CARTESIAN_POINT('Ctrl Pts',(-7.62478177090514,-2.74316181663762,7.62885301048824));
#3781=CARTESIAN_POINT('Ctrl Pts',(-6.97998041639664,-2.96645170313279,8.51856416442566));
#3782=CARTESIAN_POINT('Ctrl Pts',(-6.64051996164846,-3.60437615642779,9.48997644144477));
#3783=CARTESIAN_POINT('Ctrl Pts',(-6.5376686902749,-4.88454333124134,10.6647568900347));
#3784=CARTESIAN_POINT('Ctrl Pts',(-6.77448324748398,-7.0312225728517,11.6859277760292));
#3785=CARTESIAN_POINT('Ctrl Pts',(-6.88989523616502,-9.00900160020862,11.9512568666588));
#3786=CARTESIAN_POINT('Ctrl Pts',(-6.88989523616502,-10.,11.9512568666588));
#3787=CARTESIAN_POINT('Ctrl Pts',(-12.5656020742964,-10.,6.1849064924189));
#3788=CARTESIAN_POINT('Ctrl Pts',(-12.5656020742964,-8.95933168824554,6.1849064924189));
#3789=CARTESIAN_POINT('Ctrl Pts',(-12.2432170130185,-6.88124490330033,6.09076319843964));
#3790=CARTESIAN_POINT('Ctrl Pts',(-10.7982842126933,-4.12706765705922,5.87114061641472));
#3791=CARTESIAN_POINT('Ctrl Pts',(-8.79834405691022,-2.59385467801966,6.27172805727545));
#3792=CARTESIAN_POINT('Ctrl Pts',(-7.33766524136397,-2.27373398411162,7.34231768916156));
#3793=CARTESIAN_POINT('Ctrl Pts',(-6.54422804063602,-2.51476192991033,8.42860913363955));
#3794=CARTESIAN_POINT('Ctrl Pts',(-6.10376949659679,-3.20474486386368,9.60848966371537));
#3795=CARTESIAN_POINT('Ctrl Pts',(-5.91284936550263,-4.58644136235655,11.0281859154306));
#3796=CARTESIAN_POINT('Ctrl Pts',(-6.08871357587801,-6.88184588394955,12.2509896828254));
#3797=CARTESIAN_POINT('Ctrl Pts',(-6.1849064924189,-8.95933168824544,12.5656020742964));
#3798=CARTESIAN_POINT('Ctrl Pts',(-6.1849064924189,-10.,12.5656020742964));
#3799=CARTESIAN_POINT('Ctrl Pts',(-12.7256549479536,-10.,5.83589805819327));
#3800=CARTESIAN_POINT('Ctrl Pts',(-12.7256549479536,-8.95011320096128,5.83589805819327));
#3801=CARTESIAN_POINT('Ctrl Pts',(-12.3940590959849,-6.85294954611157,5.75498859982062));
#3802=CARTESIAN_POINT('Ctrl Pts',(-10.8882873588314,-4.0318496396938,5.58226257868279));
#3803=CARTESIAN_POINT('Ctrl Pts',(-8.76071307388123,-2.44193043659648,6.04386839247283));
#3804=CARTESIAN_POINT('Ctrl Pts',(-7.1934143479601,-2.1111478345566,7.19835514234702));
#3805=CARTESIAN_POINT('Ctrl Pts',(-6.33752737217759,-2.36035685898293,8.36396680841975));
#3806=CARTESIAN_POINT('Ctrl Pts',(-5.85145286542144,-3.07488398583207,9.62305284063927));
#3807=CARTESIAN_POINT('Ctrl Pts',(-5.6160085600017,-4.50256534821265,11.1269929775461));
#3808=CARTESIAN_POINT('Ctrl Pts',(-5.75313154192146,-6.85361021887851,12.4026359661252));
#3809=CARTESIAN_POINT('Ctrl Pts',(-5.83589805819327,-8.95011320096119,12.7256549479536));
#3810=CARTESIAN_POINT('Ctrl Pts',(-5.83589805819327,-10.,12.7256549479536));
#3811=CARTESIAN_POINT('',(-6.96111697600121,-10.,10.5044205193065));
#3812=CARTESIAN_POINT('Origin',(-5.00219833559423,-10.,10.9077042411031));
#3813=CARTESIAN_POINT('Ctrl Pts',(-5.83589805819327,-10.,12.7256549479536));
#3814=CARTESIAN_POINT('Ctrl Pts',(-5.83589805819327,-8.95011320096119,12.7256549479536));
#3815=CARTESIAN_POINT('Ctrl Pts',(-5.75313154192146,-6.85361021887851,12.4026359661252));
#3816=CARTESIAN_POINT('Ctrl Pts',(-5.6160085600017,-4.50256534821265,11.1269929775461));
#3817=CARTESIAN_POINT('Ctrl Pts',(-5.85145286542144,-3.07488398583207,9.62305284063927));
#3818=CARTESIAN_POINT('Ctrl Pts',(-6.33752737217759,-2.36035685898293,8.36396680841975));
#3819=CARTESIAN_POINT('Ctrl Pts',(-7.1934143479601,-2.1111478345566,7.19835514234702));
#3820=CARTESIAN_POINT('Ctrl Pts',(-8.76071307388123,-2.44193043659648,6.04386839247283));
#3821=CARTESIAN_POINT('Ctrl Pts',(-10.8882873588314,-4.0318496396938,5.58226257868279));
#3822=CARTESIAN_POINT('Ctrl Pts',(-12.3940590959849,-6.85294954611157,5.75498859982062));
#3823=CARTESIAN_POINT('Ctrl Pts',(-12.7256549479536,-8.95011320096128,5.83589805819327));
#3824=CARTESIAN_POINT('Ctrl Pts',(-12.7256549479536,-10.,5.83589805819327));
#3825=CARTESIAN_POINT('Ctrl Pts',(-10.5044205193065,-10.,6.9611169760012));
#3826=CARTESIAN_POINT('Ctrl Pts',(-10.5044205193065,-9.16009056076897,6.9611169760012));
#3827=CARTESIAN_POINT('Ctrl Pts',(-10.3442312551827,-7.48235963688927,6.92467005914199));
#3828=CARTESIAN_POINT('Ctrl Pts',(-9.6144853100275,-5.22547971175502,6.85618590262438));
#3829=CARTESIAN_POINT('Ctrl Pts',(-8.56408329018329,-3.95354434927719,7.13269952436518));
#3830=CARTESIAN_POINT('Ctrl Pts',(-7.75320714644793,-3.68891826764528,7.75597867112036));
#3831=CARTESIAN_POINT('Ctrl Pts',(-7.29141365564345,-3.88828548718635,8.35870096795846));
#3832=CARTESIAN_POINT('Ctrl Pts',(-7.01723322716208,-4.45990718866566,8.98998495029237));
#3833=CARTESIAN_POINT('Ctrl Pts',(-6.87087208012973,-5.60205227857013,9.73006661665888));
#3834=CARTESIAN_POINT('Ctrl Pts',(-6.92328442132049,-7.4828881751028,10.3483805116338));
#3835=CARTESIAN_POINT('Ctrl Pts',(-6.96111697600121,-9.16009056076897,10.5044205193065));
#3836=CARTESIAN_POINT('Ctrl Pts',(-6.96111697600121,-10.,10.5044205193065));
#3837=CARTESIAN_POINT('Origin',(-5.00219833559423,0.,10.9077042411031));
#3838=CARTESIAN_POINT('',(-6.96111697600121,0.,10.5044205193065));
#3839=CARTESIAN_POINT('Origin',(0.,-51.,0.));
#3840=CARTESIAN_POINT('Origin',(0.,-50.,0.));
#3841=CARTESIAN_POINT('Origin',(-9.89949493661167,-49.,9.89949493661166));
#3842=CARTESIAN_POINT('Origin',(-9.89949493661167,-49.,9.89949493661166));
#3843=CARTESIAN_POINT('Origin',(-9.89949493661167,-50.,9.89949493661166));
#3844=CARTESIAN_POINT('Origin',(-9.89949493661167,0.,9.89949493661166));
#3845=CARTESIAN_POINT('Origin',(-9.89949493661167,-50.,9.89949493661166));
#3846=CARTESIAN_POINT('Ctrl Pts',(4.87179381747627,-49.,13.125));
#3847=CARTESIAN_POINT('Ctrl Pts',(4.87179381747627,-49.1716941288813,13.125));
#3848=CARTESIAN_POINT('Ctrl Pts',(4.77216460235674,-49.6561705128345,13.1614145320614));
#3849=CARTESIAN_POINT('Ctrl Pts',(4.18427004742108,-50.4227776839626,13.3734997205271));
#3850=CARTESIAN_POINT('Ctrl Pts',(3.1867035245066,-50.8989276794134,13.6451529278212));
#3851=CARTESIAN_POINT('Ctrl Pts',(2.35953095737577,-51.0023470612617,13.803841314207));
#3852=CARTESIAN_POINT('Ctrl Pts',(1.97710419816031,-51.000000000056,13.8609252038269));
#3853=CARTESIAN_POINT('Ctrl Pts',(1.79372674097862,-51.000000000056,13.8846153846154));
#3854=CARTESIAN_POINT('Ctrl Pts',(4.6494741817979,-49.,13.2075215563125));
#3855=CARTESIAN_POINT('Ctrl Pts',(4.6494741817979,-49.1428475497357,13.2075215563125));
#3856=CARTESIAN_POINT('Ctrl Pts',(4.57259841966656,-49.547066788167,13.2334260853872));
#3857=CARTESIAN_POINT('Ctrl Pts',(4.065521559311,-50.263805994931,13.4076765370822));
#3858=CARTESIAN_POINT('Ctrl Pts',(3.14322072015627,-50.7496195876478,13.653992349855));
#3859=CARTESIAN_POINT('Ctrl Pts',(2.35333356928224,-50.8681278314758,13.8047267165959));
#3860=CARTESIAN_POINT('Ctrl Pts',(1.97844064168612,-50.8675541807006,13.860819327809));
#3861=CARTESIAN_POINT('Ctrl Pts',(1.7937267409791,-50.8653129941101,13.8846153846191));
#3862=CARTESIAN_POINT('Ctrl Pts',(4.14612872939003,-49.,13.3023939913405));
#3863=CARTESIAN_POINT('Ctrl Pts',(4.14612872939003,-49.0880467481895,13.3023939913405));
#3864=CARTESIAN_POINT('Ctrl Pts',(4.10668170616798,-49.3389143290279,13.3126168820317));
#3865=CARTESIAN_POINT('Ctrl Pts',(3.76471950918021,-49.9373804284722,13.4206985654302));
#3866=CARTESIAN_POINT('Ctrl Pts',(3.01814943532957,-50.4314778950202,13.6206097703196));
#3867=CARTESIAN_POINT('Ctrl Pts',(2.32079722963498,-50.5777204196724,13.7563520745044));
#3868=CARTESIAN_POINT('Ctrl Pts',(1.96950681910764,-50.5802507024014,13.8081315629605));
#3869=CARTESIAN_POINT('Ctrl Pts',(1.7866561203427,-50.5717549730862,13.8298841673026));
#3870=CARTESIAN_POINT('Ctrl Pts',(3.20717416072214,-49.,13.0996519368341));
#3871=CARTESIAN_POINT('Ctrl Pts',(3.20717416072214,-49.0305572468201,13.0996519368341));
#3872=CARTESIAN_POINT('Ctrl Pts',(3.19973810231121,-49.1178961256787,13.0974309929017));
#3873=CARTESIAN_POINT('Ctrl Pts',(3.09002608157468,-49.5108142328375,13.1532593764988));
#3874=CARTESIAN_POINT('Ctrl Pts',(2.67533092931733,-49.9550477880696,13.3224776783132));
#3875=CARTESIAN_POINT('Ctrl Pts',(2.17857725830503,-50.1237492631935,13.4430782611698));
#3876=CARTESIAN_POINT('Ctrl Pts',(1.8981706933293,-50.1314933518616,13.4754019099269));
#3877=CARTESIAN_POINT('Ctrl Pts',(1.74120398648214,-50.1160445019616,13.4780549936351));
#3878=CARTESIAN_POINT('Ctrl Pts',(2.70113524267047,-49.,12.647077602725));
#3879=CARTESIAN_POINT('Ctrl Pts',(2.70113524267047,-49.0391312662743,12.647077602725));
#3880=CARTESIAN_POINT('Ctrl Pts',(2.69778081162084,-49.1522004385783,12.6571295661128));
#3881=CARTESIAN_POINT('Ctrl Pts',(2.66579049595883,-49.4702965377794,12.7577748773701));
#3882=CARTESIAN_POINT('Ctrl Pts',(2.41147148046398,-49.8358041616025,12.9654972585718));
#3883=CARTESIAN_POINT('Ctrl Pts',(2.03859084610741,-49.9919647908718,13.0922886859537));
#3884=CARTESIAN_POINT('Ctrl Pts',(1.81562535604423,-50.0070985815691,13.1083867251592));
#3885=CARTESIAN_POINT('Ctrl Pts',(1.69148822564666,-50.,13.0932225651585));
#3886=CARTESIAN_POINT('Ctrl Pts',(2.50549396327351,-49.,12.35));
#3887=CARTESIAN_POINT('Ctrl Pts',(2.50549396327351,-49.0572313762938,12.35));
#3888=CARTESIAN_POINT('Ctrl Pts',(2.50552181108431,-49.2188048876264,12.3773526394603));
#3889=CARTESIAN_POINT('Ctrl Pts',(2.4915441714238,-49.520004061085,12.5294379114088));
#3890=CARTESIAN_POINT('Ctrl Pts',(2.28931336734945,-49.8384043240553,12.7687133485663));
#3891=CARTESIAN_POINT('Ctrl Pts',(1.96642637164348,-49.9809931734242,12.9037881631069));
#3892=CARTESIAN_POINT('Ctrl Pts',(1.77176249542008,-50.,12.9134802913114));
#3893=CARTESIAN_POINT('Ctrl Pts',(1.66560340233729,-50.,12.8928571428571));
#3894=CARTESIAN_POINT('',(2.50549396327351,-49.,12.35));
#3895=CARTESIAN_POINT('Origin',(4.17582327212251,-49.,11.25));
#3896=CARTESIAN_POINT('',(1.66560340233729,-50.,12.8928571428571));
#3897=CARTESIAN_POINT('Ctrl Pts',(2.50549396327351,-49.,12.35));
#3898=CARTESIAN_POINT('Ctrl Pts',(2.50549396327351,-49.0572313762938,12.35));
#3899=CARTESIAN_POINT('Ctrl Pts',(2.50552181108431,-49.2188048876264,12.3773526394603));
#3900=CARTESIAN_POINT('Ctrl Pts',(2.4915441714238,-49.520004061085,12.5294379114088));
#3901=CARTESIAN_POINT('Ctrl Pts',(2.28931336734945,-49.8384043240553,12.7687133485663));
#3902=CARTESIAN_POINT('Ctrl Pts',(1.96642637164348,-49.9809931734242,12.9037881631069));
#3903=CARTESIAN_POINT('Ctrl Pts',(1.77176249542008,-50.,12.9134802913114));
#3904=CARTESIAN_POINT('Ctrl Pts',(1.66560340233729,-50.,12.8928571428571));
#3905=CARTESIAN_POINT('Origin',(1.66560340233729,-51.,12.8928571428571));
#3906=CARTESIAN_POINT('Ctrl Pts',(-1.79372674097862,-51.,13.8846153846154));
#3907=CARTESIAN_POINT('Ctrl Pts',(-1.97710419815652,-51.,13.8609252038274));
#3908=CARTESIAN_POINT('Ctrl Pts',(-2.35953095737531,-51.0023470612198,13.8038413142069));
#3909=CARTESIAN_POINT('Ctrl Pts',(-3.18670352449978,-50.8989276793802,13.6451529278231));
#3910=CARTESIAN_POINT('Ctrl Pts',(-4.18427004742838,-50.4227776839445,13.373499720524));
#3911=CARTESIAN_POINT('Ctrl Pts',(-4.77216460235437,-49.6561705128176,13.1614145320618));
#3912=CARTESIAN_POINT('Ctrl Pts',(-4.87179381747627,-49.1716941288813,13.125));
#3913=CARTESIAN_POINT('Ctrl Pts',(-4.87179381747627,-49.,13.125));
#3914=CARTESIAN_POINT('Ctrl Pts',(-1.79372674097862,-50.8653129940597,13.8846153846154));
#3915=CARTESIAN_POINT('Ctrl Pts',(-1.97844064168189,-50.8675541806502,13.8608193278057));
#3916=CARTESIAN_POINT('Ctrl Pts',(-2.35333356928134,-50.8681278314381,13.8047267165931));
#3917=CARTESIAN_POINT('Ctrl Pts',(-3.14322072014956,-50.749619587618,13.6539923498544));
#3918=CARTESIAN_POINT('Ctrl Pts',(-4.0655215593174,-50.2638059949147,13.4076765370788));
#3919=CARTESIAN_POINT('Ctrl Pts',(-4.57259841966417,-49.5470667881516,13.2334260853867));
#3920=CARTESIAN_POINT('Ctrl Pts',(-4.6494741817979,-49.1428475497357,13.2075215563125));
#3921=CARTESIAN_POINT('Ctrl Pts',(-4.6494741817979,-49.,13.2075215563125));
#3922=CARTESIAN_POINT('Ctrl Pts',(-1.78665612034135,-50.5717549730506,13.8298841672922));
#3923=CARTESIAN_POINT('Ctrl Pts',(-1.96950681910267,-50.5802507023657,13.8081315629503));
#3924=CARTESIAN_POINT('Ctrl Pts',(-2.3207972296333,-50.5777204196457,13.7563520744967));
#3925=CARTESIAN_POINT('Ctrl Pts',(-3.01814943532332,-50.4314778949991,13.6206097703144));
#3926=CARTESIAN_POINT('Ctrl Pts',(-3.76471950918453,-49.9373804284606,13.4206985654265));
#3927=CARTESIAN_POINT('Ctrl Pts',(-4.10668170616562,-49.3389143290165,13.3126168820292));
#3928=CARTESIAN_POINT('Ctrl Pts',(-4.14612872939004,-49.0880467481895,13.3023939913405));
#3929=CARTESIAN_POINT('Ctrl Pts',(-4.14612872939004,-49.,13.3023939913405));
#3930=CARTESIAN_POINT('Ctrl Pts',(-1.74120398648082,-50.1160445019546,13.4780549936248));
#3931=CARTESIAN_POINT('Ctrl Pts',(-1.89817069332516,-50.1314933518539,13.4754019099164));
#3932=CARTESIAN_POINT('Ctrl Pts',(-2.17857725830334,-50.1237492631879,13.4430782611622));
#3933=CARTESIAN_POINT('Ctrl Pts',(-2.67533092931299,-49.9550477880653,13.3224776783072));
#3934=CARTESIAN_POINT('Ctrl Pts',(-3.09002608157623,-49.5108142328342,13.1532593764964));
#3935=CARTESIAN_POINT('Ctrl Pts',(-3.1997381023096,-49.1178961256751,13.0974309928988));
#3936=CARTESIAN_POINT('Ctrl Pts',(-3.20717416072215,-49.0305572468201,13.099651936834));
#3937=CARTESIAN_POINT('Ctrl Pts',(-3.20717416072215,-49.,13.099651936834));
#3938=CARTESIAN_POINT('Ctrl Pts',(-1.6914882256463,-50.,13.0932225651557));
#3939=CARTESIAN_POINT('Ctrl Pts',(-1.81562535604164,-50.0070985815688,13.1083867251558));
#3940=CARTESIAN_POINT('Ctrl Pts',(-2.03859084610657,-49.9919647908715,13.0922886859513));
#3941=CARTESIAN_POINT('Ctrl Pts',(-2.41147148046059,-49.8358041616027,12.9654972585702));
#3942=CARTESIAN_POINT('Ctrl Pts',(-2.66579049596037,-49.4702965377776,12.757774877369));
#3943=CARTESIAN_POINT('Ctrl Pts',(-2.69778081161994,-49.1522004385769,12.6571295661115));
#3944=CARTESIAN_POINT('Ctrl Pts',(-2.70113524267048,-49.0391312662743,12.647077602725));
#3945=CARTESIAN_POINT('Ctrl Pts',(-2.70113524267048,-49.,12.647077602725));
#3946=CARTESIAN_POINT('Ctrl Pts',(-1.66560340233729,-50.,12.8928571428571));
#3947=CARTESIAN_POINT('Ctrl Pts',(-1.77176249541789,-50.,12.9134802913109));
#3948=CARTESIAN_POINT('Ctrl Pts',(-1.96642637164294,-49.9809931734239,12.9037881631065));
#3949=CARTESIAN_POINT('Ctrl Pts',(-2.28931336734597,-49.8384043240558,12.7687133485668));
#3950=CARTESIAN_POINT('Ctrl Pts',(-2.49154417142584,-49.5200040610826,12.5294379114078));
#3951=CARTESIAN_POINT('Ctrl Pts',(-2.50552181108363,-49.2188048876251,12.3773526394598));
#3952=CARTESIAN_POINT('Ctrl Pts',(-2.50549396327351,-49.0572313762938,12.35));
#3953=CARTESIAN_POINT('Ctrl Pts',(-2.50549396327351,-49.,12.35));
#3954=CARTESIAN_POINT('',(-2.50549396327351,-49.,12.35));
#3955=CARTESIAN_POINT('',(-1.66560340233729,-50.,12.8928571428571));
#3956=CARTESIAN_POINT('Ctrl Pts',(-1.66560340233729,-50.,12.8928571428571));
#3957=CARTESIAN_POINT('Ctrl Pts',(-1.77176249541789,-50.,12.9134802913109));
#3958=CARTESIAN_POINT('Ctrl Pts',(-1.96642637164294,-49.9809931734239,12.9037881631065));
#3959=CARTESIAN_POINT('Ctrl Pts',(-2.28931336734597,-49.8384043240558,12.7687133485668));
#3960=CARTESIAN_POINT('Ctrl Pts',(-2.49154417142584,-49.5200040610826,12.5294379114078));
#3961=CARTESIAN_POINT('Ctrl Pts',(-2.50552181108363,-49.2188048876251,12.3773526394598));
#3962=CARTESIAN_POINT('Ctrl Pts',(-2.50549396327351,-49.0572313762938,12.35));
#3963=CARTESIAN_POINT('Ctrl Pts',(-2.50549396327351,-49.,12.35));
#3964=CARTESIAN_POINT('Origin',(-4.17582327212252,-49.,11.25));
#3965=CARTESIAN_POINT('Origin',(-1.66560340233729,-51.,12.8928571428571));
#3966=CARTESIAN_POINT('Origin',(-4.17582327212252,0.,11.25));
#3967=CARTESIAN_POINT('',(-2.50549396327351,-10.,12.35));
#3968=CARTESIAN_POINT('Origin',(-4.17582327212252,-10.,11.25));
#3969=CARTESIAN_POINT('',(-2.50549396327351,0.,12.35));
#3970=CARTESIAN_POINT('Ctrl Pts',(-2.50549396327351,-10.,12.35));
#3971=CARTESIAN_POINT('Ctrl Pts',(-2.50549396327351,-9.16009212861705,12.35));
#3972=CARTESIAN_POINT('Ctrl Pts',(-2.42190004931979,-7.48292878570603,12.2129026958239));
#3973=CARTESIAN_POINT('Ctrl Pts',(-2.02175483179977,-5.60209758593372,11.7386586643669));
#3974=CARTESIAN_POINT('Ctrl Pts',(-1.39498855659585,-4.45998147840593,11.3188424005615));
#3975=CARTESIAN_POINT('Ctrl Pts',(-0.754749462716934,-3.88831585100431,
11.0663255106787));
#3976=CARTESIAN_POINT('Ctrl Pts',(-0.00197666110143362,-3.68889756730166,
10.9666446838984));
#3977=CARTESIAN_POINT('Ctrl Pts',(1.01219045164835,-3.95348363552078,11.0992985243559));
#3978=CARTESIAN_POINT('Ctrl Pts',(1.95042040991857,-5.22550423055656,11.6465149187626));
#3979=CARTESIAN_POINT('Ctrl Pts',(2.41797560507186,-7.48231556808948,12.2109588550935));
#3980=CARTESIAN_POINT('Ctrl Pts',(2.50549396327351,-9.16009212861706,12.35));
#3981=CARTESIAN_POINT('Ctrl Pts',(2.50549396327351,-10.,12.35));
#3982=CARTESIAN_POINT('Ctrl Pts',(-2.78706322416456,-10.,12.7775576263066));
#3983=CARTESIAN_POINT('Ctrl Pts',(-2.78706322416456,-9.10480148637867,12.7775576263066));
#3984=CARTESIAN_POINT('Ctrl Pts',(-2.70844115389635,-7.31796084989623,12.5932183248451));
#3985=CARTESIAN_POINT('Ctrl Pts',(-2.29023119915305,-5.34064664956992,11.962015498316));
#3986=CARTESIAN_POINT('Ctrl Pts',(-1.58995171102021,-4.14857120924486,11.4115364899814));
#3987=CARTESIAN_POINT('Ctrl Pts',(-0.861795964301908,-3.55288473990725,
11.084474958763));
#3988=CARTESIAN_POINT('Ctrl Pts',(-0.00237320987166371,-3.34477833782687,
10.9571490672166));
#3989=CARTESIAN_POINT('Ctrl Pts',(1.15597630199544,-3.62103983576738,11.1265113106459));
#3990=CARTESIAN_POINT('Ctrl Pts',(2.21781501987093,-4.94490474240149,11.8382630434334));
#3991=CARTESIAN_POINT('Ctrl Pts',(2.70354252258951,-7.31734751408493,12.5909372984351));
#3992=CARTESIAN_POINT('Ctrl Pts',(2.78706322416456,-9.10480148637866,12.7775576263066));
#3993=CARTESIAN_POINT('Ctrl Pts',(2.78706322416456,-10.,12.7775576263066));
#3994=CARTESIAN_POINT('Ctrl Pts',(-3.57892108751463,-10.,13.3227147589248));
#3995=CARTESIAN_POINT('Ctrl Pts',(-3.57892108751463,-9.00900345009258,13.3227147589248));
#3996=CARTESIAN_POINT('Ctrl Pts',(-3.47289129882887,-7.03127019527411,13.0534859855828));
#3997=CARTESIAN_POINT('Ctrl Pts',(-2.91829027443415,-4.88458805223537,12.1639918050698));
#3998=CARTESIAN_POINT('Ctrl Pts',(-2.01493111254029,-3.60445774555333,11.4060354638721));
#3999=CARTESIAN_POINT('Ctrl Pts',(-1.08803536130547,-2.96648697146529,10.9591595643652));
#4000=CARTESIAN_POINT('Ctrl Pts',(-0.0029036454896261,-2.74314296872754,
10.7859306254371));
#4001=CARTESIAN_POINT('Ctrl Pts',(1.45937384899297,-3.0398835696684,11.016239996321));
#4002=CARTESIAN_POINT('Ctrl Pts',(2.82055306254747,-4.45528165954706,11.9896768163353));
#4003=CARTESIAN_POINT('Ctrl Pts',(3.46676812728457,-7.03055964387272,13.0508005557779));
#4004=CARTESIAN_POINT('Ctrl Pts',(3.57892108751463,-9.00900345009257,13.3227147589248));
#4005=CARTESIAN_POINT('Ctrl Pts',(3.57892108751463,-10.,13.3227147589248));
#4006=CARTESIAN_POINT('Ctrl Pts',(-4.5118331146326,-10.,13.2586117582208));
#4007=CARTESIAN_POINT('Ctrl Pts',(-4.5118331146326,-8.9593336308476,13.2586117582208));
#4008=CARTESIAN_POINT('Ctrl Pts',(-4.35736516898708,-6.88190450471209,12.9681158699446));
#4009=CARTESIAN_POINT('Ctrl Pts',(-3.61709163743486,-4.58649721105907,11.9791705992695));
#4010=CARTESIAN_POINT('Ctrl Pts',(-2.47829116196284,-3.20483686107639,11.1103132487332));
#4011=CARTESIAN_POINT('Ctrl Pts',(-1.33257580143163,-2.51480057178349,10.5874509892507));
#4012=CARTESIAN_POINT('Ctrl Pts',(-0.0033229131931537,-2.27371183357719,
10.3803125066886));
#4013=CARTESIAN_POINT('Ctrl Pts',(1.78666747499647,-2.59378742118195,10.6561561595149));
#4014=CARTESIAN_POINT('Ctrl Pts',(3.48402953054755,-4.12710486675835,11.7870550728363));
#4015=CARTESIAN_POINT('Ctrl Pts',(4.35040641813064,-6.88119466954328,12.9640871460623));
#4016=CARTESIAN_POINT('Ctrl Pts',(4.5118331146326,-8.95933363084757,13.2586117582208));
#4017=CARTESIAN_POINT('Ctrl Pts',(4.5118331146326,-10.,13.2586117582208));
#4018=CARTESIAN_POINT('Ctrl Pts',(-4.87179381747627,-10.,13.125));
#4019=CARTESIAN_POINT('Ctrl Pts',(-4.87179381747627,-8.95011516077138,13.125));
#4020=CARTESIAN_POINT('Ctrl Pts',(-4.70189023116974,-6.85366098213254,12.8380467407464));
#4021=CARTESIAN_POINT('Ctrl Pts',(-3.89685773262067,-4.50262198241711,11.8391370388883));
#4022=CARTESIAN_POINT('Ctrl Pts',(-2.66700929999228,-3.07497684800743,10.9421925412002));
#4023=CARTESIAN_POINT('Ctrl Pts',(-1.43303459814509,-2.36039481375539,10.3955807810055));
#4024=CARTESIAN_POINT('Ctrl Pts',(-0.00352939436535185,-2.11112195912708,
10.1765097519294));
#4025=CARTESIAN_POINT('Ctrl Pts',(1.92118414619615,-2.44185454440097,10.4684264579354));
#4026=CARTESIAN_POINT('Ctrl Pts',(3.75193839532395,-4.03188028819572,11.6464219202416));
#4027=CARTESIAN_POINT('Ctrl Pts',(4.69449619350746,-6.85289446011184,12.8333162900688));
#4028=CARTESIAN_POINT('Ctrl Pts',(4.87179381747627,-8.95011516077135,13.125));
#4029=CARTESIAN_POINT('Ctrl Pts',(4.87179381747627,-10.,13.125));
#4030=CARTESIAN_POINT('',(2.50549396327351,-10.,12.35));
#4031=CARTESIAN_POINT('Origin',(4.17582327212252,-10.,11.25));
#4032=CARTESIAN_POINT('Ctrl Pts',(4.87179381747627,-10.,13.125));
#4033=CARTESIAN_POINT('Ctrl Pts',(4.87179381747627,-8.95011516077135,13.125));
#4034=CARTESIAN_POINT('Ctrl Pts',(4.69449619350746,-6.85289446011184,12.8333162900688));
#4035=CARTESIAN_POINT('Ctrl Pts',(3.75193839532395,-4.03188028819572,11.6464219202416));
#4036=CARTESIAN_POINT('Ctrl Pts',(1.92118414619615,-2.44185454440097,10.4684264579354));
#4037=CARTESIAN_POINT('Ctrl Pts',(-0.00352939436535185,-2.11112195912708,
10.1765097519294));
#4038=CARTESIAN_POINT('Ctrl Pts',(-1.43303459814509,-2.36039481375539,10.3955807810055));
#4039=CARTESIAN_POINT('Ctrl Pts',(-2.66700929999228,-3.07497684800743,10.9421925412002));
#4040=CARTESIAN_POINT('Ctrl Pts',(-3.89685773262067,-4.50262198241711,11.8391370388883));
#4041=CARTESIAN_POINT('Ctrl Pts',(-4.70189023116974,-6.85366098213254,12.8380467407464));
#4042=CARTESIAN_POINT('Ctrl Pts',(-4.87179381747627,-8.95011516077138,13.125));
#4043=CARTESIAN_POINT('Ctrl Pts',(-4.87179381747627,-10.,13.125));
#4044=CARTESIAN_POINT('Ctrl Pts',(-2.50549396327351,-10.,12.35));
#4045=CARTESIAN_POINT('Ctrl Pts',(-2.50549396327351,-9.16009212861705,12.35));
#4046=CARTESIAN_POINT('Ctrl Pts',(-2.42190004931979,-7.48292878570603,12.2129026958239));
#4047=CARTESIAN_POINT('Ctrl Pts',(-2.02175483179977,-5.60209758593372,11.7386586643669));
#4048=CARTESIAN_POINT('Ctrl Pts',(-1.39498855659585,-4.45998147840593,11.3188424005615));
#4049=CARTESIAN_POINT('Ctrl Pts',(-0.754749462716934,-3.88831585100431,
11.0663255106787));
#4050=CARTESIAN_POINT('Ctrl Pts',(-0.00197666110143362,-3.68889756730166,
10.9666446838984));
#4051=CARTESIAN_POINT('Ctrl Pts',(1.01219045164835,-3.95348363552078,11.0992985243559));
#4052=CARTESIAN_POINT('Ctrl Pts',(1.95042040991857,-5.22550423055656,11.6465149187626));
#4053=CARTESIAN_POINT('Ctrl Pts',(2.41797560507186,-7.48231556808948,12.2109588550935));
#4054=CARTESIAN_POINT('Ctrl Pts',(2.50549396327351,-9.16009212861706,12.35));
#4055=CARTESIAN_POINT('Ctrl Pts',(2.50549396327351,-10.,12.35));
#4056=CARTESIAN_POINT('Origin',(4.17582327212251,0.,11.25));
#4057=CARTESIAN_POINT('',(2.50549396327351,0.,12.35));
#4058=CARTESIAN_POINT('Origin',(0.,-51.,0.));
#4059=CARTESIAN_POINT('Origin',(0.,-50.,0.));
#4060=CARTESIAN_POINT('Origin',(-2.57175827820944E-15,-49.,14.));
#4061=CARTESIAN_POINT('Origin',(-2.57175827820944E-15,-49.,14.));
#4062=CARTESIAN_POINT('Origin',(-2.57175827820944E-15,-50.,14.));
#4063=CARTESIAN_POINT('Origin',(-2.57175827820944E-15,0.,14.));
#4064=CARTESIAN_POINT('Origin',(-2.57175827820944E-15,-50.,14.));
#4065=CARTESIAN_POINT('Ctrl Pts',(0.,-10.,-14.));
#4066=CARTESIAN_POINT('Ctrl Pts',(-14.,-10.,-14.));
#4067=CARTESIAN_POINT('Ctrl Pts',(-14.,-10.,0.));
#4068=CARTESIAN_POINT('Ctrl Pts',(-14.,-10.,14.));
#4069=CARTESIAN_POINT('Ctrl Pts',(0.,-10.,14.));
#4070=CARTESIAN_POINT('Ctrl Pts',(14.,-10.,14.));
#4071=CARTESIAN_POINT('Ctrl Pts',(14.,-10.,0.));
#4072=CARTESIAN_POINT('Ctrl Pts',(14.,-10.,-14.));
#4073=CARTESIAN_POINT('Ctrl Pts',(0.,-10.,-14.));
#4074=CARTESIAN_POINT('Ctrl Pts',(0.,3.06161699786838E-16,-14.));
#4075=CARTESIAN_POINT('Ctrl Pts',(-14.,3.06161699786838E-16,-14.));
#4076=CARTESIAN_POINT('Ctrl Pts',(-14.,0.,0.));
#4077=CARTESIAN_POINT('Ctrl Pts',(-14.,-3.06161699786838E-16,14.));
#4078=CARTESIAN_POINT('Ctrl Pts',(0.,-3.06161699786838E-16,14.));
#4079=CARTESIAN_POINT('Ctrl Pts',(14.,-3.06161699786838E-16,14.));
#4080=CARTESIAN_POINT('Ctrl Pts',(14.,0.,0.));
#4081=CARTESIAN_POINT('Ctrl Pts',(14.,3.06161699786838E-16,-14.));
#4082=CARTESIAN_POINT('Ctrl Pts',(0.,3.06161699786838E-16,-14.));
#4083=CARTESIAN_POINT('Ctrl Pts',(0.,0.,-4.));
#4084=CARTESIAN_POINT('Ctrl Pts',(-4.,0.,-4.));
#4085=CARTESIAN_POINT('Ctrl Pts',(-4.,0.,0.));
#4086=CARTESIAN_POINT('Ctrl Pts',(-4.,0.,4.));
#4087=CARTESIAN_POINT('Ctrl Pts',(0.,0.,4.));
#4088=CARTESIAN_POINT('Ctrl Pts',(4.,0.,4.));
#4089=CARTESIAN_POINT('Ctrl Pts',(4.,0.,0.));
#4090=CARTESIAN_POINT('Ctrl Pts',(4.,0.,-4.));
#4091=CARTESIAN_POINT('Ctrl Pts',(0.,0.,-4.));
#4092=CARTESIAN_POINT('',(-4.89858719658941E-16,0.,-4.));
#4093=CARTESIAN_POINT('Origin',(0.,0.,0.));
#4094=CARTESIAN_POINT('Ctrl Pts',(0.,0.,-4.));
#4095=CARTESIAN_POINT('Ctrl Pts',(0.,1.0746287918793E-16,-7.51000400320321));
#4096=CARTESIAN_POINT('Ctrl Pts',(0.,-2.19375250200201,-10.25));
#4097=CARTESIAN_POINT('Origin',(0.,0.,0.));
#4098=CARTESIAN_POINT('Origin',(0.,-73.5,0.));
#4099=CARTESIAN_POINT('',(-1.53080849893419E-15,-75.,12.5));
#4100=CARTESIAN_POINT('Origin',(0.,-75.,0.));
#4101=CARTESIAN_POINT('',(-1.71450551880629E-15,-73.5,14.));
#4102=CARTESIAN_POINT('Origin',(-1.53080849893419E-15,-73.5,12.5));
#4103=CARTESIAN_POINT('',(-14.,-73.5,-1.71450551880629E-15));
#4104=CARTESIAN_POINT('Origin',(0.,-73.5,0.));
#4105=CARTESIAN_POINT('Origin',(0.,-73.5,0.));
#4106=CARTESIAN_POINT('Origin',(0.,0.,0.));
#4107=CARTESIAN_POINT('',(-14.,-72.7240568128744,-1.71450551880629E-15));
#4108=CARTESIAN_POINT('',(-14.,0.,-1.71450551880629E-15));
#4109=CARTESIAN_POINT('',(4.28626379701574E-15,-72.7240568128744,14.));
#4110=CARTESIAN_POINT('Origin',(0.,-72.7240568128744,0.));
#4111=CARTESIAN_POINT('Origin',(0.,-72.7240568128744,0.));
#4112=CARTESIAN_POINT('Origin',(0.,-75.,0.));
#4113=CARTESIAN_POINT('',(-3.5,-75.,-4.28626379701574E-16));
#4114=CARTESIAN_POINT('Origin',(0.,-75.,0.));
#4115=CARTESIAN_POINT('Origin',(0.,-53.2759431871256,0.));
#4116=CARTESIAN_POINT('',(-1.6044411769097E-15,-56.1359598967946,-13.1012564441174));
#4117=CARTESIAN_POINT('Origin',(-1.10218211923262E-15,-53.2759431871256,
-9.));
#4118=CARTESIAN_POINT('Origin',(0.,-56.1359598967946,0.));
#4119=CARTESIAN_POINT('Origin',(0.,-72.7240568128744,0.));
#4120=CARTESIAN_POINT('',(8.0222058845485E-16,-69.8640401032054,13.1012564441174));
#4121=CARTESIAN_POINT('Origin',(-1.10218211923262E-15,-72.7240568128744,
9.));
#4122=CARTESIAN_POINT('',(-1.6044411769097E-15,-69.8640401032054,-13.1012564441174));
#4123=CARTESIAN_POINT('Origin',(0.,-69.8640401032054,0.));
#4124=CARTESIAN_POINT('Origin',(0.,-69.8640401032054,0.));
#4125=CARTESIAN_POINT('Origin',(0.,-75.,0.));
#4126=CARTESIAN_POINT('',(-3.5,-25.,-4.28626379701574E-16));
#4127=CARTESIAN_POINT('',(-3.5,-75.,4.28626379701574E-16));
#4128=CARTESIAN_POINT('Origin',(0.,-25.,0.));
#4129=CARTESIAN_POINT('Origin',(0.,-25.,0.));
#4130=CARTESIAN_POINT('Origin',(0.,-63.,0.));
#4131=CARTESIAN_POINT('Origin',(-2.8098629153347E-15,-63.,-22.9442719099992));
#4132=CARTESIAN_POINT('',(0.,0.,0.));
#4133=CARTESIAN_POINT('Origin',(0.,-25.,0.));
#4134=CARTESIAN_POINT('',(-3.5,-175.,-4.28626379701574E-16));
#4135=CARTESIAN_POINT('Origin',(0.,-175.,0.));
#4136=CARTESIAN_POINT('',(-3.5,-25.,-4.28626379701574E-16));
#4137=CARTESIAN_POINT('',(-3.5,-25.,-4.28626379701574E-16));
#4138=CARTESIAN_POINT('Origin',(0.,-25.,0.));
#4139=CARTESIAN_POINT('Origin',(0.,-175.,0.));
#4140=CARTESIAN_POINT('Origin',(0.,-25.,0.));
#4141=CARTESIAN_POINT('',(0.,0.,0.));
#4142=CARTESIAN_POINT('Origin',(0.,-185.332183771345,-16.4965513140239));
#4143=CARTESIAN_POINT('',(3.46410161513776,-185.,-0.5));
#4144=CARTESIAN_POINT('',(0.,-176.,-3.5));
#4145=CARTESIAN_POINT('Ctrl Pts',(3.46410161513776,-185.,-0.500000000000001));
#4146=CARTESIAN_POINT('Ctrl Pts',(3.46151553283116,-184.137198455813,-0.51791690379033));
#4147=CARTESIAN_POINT('Ctrl Pts',(3.45093152002858,-183.215439197027,-0.610554598317854));
#4148=CARTESIAN_POINT('Ctrl Pts',(3.36598026525708,-181.292490968804,-0.980120288773281));
#4149=CARTESIAN_POINT('Ctrl Pts',(3.28071610979445,-180.296667404091,-1.28063625733454));
#4150=CARTESIAN_POINT('Ctrl Pts',(3.02918272784455,-179.090901479333,-1.7596810867704));
#4151=CARTESIAN_POINT('Ctrl Pts',(2.93609260346822,-178.732472504607,-1.91613037929446));
#4152=CARTESIAN_POINT('Ctrl Pts',(2.69179024894177,-178.046650655487,-2.24643308563373));
#4153=CARTESIAN_POINT('Ctrl Pts',(2.53950325353842,-177.719481539565,-2.41995517314595));
#4154=CARTESIAN_POINT('Ctrl Pts',(2.19852563455892,-177.167797825053,-2.73282434315468));
#4155=CARTESIAN_POINT('Ctrl Pts',(1.95698813991712,-176.869377408715,-2.91547225289056));
#4156=CARTESIAN_POINT('Ctrl Pts',(1.49477540685047,-176.468211050891,-3.17440142297029));
#4157=CARTESIAN_POINT('Ctrl Pts',(1.22742141157253,-176.295475066991,-3.29207100654622));
#4158=CARTESIAN_POINT('Ctrl Pts',(0.635412689982668,-176.061172969073,-3.45550997556272));
#4159=CARTESIAN_POINT('Ctrl Pts',(0.310250032303376,-176.000000000004,-3.5));
#4160=CARTESIAN_POINT('Ctrl Pts',(9.71445146547012E-16,-176.000000000004,
-3.5));
#4161=CARTESIAN_POINT('',(-3.46410161513775,-185.,-0.499999999999999));
#4162=CARTESIAN_POINT('',(0.,-185.,-0.499999999999998));
#4163=CARTESIAN_POINT('Ctrl Pts',(-6.93889390390723E-16,-176.000000000004,
-3.5));
#4164=CARTESIAN_POINT('Ctrl Pts',(-0.310250032303375,-176.000000000004,
-3.5));
#4165=CARTESIAN_POINT('Ctrl Pts',(-0.635412689982668,-176.061172969073,
-3.45550997556272));
#4166=CARTESIAN_POINT('Ctrl Pts',(-1.22742141157253,-176.295475066991,-3.29207100654622));
#4167=CARTESIAN_POINT('Ctrl Pts',(-1.49477540685047,-176.468211050891,-3.17440142297029));
#4168=CARTESIAN_POINT('Ctrl Pts',(-1.95698813991712,-176.869377408715,-2.91547225289056));
#4169=CARTESIAN_POINT('Ctrl Pts',(-2.19852563455892,-177.167797825053,-2.73282434315468));
#4170=CARTESIAN_POINT('Ctrl Pts',(-2.53950325353842,-177.719481539565,-2.41995517314595));
#4171=CARTESIAN_POINT('Ctrl Pts',(-2.69179024894177,-178.046650655487,-2.24643308563373));
#4172=CARTESIAN_POINT('Ctrl Pts',(-2.93609260346822,-178.732472504607,-1.91613037929446));
#4173=CARTESIAN_POINT('Ctrl Pts',(-3.02918272784455,-179.090901479333,-1.7596810867704));
#4174=CARTESIAN_POINT('Ctrl Pts',(-3.28071610979445,-180.296667404091,-1.28063625733454));
#4175=CARTESIAN_POINT('Ctrl Pts',(-3.36598026525708,-181.292490968804,-0.980120288773281));
#4176=CARTESIAN_POINT('Ctrl Pts',(-3.45093152002858,-183.215439197027,-0.610554598317859));
#4177=CARTESIAN_POINT('Ctrl Pts',(-3.46151553283116,-184.137198455813,-0.517916903790332));
#4178=CARTESIAN_POINT('Ctrl Pts',(-3.46410161513775,-185.,-0.500000000000003));
#4179=CARTESIAN_POINT('Origin',(0.,-175.,0.));
#4180=CARTESIAN_POINT('',(-3.5,-185.,-4.28626379701574E-16));
#4181=CARTESIAN_POINT('Origin',(0.,-185.,0.));
#4182=CARTESIAN_POINT('',(-3.5,-175.,-4.28626379701574E-16));
#4183=CARTESIAN_POINT('',(-3.5,-175.,-4.28626379701574E-16));
#4184=CARTESIAN_POINT('Origin',(0.,-175.,0.));
#4185=CARTESIAN_POINT('',(-3.46410161513776,-185.,0.5));
#4186=CARTESIAN_POINT('Origin',(0.,-185.,0.));
#4187=CARTESIAN_POINT('',(0.,-176.,3.5));
#4188=CARTESIAN_POINT('Ctrl Pts',(-3.46410161513776,-185.,0.500000000000001));
#4189=CARTESIAN_POINT('Ctrl Pts',(-3.46151553283116,-184.137198455813,0.51791690379033));
#4190=CARTESIAN_POINT('Ctrl Pts',(-3.45093152002858,-183.215439197027,0.610554598317854));
#4191=CARTESIAN_POINT('Ctrl Pts',(-3.36598026525708,-181.292490968804,0.980120288773281));
#4192=CARTESIAN_POINT('Ctrl Pts',(-3.28071610979445,-180.296667404091,1.28063625733454));
#4193=CARTESIAN_POINT('Ctrl Pts',(-3.02918272784455,-179.090901479333,1.7596810867704));
#4194=CARTESIAN_POINT('Ctrl Pts',(-2.93609260346822,-178.732472504607,1.91613037929446));
#4195=CARTESIAN_POINT('Ctrl Pts',(-2.69179024894175,-178.046650655487,2.24643308563375));
#4196=CARTESIAN_POINT('Ctrl Pts',(-2.53950325353842,-177.719481539565,2.41995517314595));
#4197=CARTESIAN_POINT('Ctrl Pts',(-2.19852563455892,-177.167797825053,2.73282434315468));
#4198=CARTESIAN_POINT('Ctrl Pts',(-1.95698813991712,-176.869377408715,2.91547225289056));
#4199=CARTESIAN_POINT('Ctrl Pts',(-1.49477540685047,-176.468211050891,3.17440142297029));
#4200=CARTESIAN_POINT('Ctrl Pts',(-1.22742141157255,-176.295475066991,3.29207100654622));
#4201=CARTESIAN_POINT('Ctrl Pts',(-0.635412689982695,-176.061172969073,
3.45550997556271));
#4202=CARTESIAN_POINT('Ctrl Pts',(-0.310250032303374,-176.000000000004,
3.5));
#4203=CARTESIAN_POINT('Ctrl Pts',(1.04083408558608E-16,-176.000000000004,
3.5));
#4204=CARTESIAN_POINT('',(3.46410161513776,-185.,0.5));
#4205=CARTESIAN_POINT('Ctrl Pts',(-1.45716771982052E-15,-176.000000000004,
3.5));
#4206=CARTESIAN_POINT('Ctrl Pts',(0.310250032303374,-176.000000000004,3.5));
#4207=CARTESIAN_POINT('Ctrl Pts',(0.63541268998267,-176.061172969073,3.45550997556272));
#4208=CARTESIAN_POINT('Ctrl Pts',(1.22742141157253,-176.295475066991,3.29207100654622));
#4209=CARTESIAN_POINT('Ctrl Pts',(1.49477540685047,-176.468211050891,3.17440142297029));
#4210=CARTESIAN_POINT('Ctrl Pts',(1.95698813991712,-176.869377408715,2.91547225289056));
#4211=CARTESIAN_POINT('Ctrl Pts',(2.19852563455892,-177.167797825053,2.73282434315468));
#4212=CARTESIAN_POINT('Ctrl Pts',(2.53950325353842,-177.719481539565,2.41995517314595));
#4213=CARTESIAN_POINT('Ctrl Pts',(2.69179024894177,-178.046650655487,2.24643308563373));
#4214=CARTESIAN_POINT('Ctrl Pts',(2.93609260346822,-178.732472504607,1.91613037929446));
#4215=CARTESIAN_POINT('Ctrl Pts',(3.02918272784455,-179.090901479333,1.7596810867704));
#4216=CARTESIAN_POINT('Ctrl Pts',(3.28071610979445,-180.296667404091,1.28063625733454));
#4217=CARTESIAN_POINT('Ctrl Pts',(3.36598026525708,-181.292490968804,0.980120288773281));
#4218=CARTESIAN_POINT('Ctrl Pts',(3.45093152002858,-183.215439197027,0.610554598317854));
#4219=CARTESIAN_POINT('Ctrl Pts',(3.46151553283116,-184.137198455813,0.517916903790331));
#4220=CARTESIAN_POINT('Ctrl Pts',(3.46410161513775,-185.,0.500000000000003));
#4221=CARTESIAN_POINT('Origin',(0.,-185.,0.));
#4222=CARTESIAN_POINT('Origin',(0.,-185.332183771345,16.4965513140239));
#4223=CARTESIAN_POINT('',(0.,-185.,0.499999999999998));
#4224=CARTESIAN_POINT('Origin',(0.,-185.,0.));
#4225=CARTESIAN_POINT('Origin',(0.,-175.,0.));
#4226=CARTESIAN_POINT('',(0.,0.,0.));
#4227=CARTESIAN_POINT('',(0.,0.,0.));
#4228=CARTESIAN_POINT('',(0.,0.,0.));
#4229=CARTESIAN_POINT('Origin',(0.,0.,0.));
#4230=UNCERTAINTY_MEASURE_WITH_UNIT(LENGTH_MEASURE(0.01),#4240,
'DISTANCE_ACCURACY_VALUE',
'Maximum model space distance between geometric entities at asserted c
onnectivities');
#4231=UNCERTAINTY_MEASURE_WITH_UNIT(LENGTH_MEASURE(0.01),#4240,
'DISTANCE_ACCURACY_VALUE',
'Maximum model space distance between geometric entities at asserted c
onnectivities');
#4232=UNCERTAINTY_MEASURE_WITH_UNIT(LENGTH_MEASURE(0.01),#4240,
'DISTANCE_ACCURACY_VALUE',
'Maximum model space distance between geometric entities at asserted c
onnectivities');
#4233=UNCERTAINTY_MEASURE_WITH_UNIT(LENGTH_MEASURE(0.01),#4240,
'DISTANCE_ACCURACY_VALUE',
'Maximum model space distance between geometric entities at asserted c
onnectivities');
#4234=UNCERTAINTY_MEASURE_WITH_UNIT(LENGTH_MEASURE(0.01),#4240,
'DISTANCE_ACCURACY_VALUE',
'Maximum model space distance between geometric entities at asserted c
onnectivities');
#4235=(
GEOMETRIC_REPRESENTATION_CONTEXT(3)
GLOBAL_UNCERTAINTY_ASSIGNED_CONTEXT((#4230))
GLOBAL_UNIT_ASSIGNED_CONTEXT((#4240,#4242,#4243))
REPRESENTATION_CONTEXT('','3D')
);
#4236=(
GEOMETRIC_REPRESENTATION_CONTEXT(3)
GLOBAL_UNCERTAINTY_ASSIGNED_CONTEXT((#4231))
GLOBAL_UNIT_ASSIGNED_CONTEXT((#4240,#4242,#4243))
REPRESENTATION_CONTEXT('','3D')
);
#4237=(
GEOMETRIC_REPRESENTATION_CONTEXT(3)
GLOBAL_UNCERTAINTY_ASSIGNED_CONTEXT((#4232))
GLOBAL_UNIT_ASSIGNED_CONTEXT((#4240,#4242,#4243))
REPRESENTATION_CONTEXT('','3D')
);
#4238=(
GEOMETRIC_REPRESENTATION_CONTEXT(3)
GLOBAL_UNCERTAINTY_ASSIGNED_CONTEXT((#4233))
GLOBAL_UNIT_ASSIGNED_CONTEXT((#4240,#4242,#4243))
REPRESENTATION_CONTEXT('','3D')
);
#4239=(
GEOMETRIC_REPRESENTATION_CONTEXT(3)
GLOBAL_UNCERTAINTY_ASSIGNED_CONTEXT((#4234))
GLOBAL_UNIT_ASSIGNED_CONTEXT((#4240,#4242,#4243))
REPRESENTATION_CONTEXT('','3D')
);
#4240=(
LENGTH_UNIT()
NAMED_UNIT(*)
SI_UNIT(.MILLI.,.METRE.)
);
#4241=(
LENGTH_UNIT()
NAMED_UNIT(*)
SI_UNIT($,.METRE.)
);
#4242=(
NAMED_UNIT(*)
PLANE_ANGLE_UNIT()
SI_UNIT($,.RADIAN.)
);
#4243=(
NAMED_UNIT(*)
SI_UNIT($,.STERADIAN.)
SOLID_ANGLE_UNIT()
);
#4244=SHAPE_DEFINITION_REPRESENTATION(#4248,#4255);
#4245=SHAPE_DEFINITION_REPRESENTATION(#4249,#4256);
#4246=SHAPE_DEFINITION_REPRESENTATION(#4250,#4257);
#4247=SHAPE_DEFINITION_REPRESENTATION(#4251,#4258);
#4248=PRODUCT_DEFINITION_SHAPE('',$,#4260);
#4249=PRODUCT_DEFINITION_SHAPE('',$,#4261);
#4250=PRODUCT_DEFINITION_SHAPE('',$,#4262);
#4251=PRODUCT_DEFINITION_SHAPE('',$,#4263);
#4252=PRODUCT_DEFINITION_SHAPE($,$,#23);
#4253=PRODUCT_DEFINITION_SHAPE($,$,#24);
#4254=PRODUCT_DEFINITION_SHAPE($,$,#25);
#4255=SHAPE_REPRESENTATION('',(#1422,#1604,#1605,#1606),#4235);
#4256=SHAPE_REPRESENTATION('',(#1423),#4236);
#4257=SHAPE_REPRESENTATION('',(#1588),#4237);
#4258=SHAPE_REPRESENTATION('',(#1594),#4238);
#4259=PRODUCT_DEFINITION_CONTEXT('part definition',#4273,'design');
#4260=PRODUCT_DEFINITION('Day 14 - Flathead Screwdriver',
'Day 14 - Flathead Screwdriver v3',#4264,#4259);
#4261=PRODUCT_DEFINITION('Handle','Handle',#4265,#4259);
#4262=PRODUCT_DEFINITION('Shank','Shank',#4266,#4259);
#4263=PRODUCT_DEFINITION('Tip','Tip',#4267,#4259);
#4264=PRODUCT_DEFINITION_FORMATION('',$,#4275);
#4265=PRODUCT_DEFINITION_FORMATION('',$,#4276);
#4266=PRODUCT_DEFINITION_FORMATION('',$,#4277);
#4267=PRODUCT_DEFINITION_FORMATION('',$,#4278);
#4268=PRODUCT_RELATED_PRODUCT_CATEGORY(
'Day 14 - Flathead Screwdriver v3','Day 14 - Flathead Screwdriver v3',(#4275));
#4269=PRODUCT_RELATED_PRODUCT_CATEGORY('Handle','Handle',(#4276));
#4270=PRODUCT_RELATED_PRODUCT_CATEGORY('Shank','Shank',(#4277));
#4271=PRODUCT_RELATED_PRODUCT_CATEGORY('Tip','Tip',(#4278));
#4272=APPLICATION_PROTOCOL_DEFINITION('international standard',
'automotive_design',2009,#4273);
#4273=APPLICATION_CONTEXT(
'Core Data for Automotive Mechanical Design Process');
#4274=PRODUCT_CONTEXT('part definition',#4273,'mechanical');
#4275=PRODUCT('Day 14 - Flathead Screwdriver',
'Day 14 - Flathead Screwdriver v3',$,(#4274));
#4276=PRODUCT('Handle','Handle',$,(#4274));
#4277=PRODUCT('Shank','Shank',$,(#4274));
#4278=PRODUCT('Tip','Tip',$,(#4274));
#4279=PRESENTATION_STYLE_ASSIGNMENT((#4283));
#4280=PRESENTATION_STYLE_ASSIGNMENT((#4284));
#4281=PRESENTATION_STYLE_ASSIGNMENT((#4285));
#4282=PRESENTATION_STYLE_ASSIGNMENT((NULL_STYLE(.NULL.)));
#4283=SURFACE_STYLE_USAGE(.BOTH.,#4286);
#4284=SURFACE_STYLE_USAGE(.BOTH.,#4287);
#4285=SURFACE_STYLE_USAGE(.BOTH.,#4288);
#4286=SURFACE_SIDE_STYLE('',(#4289));
#4287=SURFACE_SIDE_STYLE('',(#4290));
#4288=SURFACE_SIDE_STYLE('',(#4291));
#4289=SURFACE_STYLE_FILL_AREA(#4292);
#4290=SURFACE_STYLE_FILL_AREA(#4293);
#4291=SURFACE_STYLE_FILL_AREA(#4294);
#4292=FILL_AREA_STYLE('Steel - Satin',(#4295));
#4293=FILL_AREA_STYLE('Polycarbonate (Bronze)',(#4296));
#4294=FILL_AREA_STYLE('Steel - Satin',(#4297));
#4295=FILL_AREA_STYLE_COLOUR('Steel - Satin',#4298);
#4296=FILL_AREA_STYLE_COLOUR('Polycarbonate (Bronze)',#4299);
#4297=FILL_AREA_STYLE_COLOUR('Steel - Satin',#4300);
#4298=COLOUR_RGB('Steel - Satin',0.627450980392157,0.627450980392157,0.627450980392157);
#4299=COLOUR_RGB('Polycarbonate (Bronze)',0.627450980392157,0.486274509803922,
0.349019607843137);
#4300=COLOUR_RGB('Steel - Satin',0.627450980392157,0.627450980392157,0.627450980392157);
ENDSEC;
END-ISO-10303-21;
